-- phpMyAdmin SQL Dump
-- version 5.1.2
-- https://www.phpmyadmin.net/
--
-- 主機： localhost:3306
-- 產生時間： 2022-10-05 14:44:47
-- 伺服器版本： 5.7.24
-- PHP 版本： 8.0.1

SET SQL_MODE = "NO_AUTO_VALUE_ON_ZERO";
START TRANSACTION;
SET time_zone = "+00:00";


/*!40101 SET @OLD_CHARACTER_SET_CLIENT=@@CHARACTER_SET_CLIENT */;
/*!40101 SET @OLD_CHARACTER_SET_RESULTS=@@CHARACTER_SET_RESULTS */;
/*!40101 SET @OLD_COLLATION_CONNECTION=@@COLLATION_CONNECTION */;
/*!40101 SET NAMES utf8mb4 */;

--
-- 資料庫: `nsy`
--

-- --------------------------------------------------------

--
-- 資料表結構 `accounts`
--

CREATE TABLE `accounts` (
  `AccountId` int(11) NOT NULL,
  `Account` char(30) NOT NULL,
  `PassW` char(30) NOT NULL,
  `Mobile` char(30) NOT NULL,
  `CompanyName` char(60) NOT NULL,
  `TaxId` char(20) DEFAULT NULL,
  `Address` char(255) DEFAULT NULL,
  `EmailVerifyCode` char(30) NOT NULL,
  `Email` char(60) NOT NULL,
  `ContactPerson` char(60) DEFAULT NULL,
  `ContactPersonNum` char(30) DEFAULT NULL,
  `Fax` char(30) DEFAULT NULL,
  `BankAccount` char(30) DEFAULT NULL,
  `BankName` char(60) DEFAULT NULL,
  `BankSwiftCode` int(11) DEFAULT NULL,
  `LineAccount` char(60) DEFAULT NULL
) ENGINE=InnoDB DEFAULT CHARSET=utf8;

--
-- 傾印資料表的資料 `accounts`
--

INSERT INTO `accounts` (`AccountId`, `Account`, `PassW`, `Mobile`, `CompanyName`, `TaxId`, `Address`, `EmailVerifyCode`, `Email`, `ContactPerson`, `ContactPersonNum`, `Fax`, `BankAccount`, `BankName`, `BankSwiftCode`, `LineAccount`) VALUES
(1, 'duck123', 'duck1234', '0912345678', 'Duck的店', '99115599', 'xx.xxxx.xxxx', '4567', 'duck@gmail.com', '阿封', '0987654321', '0423265860', '12345678914524', '台新銀行', 812, 'duck100'),
(2, 'ericWang', 'eric1234', '0968145698', '千萬屋', '88314578', 'yy.yyy.yyyy', '9874', 'eric@gmail.com', '王先生', '0423365475', '0423365555', '98765432142579', '台新銀行', 812, 'eric100'),
(3, 'doudou', 'douGer123a', '0975426518', '隨贏', '99114562', 'zz.zzz.zzzz', '1235', 'doudou@gmail.com', '豆先生', '0422121555', '0422127517', '54789632146972', '台新銀行', 812, 'dou100'),
(4, 'duck12345', 'duck123456', '0912345678', 'Duck666666的店', '99115599', 'xx.xxxx.xxxx', '4567', 'duck@gmail.com', 'duck', '0987654321', '0423265860', '12345678914524', '台新銀行', 812, 'duck100'),
(5, 'duck321', 'duck4321', '0912345678', 'Duck77777的店', '99115599', 'abcdefg', '4567', 'duck@gmail.com', '鴨子', '0987654321', '0423265860', '12345678914524', '台新銀行', 812, 'duck100');

-- --------------------------------------------------------

--
-- 資料表結構 `autoorderconfirmfunctionstatus`
--

CREATE TABLE `autoorderconfirmfunctionstatus` (
  `StatusId` int(11) NOT NULL,
  `Status` char(255) NOT NULL
) ENGINE=InnoDB DEFAULT CHARSET=utf8;

--
-- 傾印資料表的資料 `autoorderconfirmfunctionstatus`
--

INSERT INTO `autoorderconfirmfunctionstatus` (`StatusId`, `Status`) VALUES
(1, '關閉'),
(2, '訂購數量小於【可出現貨】時自動接單'),
(3, '\"訂購數量小於【可出現貨】加上\r\n【已叫貨量】時自動接單\"'),
(4, '訂購數量小於【現貨保留數】時自動接單');

-- --------------------------------------------------------

--
-- 資料表結構 `companyfollowinglist`
--

CREATE TABLE `companyfollowinglist` (
  `BuyerId` int(11) NOT NULL,
  `SellerId` int(11) NOT NULL
) ENGINE=InnoDB DEFAULT CHARSET=utf8;

--
-- 傾印資料表的資料 `companyfollowinglist`
--

INSERT INTO `companyfollowinglist` (`BuyerId`, `SellerId`) VALUES
(2, 1),
(3, 1),
(1, 2),
(1, 3),
(1, 4),
(1, 5);

-- --------------------------------------------------------

--
-- 替換檢視表以便查看 `duck`
-- (請參考以下實際畫面)
--
CREATE TABLE `duck` (
`ProductId` int(11)
,`StockQty` int(11)
,`WarningQty` int(11)
,`OrderQty` int(11)
,`OrderStatus` int(11)
,`OrderId` char(60)
,`SafeQty` int(11)
,`ProductNameSpec` char(30)
);

-- --------------------------------------------------------

--
-- 資料表結構 `orderdetails`
--

CREATE TABLE `orderdetails` (
  `OrderId` char(60) NOT NULL,
  `SellerProductId` int(11) NOT NULL,
  `OrderQty` int(11) NOT NULL,
  `UnitDealPrice` int(11) DEFAULT NULL
) ENGINE=InnoDB DEFAULT CHARSET=utf8;

--
-- 傾印資料表的資料 `orderdetails`
--

INSERT INTO `orderdetails` (`OrderId`, `SellerProductId`, `OrderQty`, `UnitDealPrice`) VALUES
('1D202209090001', 200001, 30, NULL),
('1D202209090001', 200002, 15, NULL),
('2D202209090001', 100001, 200, NULL),
('2D202209090001', 100002, 150, NULL),
('2D202209090002', 100001, 50, NULL),
('2D202209090002', 100002, 100, NULL),
('2D202209090003', 100001, 5, NULL);

-- --------------------------------------------------------

--
-- 資料表結構 `orders`
--

CREATE TABLE `orders` (
  `OrderId` char(60) NOT NULL,
  `BuyerId` int(11) NOT NULL,
  `SellerId` int(11) NOT NULL,
  `OrderStatus` int(11) NOT NULL,
  `PaymentTerms` char(30) NOT NULL DEFAULT '月結',
  `DeliveryOrderId` char(60) DEFAULT NULL,
  `DeliveryOrderRemark` char(60) DEFAULT NULL,
  `OrderTime` datetime DEFAULT NULL,
  `AcceptOrderTime` datetime DEFAULT NULL,
  `ExportTime` datetime DEFAULT NULL,
  `ArriveOrderTime` datetime DEFAULT NULL,
  `CompleteOrderTime` datetime DEFAULT NULL,
  `CancelOrderTime` datetime DEFAULT NULL
) ENGINE=InnoDB DEFAULT CHARSET=utf8;

--
-- 傾印資料表的資料 `orders`
--

INSERT INTO `orders` (`OrderId`, `BuyerId`, `SellerId`, `OrderStatus`, `PaymentTerms`, `DeliveryOrderId`, `DeliveryOrderRemark`, `OrderTime`, `AcceptOrderTime`, `ExportTime`, `ArriveOrderTime`, `CompleteOrderTime`, `CancelOrderTime`) VALUES
('1D202209090001', 1, 2, 1, '月結', NULL, NULL, '2022-09-22 13:14:17', NULL, NULL, NULL, NULL, NULL),
('2D202209090001', 2, 1, 3, '月結', NULL, NULL, '2022-09-22 13:14:17', NULL, NULL, NULL, NULL, NULL),
('2D202209090002', 2, 1, 2, '月結', NULL, NULL, '2022-09-22 13:14:17', NULL, NULL, NULL, NULL, NULL),
('2D202209090003', 2, 1, 1, '月結', NULL, NULL, '2022-09-22 13:14:17', NULL, NULL, NULL, NULL, NULL);

-- --------------------------------------------------------

--
-- 資料表結構 `orderstatus`
--

CREATE TABLE `orderstatus` (
  `StatusId` int(11) NOT NULL,
  `Status` char(30) NOT NULL
) ENGINE=InnoDB DEFAULT CHARSET=utf8;

--
-- 傾印資料表的資料 `orderstatus`
--

INSERT INTO `orderstatus` (`StatusId`, `Status`) VALUES
(1, '買方按下[新增商品]建立叫貨單,訂單暫存未送出'),
(2, '買方按下[送出叫貨單],訂單送出待賣家確認'),
(3, '賣方按下[確認訂單],訂單成立待出貨'),
(4, '賣方按下[全配及出貨],訂單出貨中'),
(5, '賣方物流送達買方,待買方收貨入庫'),
(6, '買方按下[確認入庫],入庫和訂單同時完成'),
(7, '買方或賣方按下[取消訂單],訂單不成立');

-- --------------------------------------------------------

--
-- 資料表結構 `product`
--

CREATE TABLE `product` (
  `ProductId` int(11) NOT NULL,
  `OwnerId` int(11) NOT NULL,
  `ProductNameSpec` char(30) NOT NULL,
  `ProductPic` longtext,
  `ProductClassification` int(11) NOT NULL,
  `UnitCost` int(11) NOT NULL DEFAULT '0',
  `StockQty` int(11) NOT NULL DEFAULT '0',
  `WarningQty` int(11) NOT NULL DEFAULT '0',
  `AutoOrderFunction` char(30) NOT NULL DEFAULT 'N',
  `SafeQty` int(11) DEFAULT NULL,
  `UnitSellPrice` int(11) NOT NULL DEFAULT '0',
  `MinSellQty` int(11) NOT NULL DEFAULT '0',
  `ProductDesc` char(255) DEFAULT NULL,
  `OnShelf` int(11) NOT NULL DEFAULT '0',
  `AutoOrderConfirmFunctionStatus` int(11) NOT NULL DEFAULT '0',
  `ReservedQty` int(11) DEFAULT NULL
) ENGINE=InnoDB DEFAULT CHARSET=utf8;

--
-- 傾印資料表的資料 `product`
--

INSERT INTO `product` (`ProductId`, `OwnerId`, `ProductNameSpec`, `ProductPic`, `ProductClassification`, `UnitCost`, `StockQty`, `WarningQty`, `AutoOrderFunction`, `SafeQty`, `UnitSellPrice`, `MinSellQty`, `ProductDesc`, `OnShelf`, `AutoOrderConfirmFunctionStatus`, `ReservedQty`) VALUES
(100001, 1, '1號的秋刀魚', 'NoPic', 3, 630, 300, 0, 'N', 500, 1000, 50, '快沒了, 趕快買', 1, 1, NULL),
(100002, 1, '1號的魷魚', 'NoPic', 4, 360, 500, 0, 'N', 700, 500, 50, '我家的魷魚最好吃\r\n', 1, 3, NULL);
INSERT INTO `product` (`ProductId`, `OwnerId`, `ProductNameSpec`, `ProductPic`, `ProductClassification`, `UnitCost`, `StockQty`, `WarningQty`, `AutoOrderFunction`, `SafeQty`, `UnitSellPrice`, `MinSellQty`, `ProductDesc`, `OnShelf`, `AutoOrderConfirmFunctionStatus`, `ReservedQty`) VALUES
(100003, 1, 'DUCK蝦子', 'data:image/png;base64,iVBORw0KGgoAAAANSUhEUgAAAV4AAAFeCAIAAABCSeBNAAAABGdBTUEAALGPC/xhBQAAACBjSFJNAAB6JgAAgIQAAPoAAACA6AAAdTAAAOpgAAA6mAAAF3CculE8AAAABmJLR0QA/wD/AP+gvaeTAACAAElEQVR42uz9XZfjSpIlim37cAAkIyIzz6nTXd1z7+/Wmx71g/Sih1lLWtJczXTVqfyKCJIA3M1MD+4AQUZEZp6PrhlpCd0ri4dBgoDD3dxs27Zt9H/5P/2fzdysmLsb6hHhACICQHgA7BG4PpiISCIim5mbm7v7bCUigpiIYvOV8MtrYgJA1P7lAN2eGwA4gPotcgD7fmAWVRJVZaiIqKoIJ1VNqkJE7gUASz2B138jAuCI8KvrcQDjOC/3G/Xf8PCoR/1iu87vHhFRipmVnEsdvVc/Y8WKlXmet29uRoPrwHq7nu21hLkBCFruyts1t+8y1e8CYBZmTinVp0BEKSVmZmEmWkbmMkrbO6zPsVhx8zzPbp69WGkzwwkAdrsdtR8igrbXUk/P6/xZB7zrOqkPjygi3Nr5WXgd3r7v3d1Kybm4m0fwdkyEAQioHgCGYbfO1TBv3y1lmqacc8m5noFFmJmIhJmYmfnmmfKL52ugcCqOCIcbo8ynp7td+nC/f9j17971qtypEBEsmzvDiaJT2Q+6H7q+404lJVYGERMHExGciCgc8Db+0aYnIto8DwcxmFAviQjBcEc2MyvFp2k6Ph+naYo2xR0ACbOwChNTnSfEAUAoAK+vqU5IcnWkIHW09yloWapB8HBAAAzDAEBFFCgRcrlcIIIuC4YcwRSvLd//5EOEL4+QRYRFRZi7TplZRVm4HwZmVlUAHhwRgF1OQYgIBEfE9hZiWULb9RnhQUHNQND65j//xv//x//so+0rIKfw3dDd7Ye7/W6/7+7v75KgVxVljstnRNCpdImTQBlEAdSZ5G3BAQTncNqahgDqBIsAEcLb5CUGAC9eLGczs5xzzubhzOwUIgxIeBT3CANEoaIC1GXvAgY5UXC0zRWAhEsJEIiovhlwEG7W9vl0AqB1vyWiUoiW7XvjL8CD6677yvhZxPdMRrPQfPvO+i9d71qbj4Gqa8IMQKufIMTCfd9X05CSkqosm8+y+KvRvfIaPKJ6CtsbVL02Dc5tm2Yn9+pBVM8IP2wjiOjqbtv5/Wo0ls0wwn/QK/ndx/b84eEM/u0/uLns9p/My5b+u7aMi8+4nJmJgoiIiYmCGV6HaPPTRJuZErF+gIm+82yq+7B6HFtPob7zchoTnKMgjMPv9sP7+7v39/v7ffduPyShlCSJgmxxuxyAMCmDUKoDGqiTyiPC4QCqXeBwLFOEt3N/u3WFRUTOVnLOueSSrZhZuDsLpS4J1/kT4k4ciw9dTQOtpkEQ9bfcA+TkTgLy6iJwRFQbtl04blYXgXL7DVGFLdutu6P6C/VrcWsa6oDOVn7PvPjhQ5PWywEg1WEQYpakytL+pdUuENW5cm1pOMIAro71+q6Z4cprqPd7cRkAOJwdACziT/cd1qjhrWONaP6UI8LdwcxwOAdec6R/8PjPtmU/fEeBxXy8dXgEL9dcD95sS9+6RzjDAadwQbnr93e7dL/vHvbd/S6JcqcsLAReQu+6nAwUCBC1tRYR5m6lEJyJLIzDGQSqDwECJqa6BtEsyhoq+ngea4haTYN7JiIiHVJfAwEAAzOUVVqwFhFEwXVPDSGK+lvMAefg4ECQeRDCAy3KpvAIxzbqJ9Ia44mYu4WTuZsVLNbhrTmxxsbN1m+G3jePAtex9PV3lzOg7WPbzzMzBZiIWVJiZlFmZu467btekwqzpiTMEKk7mHtUq3kVS5MDaTufqulFMIBhUHezYuYAwMt+GhHulnOJ6m0svtF2In7DWKw3u67t5YtOTMMwMEvJebtLrCjDzclXoMG/Zyaai1dtY5tisR3qCK9xIiKIqIbi1SPbYj3EsT7S9emu90W0uEX1VM2tu5jm5bdQ/a/LeEawR90r6+e07y/g1ovRq1a7xs/EV9ewnnP96TDQzcEUxYkowgUixAJiZqZbrMEQAGjd3iMQ7u7sM9wYLlGUrCMflHaJd4lFqVMWJkA8mIlAbeIRMci9zBEMtzrmBri7A+TmAWn+LAEIuARTWwdwM/PLdjvN55yzmc3z7KUQgVWYDb5jBquI6N393fp5L1GsmGUPY2cQcUR7xISg4BpfowKBFuYAgzyACCa4h9VRrl6DAGCpsEIddKme9OL1+HYj/hM3DSKuD53i9sz0YjsgIlVNmkS1ogz139VrEGngyrXbcOsuMpObG5u7k0e1PnI9R93ciJjFrJRiqigF7rY6sX/glpcpzoRvOiKxWVp//Fg2h7aX4Q88R/4dAckr4/CHhvEHx2djmtdY5dZrYA8nEBGJrO8zfHoeiULCFHbodZc4wcgzgtmJ3RkMIEAAObyZdXKiSJ0ixMtcCohIVG0O9xJBXA00udUtMFDjVgBWzN1ymauVr9C+meU8EUEVAIiNiJiNlURFNbCZ8qySOFRRCoXVHc6bda82FAiAwBXaYAXcQQ4RWCkAu/syPTQldWcidrZwMvZqpNntJkOxBSBe7pl1i3ltEtCLF22HbLtNXC3lZecHVbiBoz5TMLEKhAE4gaj9+yPz9NroMBFxsC9plWogtp/35c91SuWMah1+BFhRlctuuXhoy57PRIjwGk0LR/NWXhuiCAPgQFB7oje/3XbU7/rG1x+IeOUhvXRz2mVT2y3WJAhdDHrbfrdb+o8cRARujt0a0K2vQ0KCQzZZG7ksZibBJv3By5iGiPmrhpYRDDCRSE1V1B9uQE/zT3l5vdvvACAMbvv37ygKe5YoD7th3yVlwGYqgBORUrATk1MwgbA6zwgHA0TcdR2XeQZQOCFnuOW6WfOC0dQ9seSyJAnt+fm4eVhWrAAsAiYwBZSJKPVQhaRQUZAjdDMrmIBEFOzuFoWjpR9WTC+8Qp7VIDJAHmEBV3LPzPDqSb3iNbivSaP6AOv0jJYJazOSfzz8/n0blBOcLoCepsQsb9if33aswQ4RGXmw30RP1VhUA4GWmIRImF3F/2+9/l/kqN7stwe//fXPu/Y1irl6cwkl/sRfCY/gqMAqLW9WCM3d65O6uZDFT/O6Lp0MNUcO1M330B04IJSYWJkTsSIxyv0efe+JZ6YQMJkzgiASbIiK9XMkX5BEj2AwwGBJKRgwEAADPHJ4+Pq7gYCZu5mXYmZ2Pk/Lc3HU+I4oApqICJyEKLpORViEiR1eWo5jTeeRE9edVYnCvGFldYr6Jh8hQBCIpC4sL4ByMaPw8FBVMScATuRO4RmvTfS6s3lz5PzVSUBEw24ID3O4+Vvu98Wpi5pEAcHXeHUL2hMxmEICHBVQMQcxB7Xt1CK82HolzHFZ9hyvJguuLoPBQSDZZuMBRE30tj2/rAHsZmr6NpDG4iDU3X4FTaoZffG7vLi3zq/ZOSeAyeyVL64XWVHMNRTfPiaqMfWNs+A13VUHP4Q5dR0W/KyleIGoaXdCAIYIpwiyIEf17whAeJ36FVNaXLwKTIQTNcS6oU7bxRwhq5vAy4gtF18TE0S+Alb1qDn2NjLFVuBntQ0EQTCRAAZwKWVBWkIajFIBRRHmLpGqnsfnrtPDYehTJ0QUEDAHJMABBjH5wwMxIFRdjJHiZIYowIEQ+PLpq3shourgBPhw94v2g0gC87JKCUQUrMrkhSgg4dlKzqfTqZqGthe7V8KLFSu2JBrr8g5iYQpPmohNlFVZGYSgMDTPkgPw7FgyoQCUhUjAECL3urkjFuisfiaHEzETs4EA1o44gosVA4WKKJEBIDMCXIQKE5FfBRQXGOzlXL/MXW5upxJbMzQXDOm37qvcllA73L2UoqqlFMBFpVqEmphZcmkbAI0gXP0MevWnVyj4dx/XKd7fcKrvAg2/z8+qdkFERHgxQJuFt4QAKlyDgvoHr9mLP+l4dT+4wnqI/Pc6WUxUfd22AUZUKlsNKz2ihhULVcxBDiJAIiyCwtgFYXh3v+sH2e36XZ8YxIAGqUPB4kgiwqr6TAxVxhL/MIUyu88IMIrHbABK9az1dPyi8750XRp2SRUioIWtUK1dM14tO1bs4rO4RyluFqU4lgiOSJRrnhhJRZOqdixQUXJi5noycAAWhIC508LiIS/GzFynAgNgdzhcGtAabYETmcEADjSiAIkIu/uV12CEiDARV5ln+8EHVnfAZgAXHEeFIShWbnDy7WPenmH9t24sGy8gmCgishWGhIFD3AsbVywAG/9F6OI1qLKraOg3ltkr2WxakVdUn+KykX1vuS6x6yUericBUJOgvnyMlhPeul3VwG3PSW0nXy90zSasjsP6n9UuqCq9OPNqZVUrZZHMfUF7btmBq53wNyzYBWvgiyn+wdnCLPC2M96kHtqphCV4NWTuvk6PBqe9uCbigG2IhlhekwNUDcRu3yWhoVMW/+n9XT/Ibt/1fS+g5ixYsAW717hexIizcjs/R/vXI6JkJxgCxb3uLmymU3jkMqV53u13SROn1B7m+sgCHFd2c1kv9VId1HJnzMzMmkSYRSkl6lJPHKpMFAhaQsUKuzgCSnLOc51hAAyIII/CzMwCBC88y7AgCmZyb6F0BGVjBIFB4PBwX3kNLADcL5lIXByEN33y79p+JsL3EvjfPmpmmIjcTBa8IyjYt2m5ZhocQYsv7Q5xMTZRoSszxK/9ym9OPaxOx0pm/saHF+LzKwjuFWBhLRpcyCa/YeBWu7AmyS9/4uZHsdQl962z+oWZ/achEOZ2syRe/2n/0d1o9deq27DkDgHarLFmIAhUKOin9w9JIyVJEg/v9v0gu92w65OACCAPKobiVJw8CCLcgyDEgFMA5AKKMIpShJEdQA1eAEQYg80D7hQ2HnOkLiWVNCClmsbguGSrOUB8gUJvpg41y8tJOxakJCkJszIHImocjqBKmKr+EAAQvBGTGkDmVLc11pp8EQZBOCwcUU9lXAOCkHkuCG08Ag93028/AyeOiLjAm8s524sLiWG5q/aZNgQsEf7qpLharqj4M7/46+KxL6GpTRMTKUNEfRu7AhFewrlSo0QiOJyciAxElxVIXG5+ZbEvr1gHv8ZTmMg2i3ydpq/Sk7bhxvqx7Z9eHrbA1tM0rZ+5WaXbi+TNpFqcx+/v3hEBB0lLOGCTAAn3CKqoPiJWB2I7UHXWVpSB0BACun52N7yGm3G4uZh62mmathjTJSdyg/L45bSNhRCRS6n1EyVPVnKxbJZLMYR1/e4vP73767/+619+/pAkOhVN0Sl1PXWdirKAKMCARsdwKu5z9uJwB5gpABeKiOBwbyECD/dqbjb7NJ3HcTQruRwzWCQ5J1Mpon3fd6mIihtyyTmXkjPCBMo9W54jwsIBpL7vTIuYWXEwM9UqGBFRpaSiygKh6kSGEyg8Kn2lbr8ApmnmZWgdRnWnYQpHMWJmRHU5UPcOsyAKcHCEI/q+LznMnIhO53OE6wLZLJvf5jCvXIiavFxmoTcnag1QiYnBb+WZ1zzc7zvainJep5FHlOIeIS6NrrhOMri4V/aoM3uEuIdemb8KLm5ZcXzB59qE+6ELW9LR69BtV9GrduHV8fHtRL9e1z/OwdxQhv9Q/uZmGvzIV3gxrNv3XnuIr8E9zRu/9f4u8JC35OXLE2JhUlGEFyuWi2XzEiiL41AOh/1PP7//619/+fnD/buHXRKkJKrRJUqJNRExCYIBCogDHuAcYGeh6CMMbgGDFwDmDlAEEVM4mFQ6CHPXddN8nqdSSrY8GwrPNAlP0yR6JKi75exWCupCCAagDGJiESVWRqiKmJk4mJiEhYiUkVLSVBEzWoJLbqAiAkHuFU+p6Yw6jHWLcSyjaAEPijBiYhYREJFQkKPyvIgEAYUsnJ7ANiP69rSjec6Xp2K+rctsNp2xWDJgKV5aZ4OwvgLUb3H12Dr8W2DismxutnQ3r6V7a5TrERweIgCCmesLEdx4KFzTtBVy2cxCoLLZtnlZYS51ybGT81Xh1pur6wqv/cFg6qZU8bceEa41u/VPOba7ui8Zk+0H/Nq4LMB4wwhXhumWT/Ey2/XWr1cEpHo8AoBclALkJSiJiKtT0SiFfvmXD//2L//yy1/e3x92+33XvAal3b6jJeclFM1nskApsIAEOciJiCu0czofUSHDijgFtQxgsFT+nXDieZ6lZJ/nOefsQTONzCnCS4m5ZHcXXLLmnaZ+SH2SLundfm+WSylm4WihH4AIE2ZiATxAAVekpXAzAEEYaI5oN7AJFX3zb/t4MSMnZYNH9UoYRhQgDgSxezi6QC5dHxHQrcNwNduaR/jSf77d/Wp29XeHpvzG934k9Hfz4K0pafOsOUIVYmHe8mFk+Tlil9S9POefUi5xYxduPItN6fc1M+IPLO0/7jL8kWNr1Bg/OoAX1+AFw/K708nN12rA/b63HInNC8IlYDlzlPy//fLzhw/37/b9Yej6RnCWrpMkBKl0hBqQtrwHrFUY1QLHBiYRxogadwhIFyZIjaIqrUJEuO+FuWho0i+fv4Rb9gDmUqKUPJfijl7TigR1SVDhRmHtkxqLiJk5uBINAFjJqPbXWRAIdsSyuxFaBceFpt4ieSoMmJeV3XZhSXg4SgR5GLfkMYgEZKIAkUYQg5XCoWsw4RHjOOWcx3ma57naEgAevt1ando22qZBe5It8S0bZ++KpPwif7nl7df0xpaB24xr0Pob9II32RQKLvlhbN3RBZLBeRyFK32+JTLXJWTuTAvi3W6lOUSvB0dMtQKrQeW2iReW+GLrxbw1xQ3htWyVGl/dKrnAg5hiSUxc50uWa7hePNfW55ZViQVZCPINDZIBQrAH4dqmE7UVIVwpiRxMErSASg08bzOSanL6ds9/dae5XMxr9qvCSTdp5ghn3lBLI9zcolJYzcOUUz+k+/0w9NLRLtEDwyMXy5PNxWz+9/v9w67f9Z0mOuw6EXClMZQ1owFIQwXRgDoKpmB2puI8hx1PR2M6Pj7FOPcq//bzLxQeJFwrl4Q5BBBjL46SxynPZjHPuTKNnp6e12Ev86QimpKqJE3MzHByK3kGQCqqQhCnln4S7swtwkgArwEmUcAbX6aAQJVbFSAEMdycqQ8yiyPBKzW+ghFEBG7MJPYKOJVwJw4EgwoL1yLroRciVt/Yhpun6NfUpvqQtshfLeSpJJs/MTe+HrIJB654R5vZdWUUrkm74e7LlceyMirBtp4qwh0sL6jEf/zKX7UL14m6liW8CUD+px9MFMIRUdO1NctaDeerSeg/MmiLg/aKv1PjDrjRktqIaDahWHEvLEjCu6G72/c/v7/rCIk8AbCMbDZPZvbubn/Y9dKFCiUyBuDcUgV1urLDAk41WgAR+o6BAJt7QYzZj4ZxyudiGiEhFiQhgJfG1DZv3AQ3K1Yusjd1WCoJEC0o1iqxo9LQ8vqxXAozo6VpDSwOCDjCmaJyT9YRiqU4oKaAKa50AJonFaGSIgy+zkOm8BoRMdxrEoccaGRKAiDKRMLM7AC+jzV8+1gf6uopLZnSWPL8lyTNWxPolex6Yzc0u9Omz4Xkt1lUb5ik64Tltzzt1a29+ECLoYxKHPgBFJWY+A3bWJ8cbe+RzYywlNC8tMu3rITry/2Dj+z791IJN8wI1JqGFVfChj11GasXSMHNHTWkYXFz1oBv+4G1GmbDdwyLuPhxHu6VU5zN7L7r+z49HPqf3j/89P6uI09EHbu4hxebs7tr0q4jFZJE7BlBQU0rpfqKYSABiBeCgYAVHQt4nicXPU80Oh6nMZcyQEI154UhRlYLt6vfWqLM2adiOVtllCLALL3qZWcNFmbtJKlGGKhu0uZljjX7w0RNEoGUG9tKCKQXExkbRTa3WMC9VlZTi0wjesCJzb0NuVv1vM0QFOU6y8tg58iFhJcCFo2N23D1dNcn5N9aV+uM+RPT4OsQpJQALFWlV15DrSyKCFylzeLHuTfr0QIBAI4bbGUBzHzz75u5hm8cVXjj4tQ4rXnBbRbjx8GCWPTg/vSDiBleK8CIo/K9btCD+tPL44iXJRI/6AEtI+9EvMYUy0/41kCjJqfNwsPMKIwFg+KwG+73ncIUoQQmT4qIWmlMKtQlEg2KguK+cKKIOdBI+qgkGV7C1opwpn7O82g4W8yiR2MgadJIw1xycgecCQ5rJCVq7oyZtSpvono7NcGAZt2ImVNqCgMAIsyDUKymIIIDDqJa98thzsucp0p4IQLJvIgMrvOwlnInTsRU6yVUE+BwFcY4juu0iZBooh1WodyWhyZ3Z3CEh8GYSL2KAZp5o8etrDSQUzSGzEXKhV576q9ahx/ftxcVgDUJR0TUdYNQG2VhXsUCUalNQnWrIdqGyhc2JBabIotlCXcsCY1NMHzJfWwtwmYZrID6xopGRC3BWrbTWIiJsUmO4iKLcIGm1xu8IloyVTSu+u8Xw/faUMeCbdwss2+I9NW/hkc0k8QVg8BVofZaHUSNk0cezBJisJV7Wl8ENS8rGiHNby7yR+xCewo15G5VlfFipH2Nzuo7Siko3h92H94d3h36h12vZLskuy4pe62bxK6LcIpaVFDFFz0QDVtpK5GissuC4VVzoSAYTEY8lvg6T5/H+ThPtLvvDtKRguDlbD7Dy1QKb1zW0+nU5matFWixMKuKakpJedGZqiUu4Y0oHFEiQFRRkHWSGIUQMwmv/lTTKYqoNTJuXgt5L/N21WKiCh+AmSKi73ellChsQUCt1IxwCZSKn6GJLTIHyKM6jH80oPizjnWhMkvVeqOWJmqCn7o1NIFVzu0avKyg62XKygI9fvOnHYCDb97BJg66Pb63K66FT+y3CMifcqyEon9mVmIbFS4VVpdo8eaTv/XCqqnapiqqeKxXJb7mp7RSfoK4zSgT8oQyAgYo2CAMtspLJ/dG5QpUZk2NDMMjIledIDC5C9iZGdwykh7IHGe3GamkLsBdGlQ0QdSyTAV5zHmq/J5W7gyUUmrCE4AwrxtSm8+qwqyVVSACcnJZrsrJA/C6faGxqshLTn0PNzAFQEgIgCsAQbapgQZcFomn+qMELVb/VHfCKm7ipcxmbDHXDcHdwz0omMmKEbs3DC5wgzXQ1QEmdmKwI4hX9+817OBmS8Qb8YW/UGdcvn55R4QXu9D8BV7AyNUjCMCtDsZVtHPFyReRBZu4YTRut+4/Zc3QZkBXik4TGpDf8BNNMomuiy5uPsNXWzT9YWGVt+zmAm79ZnR5hSQub/n39eaq18BrwnwJbVikCZdtLDKH2zxbnjyffe6dzGCFhb2qVK0FLA2ZWmgIQNUYaMbCIiQ4KMSWeNoJAJvrWJC5ixRdJymlJMJOUibBpD4HcpnmsLUOxiFRE3UM8MLNJyLlVfO8Fb0xVx88AqhFGXUqw9GkXL1BLH2DYINCQYLQRVaymoAAVzo0BwrRJfaP8LDm718eCilXTTWnaHoH1Zs09+JhsJZkKCj43TDkzfr/43BDJU1GxErdqb4/tXFE1104CIsnFo24tRxN4rfavE1240/HQf6XOngpeKkhIq6RylbK7RHk7muoFVs9Qlxzrr7hE63FTk2BFt8tOrv+ujkL37xZ4UZm1FpFBiicCeAgYiFawsx4fHwEarKuUC6UE3JGGYEAcUgKItSSglbSWEHftXqhbrvwWrAWTGZNU5nFGU4wYieeg0okUOq7zplYmINYhECsSVS6rkuIykKogjdmM5b5pnxjGpKmxESX5gkVIosgVJ8gEFbNBABQLYLwiKrUUtVSGOQRayOCZcOjjT51LdBubp0jLuQ9IgqpAasyA8JsTFDzDHb3kvNIHL6RArgyDWtUXA3bsq+2ulStuZbNzt/3fX1Rypv6sT+yLOuv7nb7db7WpgF1x635Ht6EBhGteo+FG69hk7lQkc2Zm4O3+gjuha5ikOUXX+MjbCLfBYnc7F01XoiFPXnLJri+hqtxBiLajL38u/410NgsNW+I252biHbDUNVKzMoFK/FX6lW2XssFYfFLzULVcWjpA7u9kQp+VJFId4/wnI2IUkoUBGmp3+9gSXwx0Lwo9EYVTIyo/oIsIlJM6Fj3gx52w6HvpvMJNZfpJQ4/u+eIIBQh68LHx89/O33+l7/8hMI20ShQ5T51KXF41GXDzCCGKC3qRoxUXU8YwUmYc4gFF9YZnDlNQaYClrthJ6Lrc5HMXIaAKHE6dIgchEwK8H7Xr8mUlcW3bbnCNbKpkwilBS/sHLHqcjMagsABDzKasTCASh4BSOqbPWFuL6julIjwugugGXeJCLvMYUcGwYWFBUSJQlmcxYsZcxn6oVjOVur1E9Hv9BpuyvtueA2/Y5e+zlwSt2Ynzmvd2NXHaK3tveY1bAq634gaiL8/lb97bDFRIvonOyU3pu3KM3rh/le8sE5Ixpb4dLkXANtcwLdvvB7FSuX5B8V3i1Yvox22EBCXvTzqm1UNgZRFwPe9Hnq9H/q+Yxnu6s+Sh3mOsIBFcfcMclEw/PPHXwUguKoAvtvtdvshJU3CSTWSUlVwZq6IN4gRgRCAEGTOoVzAs8tEaQLnqAQ5kFfRg3bNAtPcBxELd70iAHLm5FDemmW/ya0EgLAF6UBxDwqruUOvXlILohwVSocLNYhkkU41BNdli2BAG1XwtqR11aS9LI7NdVFYISdhISZ2AUQoOXKAkySWcPcofqm8rCI9lfzZCJvutBR1VVZmGx0RvDi2W/qaR33Ja1inSFzLh9DS1wBXdgHVLrBcukVc4lhvlf+LaWg+J942Cttpuk2I/JGj0RmaRsN2Xf2GEP03oR43OhcvS7B/6/FW+PCNS3I3FEBBRE086gWTtV1t86fABA7nWKpsKxm5ZQ0AgDErp13X7xK92/W7pENHnUoSqYkqeAB9RAHVZl7FbDYvEWbZ8zhN85mZ53kaduf9ud/td4m17/t+SEnVBMIM0dpPCiCIBJEFZZECZNYMLeAAt0DkeuPk4BbmSkpsUNS1nSg5VU7k8tBrVaJZND+h7mJVgtHMPGDkVQ6tUFQZlaWjDAC4oYImAvgSZQBtCfDVRCNfHYeLmahUrobhERB10NB0RsMss617W4CcicEqAJEThZurLxqyeIEdfHdC/8g0+q3Haheo6hG9NvVr0rhahzptVpWnP/di/mlHdZH+uPPxT0tbVOvA35TY2x4clTPAzVi4AyUWkRoOZ+dE2Cfd9WnfU8+lE+kkhm4xDQ2uVtRlQ717P03nMKNIZejHsRvnc40az+MIj6wy5zFPXd/32neqytq5KIW4SIQE8wzJoALJETl4JrbgUrt2XD0gwtKBUVUlFBJoEpDMwYBfVmZdyyIEjE9PIuLhdCka8LBKTLES1hz4Zfbuh25hIrWRa7FPneQ/znyBNQ+xQghx2ZWrubGIKMHEtdIshGvmgVGFmVz9yhysxZS1WV+gFvDjoktVE4oAiKFLKiGXDI/2mBm+ijqgdZdc3YX1GW9zimv2QaRpUBKTMA27HdEr1qp6HKSVPnRZDMwXlsGNvQtfaS2X6oTtDvxWKZQwe60okOAQoHWyuVwVo5aXbR37G7FJXPsU216W7fkTOZoe+CLizJdx2xItN3HsIki5QjBX17DeV40jmsLqd/K4t2T5ay7HWjG5witcc/FSy5I2HRa2B4eDiEMQBcGdCKsAu9b0iQLArpfaPO5u6DtyJVPypDFwKIOFV6n4qkkGwEB9N5hZzAUp7Yc+287dzXMppZQCtzLZeZ7yfHrwO0sddeEC6ZMjOelMMhFNIAvKxrWGsRBFEJh9ZRmQM0RY7FxyzqlShcwu9Nlaq/Xa0A5395hnAZUoIgIIGYzMnZiJrfGKAIQXBp6OMwulxEoSS+qr6lXGknFhYUQTy16qYCr9bwUd4XN77VYArPjlZl54wwEMgEe2Nflaoxu90CQ2y4OIWLgWVoEDcSnCvazDTanfuo2374J9ca42+Nrtbrb+pzDX9C+zVLtQO1UxY/UartzUDcpNG9Ow8Boo/KbQC7HyuH8jMFBT00zurWULr2jTbyIvfv9X/kBR9s0P/ad6DcvJF9bQQu/fZnA3B68UdCcoRZ8wdNxr7QFVt5bWKuqwS3c76dk6isSRxHth5azEtTiymcuohR5V3DeUmUWtBGek6Jzg3tXOLjZnL9ndyzSf7LN2gw5Feke3txAPyaxH8hFsAQcZJFqagAQthdAigiglZ56maZqSZ0QWzJCCjl9xm649fnQdA50Z5uzuIjCXSpAXEbNsObu5BVsYI6yYG2XxxC7CNQNOy/Ol2u6RW/gQQV4N7yVIb1LUrdVr47nXSGLlLl41l4morNa1sSWwZii2NX41RaHEbrUpbIjKtu3P+u9maxXzZkQbI3FpJwvZjthll+O2bzMABl1oTtQsxQ/O1DWZAjTOdDNNeIMX8Bsrn4lJ4uI4oJIFAds09aOlLn0dnNV3WMlqNzv5Sme8CuJ+wDTc6Pf+WOjXCBNbTsdbVMubd1bmZbujtZPDdWKiOX3VNjcRsDW5wk5RGyR4xN2+P/S62+92XVrVoikMkZWQFIroyHtBJ+AoSnb5OTAAIQKBQkAgbnNJmTuVbMUJ7s4MM3Yhm7lY8ZLH02NvGQBSj1IgMHRGOpGdYUEUwq1bbZ0my2GwKDD3fJrldBrzqD5azMKTciFIhAZJcn9dWK8BnwQR9MxmbGDzkKjKqbXjvJUSlsMrJsBV05WqNGbAHR1rZe5GBGtqecNgiiCycPINSB8RKfEizsan83m5mLZVE7xJyF1qh26VAXVjRTbrh8gDooJS//Oq+/gFc/LfloxY3Q2Hr4LR0kKJSgmJVb9cfsvWdwND+ku11j/Abtg6DqsVqNp2P3jO/18iVqy277tWiRbUnYM4nIKYfJd4v+OH+37fD7vdvqJuHoXR1471EkXg6rWdQPHGXammYWlMBICNWSBMTIAggpi6rnNv5AsrJQezMpFkoHA3UwrpSiiCmZOrnllG87lyFysragPmUU0eE4rNMeU8j51PxebshihuFuwUcJtUkoXLVUUwgRkVslitQzUQ2nMxuLEwOxsXzNVPp2IM47BSt39z86ClGqCIQpiIHFxdgAAFSMhq/B+L0H79fV4VM0XQejfC61OJ5setXsYrj1K3s7bWCbdMO5wYlJSdCbL68FvllaClJDUg4Nowj4jcAwsWTS8IyAQoSbWXKkLEuz41SGJxFmpuQujST+P62rfp96hJtKaU3IKluiFz1F4K4RvTt93VL9jMtj/tzUq+chwiwICtTS4uVS4NJnnhOyxgR7xkLm6FUt8yH62QZtm3V4LT9lsvHZN1cr9FQ/zGwl4v/qWqTeuCGdaWaRgglXkPooVb5Aj2WDu+0jQd90M3cPevP78berq/6949DA+Hu91u16hJsAgjLwSXKPPT18hmebLGywhmYrh70NKwy4lrxoFYoIyUQAJhFmEznaYyW54e2ziHzN0H3h1suMPw4OnA3b5IGt0ziINaU/SqyEreRN6FnMJsLtP5/Pg1H5/uYn6fWnEEhYYzSnA4OBu8LONf66cWWLk16sJSzAQSKCNqm6mUAExzyXnOmW1W6ty9mEWZS6k9TRyAlch5BmcA4aSp134P4iYawoCHKrubGRFRLKxwAJqE2LLZZT1GQAkWIQTDImPSfqs6fBo3cdF2HrAQGIJtRf3KPowId2MmXzxb+l61wrZ6qoKOzCLC4b6kEb0q36SURATfTAGuG1dNsHMDqi74Xx0XAaZpwo8dbzkCW8fhskSJAK7VaYFv3fj/IloMf8pRSVAXRhz51v1epofzsvkSbKfaMe9Vk2LoaOio01B2lfZ8uVF6lVDg0j/c+Xguk5YyzVbgwaV2pm3dnMnDwUaiEiRGFuQOVqQEVFRQiQCW0J5hhB59F7sHGw407GzYZe0LaKYIYg+vzXhqmo+bmwxhWNic59PplKfnsGOsEpxBJEzBYc4eYHNq/eA4kD3q3GZmREUFl4Z6FwPREBoA6HtV1ZRKTuGlFAOKEzHbsvdYHaU6XtM0lRKaTbVn2mqaMLOwaLT2XbVLBVIS4Q4Y3auDJiCqjasiKJheFVu5pTzdkIuWzgiX3DVvTEObBW7rlbV7YHJ/BRLbrrpaK1Ghx6rbu/wup5RUFWh+x7fNTa1n29B+32iZtVYWE13O/NqKfd00XDsONZnfTA+zu635gu2fqgDxKgbHm9BmmwT5TeHGt5UdXj7EWunHjRB6KSr5caxhq9pExI2h9AIe5ureXqYHKFwolNDvEsP7RIde+w590k5F1hLs1kgGzhRgeBAr8U53nY/K82x5trmEB1wojAIe4CB3mw0kHMVkFiin3JMKWMKpOAoELNR34ayyj+FOhx36gbo+E1WCpXmNVjZxOhAcRGzuk81zno/HRx/HVIw7qeawcYbc3MPd4R7kaHV6gAfMg92VsdbyECEcYHhlHFRj0QqbIQztVRVzJuSNtlmdLfV5rYIuZObuuZSo+pggZ6IqE8OixKK1BZmX2mKKBT06y1MEZCFNGcIIHkTEZdV2Jq+VFHpRK1gu5RvHDVS2FjtsHYdvzPUtdrWIwitxrORrItJamnb9rZtVtJ3A65z/blutb9+XuX8bO1hyurQ6Dtsq7G8f3009rOLUf5yF9Z99LO7SkiS2AEBGzCyxwAtwRDCcEUl56DiJ7hIf+q7nImQShSKjQlkrSZgqJ4ccFKzkIsTQxLOGZJ9KeEFhtHR6AOFucLOImUlEimbmBJJC6qDJYEGsXdE++nse7tFpYWGWCKyKoa/iJu7FbJ5tzHk+nc+cZ13yXxIsokoIMDgcHlZdhhVRdou6GTjEjamm3wiEKu/I15jfOj2YIKyhxFQyFZu5OQppHMdapgZgwfZbl6ZoHbgZmEspKSVVqgKSKk2JJ4wiXDTBHMHEEg6nVjdqHuDa+cpql1y8Wl7Fwpd8O2INMNsKvHjdUXGW1GlEWClWJQzMsSg5o0Ylr/W2IwqiIA4mIuG1AyJxlcWsOCotsMKNq78xMdpiv9q+cF2uZmZoLRJV1NwrKrMtjtgalAW8vPWstlZp3UJvPtNMnmxQjBemit/Y3tu8XAL7tUJjtRE1zXFhpvqF1/ybjhtd2R9Pbaz9rK5qdSIAmFnj9VK42eQ5sQ7DsOv7JCEEphgSC9uu7x4Ou14isVOtp5bwp2Wnqu0oe4YIiUDEzZycSJJ2oRpaXHPMmaR4KeFBxQ1zziXn7Ahm7rrOzIJsnMtxKscM7nbd/h1jF7Lv3/+V+h0nTUyjTfAMQ0TBshK2Yw7g7uHh+flrHp8/fvzH4+ePA+Ph/vDu/iHyuViO4rMXgisTA0FMVtadNRY6gjOFGTnVQgVhFVUS4MKo8vWZNmMhAiJxJpHkGuFmFk7aodhsuZiH55xS6joW0VrY4iXqSWGllCzKKQkzp7TSDpigHgVVLx+Irhufj6T943j++I9/eLHDsHv3cLfr+gos6qsTgjf9SImCWS+y7gxziqVn3sp0EFWUYu78Ys/HphT6arXw4mtFvBGrOwAWWXHEa3pFu6SKNSz+MgOXbkYGq2mUjexKU9d5uUq/kTtcRLf81Q5Ll67ivzcZsRq+/++icvIScXAEQMOw23X9/eGwrwrO4ULWqSSNPtHQJa3dW8K9zE4oXFpXKyZYYe+QHKoQYhEWcTN4MPUkXWiJNMeUIxfLs9tcHKW4mWUrAKZpYpFsfs7lbDyFvrv7i8sQ3U527ywdQoba7z7IEBbecNMbGTMmAnyez9N0Ph2Px2PTaBEGw7uu6wwSxiHTeMoWghBifF8WJIqZR1CQ1JT7S03M2lcKlTVUu9KEcCqldF0nlroUZjZhJKLw2h1IamF28UXOnzyyuRcRca8SEUxMEGEmFI+g4jF7yUpfx+e/ffr46eM//nJ4GEIBaGr4o26btUSg6imFXLYsXAcCqKWNgmI0z7PwBT9crcPNQN98fT3z0nmDa/OM7WeWr1w+LEo3V7LaglexhtVCFS9YOEVYDPSrgc/qOLx8xhFRcn5LK7lmK1oP67VmhAH7VmC1vv42hPn6GW5CpBelmevHVpv5g2eL5X4dCBKwoyxEv8DKt5MNxMABhoPo/v7ubnd4/+Hh/d3hoCxRhCIJwXOVbCPOTEacw8rkpszsXAN91gQzCKNLSAnKaBS4AKixZVjACcl01qe5FEc2yyVbzubFSkwlZ3NnRbeXYc/93vsd93d698HkQNo5FUYBizXahRCbACBdS+aIg4LO83Sep+fz8/PxcVcZmeFE1PeaHOou4eYlioVlC69O8DKgG+84mJfMa+VcYPbgxuqLWnC6WITVM2WKpgdLhCQqLEHh5G6lWEoDzOpWZ1GCFEBUGchFz0pzhGUzFlV1qTVizATleS7Hkp/M/v749N8/fv7vHz+W5/Oh795ZEkHqtRTDW3oNL3m+Lw/ZMB3qbFp9h7fO+SMtHrafWenMa/qjhg/bv8p1kcVV3zcRVEZoI2vTqwk5XEUNXrPiN7xmjyj2ZuH5n3v8yEC9lP/Gqw5LrdmP8IjfoimzvRhiEZhFFXsIRIPylyiXKmcBBDrsurv79OHd4aeHw0G1mgZl8jLnMtUAHJzCi5XCRCVANSj2QCo93IXYC6wgKUwgvOieEUQawl9dxZQ459qNYDYruczzPBc/Z0i/63YH6B26A7oDdve8OxTmGqBahFuTSgAMIVUfgZfGMIAjbJrOp9PT8fQEKkAQCweEoutScpJwgndRvJgXQs7u2+lxkVeqowhs7QW7O0oEM3nN/a6IbJzHkRtlECklFgE5lAgdEbOZJKe2/GO2QqXkMrl51Xtz1EpODzRF+RLZDczBSYXFiJ8Dn0t+zPZ/+x+//o9PH7+ejgfSuWQzZ2aRxTRsIetrwK+Fvi/aGV7mX9/3thgCqZorRLJoriwrmgG4WzHDpm61kvPWH9rGe0QkLKJCfgHDa7evm1m7fcFLAcZ6kWtjiJeAfERUpuoWIKx2oTZSXDfSFaDv+/7bSdCtPV3DKF+4kjcHc+NWmhsLS8h6tcHEok3KqXXr5IsY5O/Ng7b+ZTfX3Oo2NlZ+IacsQBmRyN3h7vj0lQLk6uHkVZfNU+LdrgN5Enp42H946N5/2P/0Xu72smeSSERBHkhdH8LhFqlkz8Vg2YrNc44IplBVg7mEQJmcyRkF0cEZJGC6VC4RAWFuUEZSJAnnrt+xCkSi0JwOlu7o8PP9L/9u+wPv7/iwz0pMDswNAlhBEwix11UgzBCOCDMLt8fHx8+Pn6fpzBS1AOluv1OSlERVEYDljgm5oKQoxedsxXLOERFN5XkxoFzVk1b5KgeYqlZ9k+dcNh5yJa1UQgDuGVS4cboI6CCJlNamtV1EFxalTNOUc25a/DbXTpYUoPAIdotcUMaSGZbuvmT6+zn/t398/L/+v36dchbtd6k/PLx7eH+/u9sZLL4rNr+0JHQEvyVkdpFCEVrFTir0iBvP2VsF7rcVE2pmVlSE+UJ8vu5Sud0keclQrM7Fuvjri+3i943btpYObU940VbbJBptjeJeiyZ+3yHMgBIZCsxNVMi84bU1SayCRabopUl6aenwBszR+kJ64IfdhrUULuA1OHebhz6FGXlEYfcShNSllJjDk+Lhfv/u3eEw8F3Pg0aiSagTLNoIC++OQEI7ZjaaSi452L3APTwyOeY5MakTeYYRKCMSOFC1zOqTtZJLzjmXcCewdhrk6uyDDjl5N/T/XvR+9/794ae/lK73oeeuDyZYCbPq5NxU817n183czGy2aZ5zKXNg7kSEhGp2tQ2Qr3IFQQgmViURVvHSyiovtDSP4gVMVZtoDcXw0j0PRqyNmLwKxTNDq2UIRzhYSXuELzwCIpVBNVmZ57nkQsbhhYqFezARp+AUIeFUKD15+ttx/K9///J//Pr5TL2JJu27oWPtqpDaWgFw8Rrqr2CB6Yk4rhswrEHrdjldVToJVeZ8tcErK6auqBvP/1VgEoCoiLb/o+/pqa+o5OpQfJfAu1qFH1wnHrES2l+fT0sx2bdSttdzsToRbUAU1TpckBfCj0Ref/yIpfuDbIrZA0SNelm7QkbAGVZxGGYKeBCIuVcRJffycLd/d7+/3w93XXe3S7ukimAuXOUBYFRlncMIDpKuG4I707nTrhQzm92Lw3IpGME9AEUUCYaUi8vQTIN5yV7meZwigoSFByWp9AGTvdz9l3N03eHQ39/PrJbU6vJjDqKw3IS0a4sTWat1HIBZLlZKnovNZj7nMfus7BEg6paHstCKNyzicA8Wril5DdSusrWm0ktUCROEhxNxhSSqu0JgAnlTrWtPBbGaZ48Iy4QIoUIUwQIvCAGw5DgEDAiLy6CaS9ZZLc9OxSxbwElL8OwyFswUTzb9t4+//r//9rePT49GRKLDsD/sh/CQxLW3fJWpegtroLe2oG/PttWRxtt+wbcPYRHm6jUAl03+G794wwXYegSbhGMjDlz/7VL79OrVxmIX6sP+rsuwzbD+iH9xYx1eP+cLK/anOC+vEuAoHIvCiiPQqDZOHAxncoITBSRUJTGxcNcN794d7g+7/S7te9kLJS9JWLB0D45A+Nqste27TEx90t5tNutLmXKZ53nM2YHcBQWHEVTkEtkxAbBiNk7TOC6RLEOEuz1rl4Zd6I7v31tm6nre9ey1IOkqB2HmHg2ZxnVF0cYu5NkmhwfT4e7Oz8eARVhLbAVugON2/npr2pSOOdyKFSN3R7EIj0rtCyzBNDPxwiNYZg6jFv0HglA72YQVJ5qJaqG2oE4VQZXGBwASEBNzJxyabO5zyTZPuXgGPp3z6DYWnoI/H8//8enr59N0MnRdYnDS3TDsVLmYWSmp6+JGUboVBbA32evXTcMV3+llHfGl6UMEN+2jV3j4uA4N3jIhNX317ZVQF78tJSXLm61Y0N2r9W6yqObFbBsdrOWP9TO+IV+t56+lKes1vMIOYMCubBAW8PLVvOaVJlKD3i8Cjdj6mR5h3gRF/Wocttdzc203bMhtWnczaAEgj2cAwzDUzGzTYq47KrDIqUI4ek6doku16buoSJJOhFSVKDjKfBr7h76Mxw6dRxLJ7m45l9borUozkIqwVr5wIMCsTKHMnaZe+ynnXHLfpShhXmafa8BYi6zbI7M8z7NZdrD0+wDv9g863Hf7e94d5v5uRxrEBg4mAjMh3NjJfKWlMBDCKcKs9a0hACWXYqWU8vz89I9//B0SKaUpzxq1G4ZFFESFzBzhcIeHRa3FbY9ZRdAJIihIO1HTXDLlbO5WDUTrGh4coQQWgQctEXtEE0kJUISDAsXA7rWQJBAcdDbIUjYSBK6IDDeB2eBQ6rrd0Z4fz6fHuTyVOAWOZnP445gfc8ys0h00dYeu3w33+77f7wEglzJNU63UfN1rEOYqAFcbkrFe1sk/P/G+goU3yq71b8K8AgSr7suKJtjSgCcWcbrVC1jdBgD1zdUK3PzW+pVXjxuy5rrJ/6D4QtWAuNSMLuyG1oXBasakdpTC0j/9N7Scf3tULwZrHEdlEm3LvvY1aKSSWvoLf3fokqJrn2EVTZJEqlQyV8EFRcB9Hs8hY6iGec7ZrjNWotx1XUq6YKJcEQhhYVbWrnfngJOHRyme81TKnHMTNQhz92zuKYn0A0WABbqLtLNuH2k/M2duHWKDLiXkm0za0gGbKry3bF3k5tksz/N4Ph+rggHzlWWvc6k+XhSHebivTZuMQUTO1JSsuNZZuipTUiqF3Wv20d0tGCIhyYhIqUEPAQk4FSF1zx4zTACi9o3ZKkbPTC5sBaLQmsoB6ibkblHTzTy6np1PwX87n46Bo6M4PZ3mp2wlUghp6kS6xJ1wD+TwmMbsbtOUcasozRxVwyg8qeZSVrhhu9Wv8AEWN+EtgiAWOtAWILymZrdh//E5XQGey2oUflUVujoO7l5KsSUJ7Gbr6zXWQAV86n+vrQSv4cxv3OBmsb0OYWwdh+05218XrikLuzkvKtIeYcU27gAzHFI7Xi9A1nINtZjmVfvlVSEI7Fh9101ZB0AcUSyl7m7X7fsdS9NoA7lQUFQR9vLhfug0qmlgkcRJVWvrJ65GhELIYTnnUsKrPEPOedselphEks1mXVe7woJlcYlBzIkRVq15oWCBPD0/FZtzKWUaS8leslmY5XfvD6wirNIfuNtFt0O3j36fozTUsvZ/ZSKPKthNL+Yw1dJlokqLrJjAPM+fv3yOKvDYQv/mV5q719sJRzFEVMeBCMYIAot4KxXl5daEiFVYkhrCzdmKu1sQEQWrbfrZcoCtSlB6KU6uACJgbhRWrRITiSo5QwXu5E6sC0xLXoo5rNCn56d/PI+/Ho9fcvkfx+dn0LNHcc6n6TRHBoZ+kJSSpJS6lPrwJn+Tcz6fR3w7Q1Gzhm72Wwm2f+SIVdudmsTOi5hFpnyF2F+chRcZR3M3s1oEg9rO+DrdsDaybI6Dv+Lz/2cfW/GoyyCY33gHrTfha6RJZpnn+dVzX7+mG/QM5ByelA69/vRw93A4VDIIh5tnCoNnBgjl3X3XC6mm2q+xExWRmqJfHerw2TzCfM5ZQBFRA4qtirWoRTbLpWjXdZ2oS1Kqq2hTi9jUzYKZtTrekJSns0eQW0SMJcJVZaA0ROqReusG0uRV64DqPkpX4Sx9Gylz91Jdhpwn6djJnbwqrwe36ViseATBYU4WUXOQAavmhlCb3hJXUsblvglQZXioe7aSUNVrazHeElw7wEGlwvYagHtUrD+XEqAIs4AV42B3YTZyY/ZwJ1ELmhzF4xz0f//188fj/Ovx+TFPX4s/A2ezEpCZcwir3N0/cJk7kU5F2d0xlWzFcsmr18DL/LyiRWK1T12q2vhUOSNxIRpvY9rG4roe63Wib/de2uga3KgPADA3MXFutahWW5O/TTcyt5deA5Ym1BVZWS/A3K1ckMLaOA1NBbvV+7a1uiYxN9e53O9liBYuwDqbtwsem97nHL5wYK+xlYgF1Fq+zgFz42AmvvRWvTyaq5FfT7LENYxNgd4lIGjNRGjpB9iuRNyF4qeHu19+fv+Xnz7c7feJV9lSP5++crgyEZuQMYWSAHg47JdR4IuMF/l0yhAVUN/tzsejmxVHtmWnbUfONKeUJE1dN3Rd1/e9iG7Nx/F0rByBXLJljwgm0ZQ0pY5C2Qtp0Tva/0UePuj9T7kfeNihE2enGrVH2y/WJ1l1UtuTYQqLiwMVHohxPANebJ6mqe+7EmWdxNT62RbAj89HF973vRJQ2y8LVXnjwmuYxs0M1cIXbtMllhRmSn0la9XnXlmSYUYBFICUgoItpgiSJoKRAlEsSlhhMo4S4epgjxyeUTLp0ePrOD6O4+fR/+NMH8/TcfIpxxxkXsgCc5myiHQsGE/nd7u0S3zX2cAMj2m08/l8Oh4roflbXsNarXS1d32zxnEbLGyZBW5W7Ic6O1sxY6v1bWgeXNm2cnvp4d9wn+pRjUJzE3wJHNyrEs43zvY//fCFXrHGYPTCML08Xvazrg1RsZRLc2y+SYhwDheKXvCw7+53/b6TQajvmVA7iWG430cYhxOHshMxszJgtXM8EZGvW0V4qGqASMQjhmEoubCwiIzH0VcJOXejcM+cLWev9VFd10lKq6c2TZMVy9lyzvBCRMwiFIe7e6CwhqKz3S9y+CC7Bxp26Hbo+8zcykCbpOoFu7k5mLgqGy6j4SXneR7neT6fz7lMVEkEl7HlFRiepokC+XTqVBJqugYk7EOipC3l5BbVl5WqjFC53qAmHR9QEEm9RiYWEosIM5gTBchQ9S89KJLbjGChDqwMFB5hc0U/jdwNYynH4qPLx+P58zQ+jvnJ5dH7x9lm82woOZe6wRoRdyIqCUm8I+wSHgY5KOWnKY/z+TSdx9lfmoamU1TD42sG39ZG1FnoEbIgCDeLza6j7tr+/LK8N5trk1DYfL1YYeOaXKXFa9jWz8Z1nwu8YRpWo4CN27J+89WvrNe1vaktHWMbpq7Xs56/+U0bVGWp2vhtdmftWv5qxdf3KsErva7l6gnE4UzVOngzFeQIj6a2Fnf7/fu7w7tDf+g1JTrsE4UDEmEgprjkF9otW6tYqzoD6/ZIDlGNEAg04JIkmeTsxWAoxUrJFeV1rxXLFF6i+DyXrjOS8/oTT89P1WswK0Kp73tVSX2viUmDBYW67v2/e3evdwd0O9ckkhwabiuHhC+E1KuwVLhVsoathfAoJT89Pxvm8/loVpipFRejzhZeJ4/lPJkz3AgzWKIxj5LvqEtdl0ikpl9g1uqvmaoP2WKIujrEKaRxTsmFgCRgCjZw7dxtMHcxcgEFQcJD4IJ9JjXLAc8q/8inp6l8Pc+nOf77py8nw9nCuZ/C5hI5u1k5j6NZyblIGpKIJk0aA4PLfNDhoesOSewsxiAO1WZhr0zDW5P4JvD22sHGHC+yBhFRwZKtsTB3W/ZqItrSpRcHg9bJ17wGIgmBlyqG5dcexziOV5f32jq/TOVNOPNP9g7oe9V4L+9iZWIILeIQ9X+/V9W3HXNalJdag4OqXARv0Xw4oziKwpLwTw+Hh12372RQUrFdv9DxiAl9W/nXpPLx+IRNuo4XPx3EslymOIuoMLuYl1KKlSI5Z89hZhEtVeTu5J7nudhcFm2uXHLlPHqxh4f3ZgU8sKb+4b6pnrB2H37ydMddF9ITp3CBM4KaBsTb4+8RqM3lG5getf7i8fELJ8o5E6HWWFR1SlSYkCnApVgUYy8Iz1Ebv0AcweRHcM6WU9LUHfrm3LmBHcQNd6hDy0SosIIjGBRVcKnaESKCRJjVWpqWfpsdHq2DLSw4OeXsNhN/tPlTnj+d56fz/Pfnk5EWUmerXAozN6vDa0TUddoPiVWSWKIYEDuhvVAHl/0wIzssJa4WXLfTa90t11LCl2yiyxZZW6xuV6C3/I5vKCb1rVIWWQS+oIZYS042bB9mr4RwVYFbtQvbfb7CyNulwi9Mw+ojrH9d9/NtruTbq/SKefFasvDltOPXzs9ADabeslzbF0wUwruUiMjch6TVY2LClc1d5C2WMVko3u4AdsOuDpEyU63WKtliBCAiXRIhk8SJcOjS/Pxo930+Ow/YpZ3Nz1CSLkE6AAgFgEQESARKiYjdw72XMk1T2KJrVCVFaxeaFYWJ6DRBU586s1IR8Ok0T9N0Pp/neSYOKyXnMud5LhlwkkREz8+niBAQCyc+0v2dE5wTp52LOEu6uy9pcO1Ee1AKGRyKIIpgjo1Kcn1aDjiTmHtdfAELb4wsM895Pp/Pu90u+5iSzLO5L5huMKvs7+52EQzKc6EyT+PJ8hxmPWmfuk41SuQ8YmTpUtKU5z4l7nZ7qGCuzekIstKTqu0EhCEOYlAzGc3C1lCSg4gkgudwLpHDLIpjdkaS4yRP0/nv49N/Oz1/Hs9fT6fzZFmGgDoUwTWetpzP5zMAZt4NQ9f30hGREwr5/HDo3/fpw9D9pU9ldOtiP+h5HGueTl+dpt84bniGly4dq12I8Otowpe3Abi/IihCG/UE92Bpp4KXm9gBwBY7aF+51CCvjWEvrSJ8ed+ayAqvH7h86/qEf8rxsprjB4+V9L26xPhmVLJqZ8RS23s6H5lJiNF1tflTLZgUgap0STrRJEjsHXnVVqE55mMoRt137kAhZh0O70FS4+Qmaigdudf6oJ1qhQqjFAo4QdCsA709nLt9Uwphwel4LGYVS3Iv5l7mbMVKqUxypUVIyg0GKtQ5K7od9YcsA1LnpMLJg7BWUv5YN63lIXnA5nmu+6RV55RaLhtMLCwqKqKABnNl+lEEyDyyzZFLaBIVMIc7zIOz5cm7LuaiqpyUmKEKN9DCsSbAQcYQgBmiIMAZ0lIhC8ynMKNwZgkOs5hnO4Yfz/nT8fzpePycx/+YylPxKcvkHBAiQbCV8OK55Ol8zrkMwyDMfd+TIMICbj6bj730A2NHGChil3Iq2tGwa7uRfkNx7DeJkdXFXBpd/JLkb16DrQGF3/RH5LgSVlGmqO6KBL1wEACsWMMrF7GBJK7W5KV11fK7NwhC1au6gCkX8/Fyq6c6Cd4cNNqeBP7thNm3jqt+losmFUGidUZuja7MrVUZB3vt2hDOnHb9MPTp/rBnC3gGoJq6TjvVodMkkChkE3umOReU7OPjRBiZ96nve0KS1KfuAGrZDXCd0QzuSCLMhAUYi3vY7W06OzycriTIAQQhqKbjXZMQh5OQAhl5nrNNOecwCHP1V7j6AaEOdU6ZUuoHHu6diTQ5Eogr4ErhslVKeO3wBb1xQixN7ScrJXKlZDjBgtxAIhVp7fteU9IIhfTKd3THHdtcqNj5eLI5n8exacSqhoiIhBcvVqZZU0pJJaWUupqdDYITHBAOiBADyiiAcm0EURjOJCTiqPpszgiLTDgV+zyOn8/l4+n4dcpfp+mMeC6Yis7hCEYIQszCy5yznc9TLkWEpdMudf1umEuZfQxY8jnZPKgMir1gUCoIEk2d5My3MGSEf8PibvjOfOEduwkr2sbVemeK8Pl04R14uJub2VoJy1tJBWZDKwRefqlWZ0m0cO8//ail062K7ZvLvl3gH1jtf+wiOXBLG1/BnVbE5eDw3dANw+7+sLsf+p/e3cFLBQsOh7sklFLqlJMCeSwT+eSYR8wlu3m2MhNG7vu+73bKrOHU7VA1VLDUHdZQvTq9AQBlminac6zey6LBAqfm0tf/P53HaZrO59Oc88PhUIpJycVySjJSZDNjm0s1cAxwIS6kmTlIC3WRdt4dIg1BUdOQ1znjJXe4NAFY9pUrLcZgCiv1qsb5bDZHhHlYm+bsTfOZVLrDfq/KGpxA4vTTzz9r3lsuXkrXdeM4TuexTHPMhYqbMEQjkZu7sM/ZVUUkuk67jpStrvbq4rgLB7lAWus8pCr/Q4EICKIhthPj43n+PM4fn4+fjufnbKPHiTAZSojBCZ3XWizLboDT+TzlXES467oudX3fC8sw8NPTk5CLFbeRyZQpCasQWCjCzIjUF6+BVuoP+BXZ0psiiHEcN5E2T2NeM9IeiIg8zud52sq9+2YPp6Yv2Q6CU6z9lLltjL9PdeR7x1r6RU2Zni9xR4SKVIoUlq7fN47GNkj5RowQr3HJX23qW8+5nm2tUr0h7QGggEeQt/h4/UqYRwSLEFN4cSclGvrubr/793/5+V9/+bDv5N1hQBQ3X/StnCNYLAk4RSSmIXEJN+QpZ5/8NOVTGUlSSvPjl3F39+7dh3S4w3APTdABxK0UGQQGiaZOU5ptOufsMC+ePRc0vYn6fBER2XPxcjw+lmJzntzt6/PXlJKmNOzUELvD4TDm8TzbbBHEzoXZRPNul7uOd/tzSjT03g0GoQruBbfiposUQrOl7q09dICD3a056kZtNh6n4zSdi83upYTPpYQLESTRQ98/Pj+lrtvv96kbomQWTtK9H1KnjkHr4+zvDuP5/PXpMR/P6ZQxlTnnYrPNBiYRFSIB1eYJEKak2nfapSAUdWYuYqwqiTiBgfCgQpXiRYSSS87lfMpfS/zXr8f/OI1fH5+fz0eSIWqNNGuxsQKvKcnzdCol8jyHOSvv+n3X6TAMDw8PETFN09enr/M85el4ILvvFJaJbSYrrYckCYsbVa6KXuZZLKhpW0hXs3mlEotqhRXQqFqrXQh3K7mUUqpgxlsrZ2tpalpmxa7+XCtQbQCaPWp+fjUKrbycL0mpaGgffdcl+OenOdYUpvuFnGDuqExPRKWiM1yUkuCnh8PP7w6/vLvb9XJ/N0TkWDyL+lQ5nH1GCZ8dJSi75ZxI51kZpdReQznPXz/ReLbjl2H38PD+L3S4x+4eqQf3QHOAEQEiCER0miavScqcy1wiHHDyCC8551q85MXcTQTEXBvKqFLXdRB296HrD3uUEgjmUCP+Chs+vO/fv5e7gyeVrg9JxdGpynbWvPbcFg9rA4ovLkxVYV+efC14apyxWjfR97uuU1Vt5Xm8YGSEFTLA3W7YJb7b2fHMz1M5nsdxnEqe8gggzCqdiom8GJhcSKaUhr7rOiphwsIR6uZkLuzMHQtrOGcvHpYNX87jx0+Pfz9N/8/R/jFPp9OpFD+k253G3XKpoInV4L2Tvuu6Yej6vq+yeKfj8enpyaS4Z1HqVBKRgDzyXEilMIKJWJuqUCNpuF8lDr63Nq5RwCrKWu2C12Ruc+xioewAG4fuNaDem54+Vl8OaJjt1mr42/kCLOEAbZTp1krQV83EmhSooo5wZ2Zas7DXCY7Y/NY/xzpsYAsPBNxBa8tycER1gSoKa2bkroy7Yffhfv/Tw+H9w77v0+F+iMi1WTutRVNumhUTmQRyGLmQCUEQScjMSi3uco9xHk+TjebZu9PYHybdP6Av0A6phzvMl/4rZPNUWfilWERpz47j+HSs5MZaPVn7YiRRIhJhSQLB/X5nBtvBMjkxIwGcmXMu/fv36XCv+zuTTlPHwg6qrOS1I85rw3ejuektyqhsBUItpbRo3TmDiUQBwDwIwzB0nYqwWUlmToyEYHK5iHsHUUTSIUmf5IN0x5Oezul47ucxj1OZZyruuWQzmIHJGDzPZZ5L6pRVmIskEu7u7qlXmLhJZJ/cj3k6l3gc54/Pp79/evx4nE5dX5xERSRZBfOJACRNbp5zGcezt2JfIqJuSP3QdX0vKY3ncynl6/PT5y9f+juR8NT1u6S7rlfiKD7jHEKqVd+9Wb5bNuSliODtfrRr6rKlMuEgKbnYpTbpP2WdfGNBrst+XcBce7OI4DVz8PsvYxOGXCbdQsSqVPElv+hvxRG/9TD3a2vozG1pEbV+OV8+fVRGz3p36HeJB6VepFciBYFTtLpjIgUAF7hDmELCiJNEKFEooxSOVt9UKqO0sJd5HI9S+zj1+1N/95D6Aw97iDTHwQJEXqx+jQPSdUm0rsbT8xMHi4iZ1SxASomZmVlVRaQTHYbBHMXDk7ikIA1oMHcwORz0sE+7PYUwcXjtz/z7J1mbwJumhE4XbaFKYd7vdpS4RK75CgqmgLtnuC6LJIhQswl9wu5Ah6Gfc388Y56m59N4OpXzdHo+oqAh9NmIqBTzKRslZQ7RUJmJyDqxDq7nMY7T/PU8fc3z//GPL8/ZHsd8LOXQ70RYJAGc8y13o+Q8z1lYhbn6wsMwVACVieacz6fT0/Ozu3kJjjmh6zR1TApQcXgUdTPU2KeOg1JljV4xGgBgyzIaxxkbyKCpTkdEBfA8TufTFTbmRKSVZ4YLynC5mc3SqjuzApUFAiGhVaowbqLuYEQQrWdeTthKc5go9R1vFJ+uvIZNDcKWrfAq5xrX/XgZSH0P1CqX78+8ZQm/kmF5+eHVsqzvXK526VxIEsQ4H48q8m///td/+7e/9n3fqSzqI+X49AE5W54iT4PCptN01E52yAFBNQhwR7HWXUSAoeNswYYMSuQTuVAvK7kf1TaYFw/KVmYrNh7P7udxTN2u39/thj0Tu1kep2k65zyWUgBWTSoypE4TRwT95S/TND0+Pob7vgoDACKiiVVUmUVkns4Bdu5dxFmdxVln4TQcaBgiSUEgiROYiWDVxY837MO19vcFgKhchrq7LoIeTb+DmOrM2Q99rYxgQliY4XQcd52dDINxRyD1NPRVj6taumCyfGaAkuDdHUrf3x368zgfT7v3D+M4Ph+PNM1mJYqHeS6FPAyYiSaOXsl9itJ7Scfs/3g6/u3z49+fjlnTySJS1314L2kQoKoA5+xmXkUP3ZGz5WxM0vd9Hdj9fn93fw8gz+Pj49dPH/9RrESUlITNyT3KfEhplzoFsTfeAciZUaa5bqQvvIZrScU6vlU1H5s/NeCSFvxy80g2C+z7stSvHhfJ0s2KvVnGN2K2/Jre5MUh39CQvus7bLHA9ZMVocCqjusX0RdcuVG3aR7/gXTGS+7GzV+pVSzEbt/f3e0/fHh4//7dsOveP9yVUkqZbC7204PlyecZZd53sutFwm0ag2cSavnz2pQ1AmFAgB19RwooIwszc8mwgkUcWc2oiJgA0Oik5CmHzxMFG9F0gs2ZAc+WxzzncZ5HkPfdjlUTi4iQCEXs9/u+7/f7/TRNvkkwexRh0TqkS2mpIQrcORXhnKgoOJELlNfizO8cr/UEuHoK7ta4En6ZvS+5au5US0ubLHSAA/PxFGzTeax1Hyxci6+qcFXrrJQ6dI5eusOQcpbjWQ7DfB6n82jnKddAw8PCJ6KZ8HR+mo3LLPmcfj3Nn57HL8/nY/YICen6YU86BAkHAuERKlIqKTlimqZpmtYZW+3CMAwASs6Pj4+fv3yepqlChQKigDp22t0N/SGljlhAHFbcDEZEIK85RL0wBBdWOSqtqM3zGmKw3ayEK1LT1esb4Oe1Fbvp2/NCqaERg9FGG2gu21b14KYREzNtPIs3j5eKz6vvINTIFG0pvshQbi0L/TAqs9qLNy+JOcxWlyF8AbhaAf9yqUSwosK7w/5f/+WXf//rv/7ybz8PQ3d3tzcrOU/IFmXGbJGnyJk9sxWN4ud5nrNqMDOJgBldB+1qy1cPY3cQISUwQQmFYYRI7fLM2OYwIQ+KENMuxTj7aNnONp1HZvXiNpdpynmei40pJX3H2PepE06CThHGGNg9RfS7IdZok/zp6WtSNjPPJp6qtLyDjSUTmSAzF4ZIba8ixLRwWht+/DKs8G/Z2YWMX49SrFhV4hLhCFHFMvib6hh34tomDuyBXOBzIYROmlLf9zz04FoEDjBHbaybiIbei7Hvut2Qzof5eB7O43Q8ldM4j9OM8VzKmXBGfJmnpykfyc7Qvz3aFGLGlHog7bq9Sl+pUcHkXkg4kSxBRDtq0c1qF0Qkz/Pj4+Onz58+f/pcrNR2UMqkgY71sOvf7Q996hIR16Sbh0el2KNmpN9UeVpVjF99AK+vhEU8h5vmblu5Lxf/+v5SS3ipKaQXoc3ynF5n2G3twjpp/shxm7msxKcFoK6GK5jxvULSHwQ1LrViG5MaHg6vfZYZzoxSTBF3w/DTh7sP7+9+/nDf90kOA0qxIl6MSkdziVmj5Jgnm0YbS5lGo9E4lFlAogqdoAl9QqfMAAXMQAEBqp5jbGq6ciEjMqEAe8DdJUj9+R9f52JmcLecvUzzNOV5nkWwv7tzP8CKCEEJygCDuaqecNKLFDF5yn0gWyke4UIhlAkzxcxeBFnhSk4sLE7sdMWI+cawvzXyTrCWe8k5T8Wyf0+XuE7KZhdqTcpcKAoBPhdXm+ei46y7nlRDyCrfOQk6IRClBAfxnnQYumEYpqHfT7vxfB5PT6fn0+mxTBP7fxzHJ5Rnm5/y+FQUxH3XqXQiPWuqNfW0NOiOCBEhopxzMZvneV0sq10QkU+fPn3+/Pnzp89PT08snDQhJaVQ5B3Hnej9bujqFksuqc/PIxBbzF+JmDg4yK+34s2SDkOAVoSyKexuRxzMYQYmqozchhosQ3tT4Ngw//pfF1IwobYhrpfHFYYHFqHyqrfD7c1GtiVaINla4Hr507rOsfgLlXO1vcPbqGFJRlzFFG9AiXStyEhEwnzTuevVfApwkWZwt6WEqg1TeDhxRKAUIt4P3ZA0ykgD7g+7Dz89vL/bvbtLgxIPipihkCTiDCOYwhUG//xJyHJkQlfyqZS59j6NkZQFIugThGo5UjCpCpShFcGSZbAdndIMEMHcSg6LYmWaspe5zDnnUgt94c6UVUsuVGZ+ev5MbP0gA+0RiyAIM7SDCFQARhiiHD7ce56nTnK2nFMBnykmikkid7CeQHy3f0fOQoqlBd6KGRE17bW1kXxlN8eLpmGNg2hmxeZ5zmYlLh5ZhFAYLTL/dcJUKU7y8NpJGq2Vzq7rtUR4mFvMJc858yjnkVWoTzrsSDic4CaqreDSADC6Ad0uyfMEOpv8KvSp6x/t+On56e9PMYEK9wWUpFNJqr0wM5MATMHhFY+r8O08l2w25fnx8ZFFSDildH9/P+wOSZPZ/OnL509fP3768vk0nkm563v3cITZNE0f/+0v7/73n979snv493/5RS3bNHqZut1QypRzcbfawv5NvYZ1QtcWP981rusK9xfv4FLTvUkrbp9ca4IEBjF83Z+XltkUS3vyxTLUySZYwMLVUqzvb+9icQ5/+BY2Povwle8azHSbL6h9ZZg2nTV/71HzCK5MBuz77v6w2w+dYocy7nq536VBSTnCzyjAIIukjIFrnX+Agh8GdCw9+8zTsWA6R55stloQJ57huebSjNjJTalPHTqFMJZexPDAPJfsZkZeE4WtlxSLCBdXAlUJWAFxeJdN+r7fD13X8+n8WGwc9neaNDxIFOHQBGawgxkhIGdJQ8+cMZ9yLjzDR8TEEQJjBmtVFPptlRHXh1XZD4eZFyvmJWKl7TPiO44Db9LntZJViY0cYA+r1SmlTMTEucRk1CVKCtHQoqqkPapWJQPhR+Zn5iehv2X/nP3LOT9O/pipVAqmsLDitjYM69phpogYx3Ecz7kUAG6mKd3f3+92u6TJrDw+Pn76/PnTp8+n0ynCVdPyRQ/PvfpfHnZ/ub9/2A/7fmAX9KkU1UlLSU0Ezs09NljDsnXFi72OGhhWlQJeH8FLZYT95rWx/jhTE0rEVaMKajMSt6201t9lujU965/CVy+gFsb6qxewvo7ftcLXEbzJa6zH1QnX593ojV57EVymAGI/6P2h/+n9/fvDcDekfH5Sjv1h2HXSkZPNmAPSQ7iV6pIBhjCQIzlEMPQ8xS7Bz30Zzy6zz9NsTsU4HE06HkEIAxXXTJwSVJtnFRifx2LFDQxKKRFxEAdxSuzOTFIomFNKnFKqpGoikY6GvouI8/mYy3zY74mEREQKuSEFSFsQyQQkhJIgj5YF5jBwELsTQWhRZKkIFLPwCqZ6xA+LGHvrZVxebWhcHbel4+k6Dbw+NfK2b1VOaiVLLJKoi75ARBT3MrkYa3YRJNHUF5WUnFiNURjHXD6fjl/Ox8+n6eN0/Hycns7H4/k0l0wiDQ967fIr1FFvdp7n4/PzNE1Vu7DrumYXUrLS7MLnjV1IKa24IYCO5OeHdz+9f/fu7p5rGy4S7Ul79TzkSpcveZ7nK69h7bb4R5L/ciWJ90Pt3olIVoYKU4sbfvtBP6CP8FYsesNTuPnrtqnvBie9+kB1HL7Nob652rWyAPCFvlMx7hi6tB/4/V33/mH4cNhNRw+b9vsk6kpGZQ42miyEqBMQwauKaQEMHK3vQ99BwCpdP/gwzseTz7Plyd2o2shAWDhH8TALdU8eq189j5OX4oaI2L3vS+v3Kypq0haYJq7ZB9XOShARqHSdAjAfp/NjlFFqrfKwU3MKh3dQRpWWJAQjoJnHTJELl4jiDrisPQ2bteS1Md9CU1pYCdhoi13PNw+3cPemRWtelhSJXxEoo/YLcGaps2gtDtw+NY7WLrnR7dde3lVeNsLdcs4FEZpYR+p652LEmTELf55OX06nT6enT8/Tx/P0PM7H8XTOEzMHk0iTi15BVmlMvfpblb9v5/N0Hsc8z/UyVrvAzJ8fv1SE4Xg6VrvQdR0RVXXUqlX//u7+3f5u3w/D0IECTBAGdUjKKacs7i7eSe6u+1Bw1Vl5AfjVflvLf1zepoW6vkjiAldgPgDSy64e5ngt9q4IMLfoxutSwwJPEukKF1/5MtQ+w0QpdUS0zRRe8AKKtbLT3Gr/j3Xm4Hcd/lolRUtevIYvbD65TfQgomiS3f4w7IZhGJIm92I5h8+HXf9uPzwcul3yyE/7PgRJ1UWJfSJPKBYoQShjLUaytRoFyrS2YFPFXtEZ92k43CFPcTqVeZynM0oGIER1aSWu7si8Xu0//vZ3Cggrs4bZ3bsHZSHF4acPVmyapmKFBX3XV54Mdwx4ZctFxP1hv+u7aZpQRnOOnIueeRpCVPohutTdHYr7WHyM/Gk8n8xm91yo299rMIKV1CMMLtGaofFC6Gz6YK33IfBG2BsR7qU2mlutAy6R5jbXzARVTcyo2J7XRFXtUUJMHkExTmNCvum9RgsHH4h6jRkxjqeS8zHyY7aneXzMc0708fn54/PjabbRcTpNc5kJ0elQVXarRK0yV504bZCiquowDCXn5+fzNE3H57OIdF1/2N8P/S5pZ6V8eXr89dd/fP365fn5qVgZUupSFxxuFla82DnPiLPc7XYsfRJp2WBCElDADSI8dOyB8C7ixmugihD9voD5JoO4xgW4uP0v2rHWbteb3MSWoUDNjSB/zTQsZ66kR6nYRCwakNcLciMtv5WTeCMLuV3eNy0wvnG0zMW1edqeMPxqp6pKvIDvD4dffvnl/fv73W6Xc7Y8u40J1ivtEoubwnoJYa/kCrIZ4nBFqaldDzMpUfsABsEInJSTgmv5IkgSVOCBWUgkTckjcnGzbOHuJQMTTQSUXFrBReD8dAqAWVlktx84ICpkJF1iLqLi5sRR+QvAWuNUhzbUTVQ6GoqVKFbKWMoMnqFddoMNz7nMEWfzE/zj6Xh2N0ewVGVmeZsRvy7p5ifHNhDYen8rBWflPrWiLxYWY7/GGlg4peRespWy6AnXaCRHPpVTBwsbDVlFluBfVYXgiDCEEwUwu53LfJ6nJ8P/4+v4ZcZxGjOFiZw8n+Z58jiVcvaJQSlpld9iDyfjiPAgZSJSTaqqKqpacn5+Pj4+PY7nUZOqaFXc7brOrDw9PX/8+PHr1y/Pz8diRVhWf6FYccul5IBH2C/vP7w/3PXCYbkGlRZGBG3axVUXjLHWUKyDs2Lsa1RflamWyR1EtM7+G73jl+DcahSWZkjr8/tn1DVvV2bt9oKGbq4b/kL9/AOm8NZ3EF1RzKpmzDVYcF88XyyEBUbgw0/vfv75w3/5L3/98NP7/W6Xy5RzgU/z8xf2iWyiYiqujI4J7sWLZSdyDgt2BwxBxWnMtTNJMMDiSdD1SGq9u5ACIkAERNDtEJz0HMqleDGbS2lFRKWUudQSTwrYbFEd/qoIJsqs5BlEpCqAWC3raI3t0arbqXWLZSYPouhYQZSEcvbiOecwRyl+Bp/Mzp4fzZ/hc8vzSICDZeHIAkCwLFzmH8Ujq12o4ELJmS9hvKM2YVK1Rg9tR9/3zJyLzXmuzkSFGd1sMjvmOfJpLqedRN/3zf+X8OonKYwoCJnieZwfp+PT8fgxl//66/MTNJsxKycNoFhkj1OeDJS0WXs4mq50LmDqWVPXidRtT0Xk6enp8elxHMdivhs6UR2GXkXN5qen54+fPn59/Fr9BeFGizR3D2OiaZ6LzUHYDd3PH969O+yTELzA2YAcTBHkLoGNbNs3FaX/mccP4klvzgP31jVjebE9c+0E9YOnWqswY1OaUQO/b11APX9tpda0Wz0ihGLx8z0u0YSjaa7mf/vrh3fv7h/u+7u9yj6lRkeMgxx8ZivkZZYoNfXWpEht5uwRAqm1SqQIOx0lKEBGcCEq6sWiE49ESSuCE+ZUi6mFWbhPfc6WbSqOUmyes9usQYKqoRPDft9Y28J1lVHJVVK2jmyTPFxH5qbYiQhCC3WCuKjAs5OFnIEc5dN5OsGP7qfwWRipU5VgMUZUVQVigIt7902D8Cq+40siySPmnIcNwrdVA0SjsweApAm1KrMYJwqCm1OEea1fMj+f5+lpRPTD2KWkqU8a1gWSIMiTQCUzP/n4tcSnKf/tPD0iRiGI1tx89dOmOTtqM15d7ULNgzjcI6q2K7NU65Bzfnx8HMexlOLu+909i/R9T0SfPn76+Onj169fT8fjaheUmcJhlfMauUyCgMX//tNff97dDyRagooHGTGYHUy1zebWj15rKLhCkEzkxEy+bfeyLl0ScvNrVhJv+4A0T+GaUIDavQwAran+izcozHIViVzwiEZQZWbfJC/X31pKp9apsL5YsYl1KlyCkSssgC7FlwvgdKUu93aJ1DZuioiqolIFEmtNswAShQPmxUpxL0SkKanKzz/9S+o6Jko9fvow3N3JbjDmE9wgEIH07Nm0V/R3cLM8WZ4LZ7hRWJgXdy7BDlIjJwLL3c7PU0UKYeER8BKZ7MSsir6HCBHBUXL2aaLZ8mlyR9/vdof78zydjkfLUyKpWWQsdLKquKhdsgBFkCzlrRHgVueyeA20AQSXML7SqLwY2ch06g9PRifPX6fT53I+up0JzsKRkluEd0wQCeYgZLNpPN7tDwD6vjcs6j7t15Y0QeBGKMhji+nEMAwNiHSP8JsM1Io1engp5Xw+NxQyMFkenx7/ut8z0ZenL+f/8R9pPB6Y+r5PIg8PD/t+OBwO1Kk83B8nO9r4VPIk/Otz+e+fx799/Tp2g6fCrETeSz9nG6dciiVmJq3C7RyBpU9cqqJzKqqSEovwNJ8fHx+Px2MpBYCqahJ3H8fTOI6//uPvX79+OR5P0zQNw6CqzK0rTE3JTGW0Yruu+9B3P3H6QPoAUXdFWJ4BJGPwQoTERdf1krzE7z2IqYo8+C0sx/UZvBWoL+DrzQVs05DLIqxcpuuFuoU2bvaNG9PQAOcLYvWtXMY6UdqZF3GXN2//9lTVI3CmUIYQdknRa4SxsKSkSh8+7HfDkLqO2d49pGGnQ0+kBJs3J7nsvdJ1wlJMzDJ7ARs3WT0TI6nqo8K863meSzFmomoqjchmZ53Pc7VKFpFL9nE+f/oMDzAJEwj9btAumZk4GF4ZPnV74EpBUxUV4hqNRRWhgVWdlsvYXYLGi+fPjlJISvgIenY8kT/Z9OjTlzKegcxMiETESEAEE5iCUNwoiMHfzTr5ohJARL5JsdVeyHHpTlRenuoCQgF5zqfzqWGQHlOeyzynlLqukwAlnYWfjqcZpOeJQcep3N/dPxToYZ/5/Bx2LOWpTH9/fnqcpuds07BD6mrWA8A4T3PJuUZnxIzW0sVb2h6ochHMtXJYRHPJj4+Pp+Op2oWuSzVYyDmP43g6HVe7QES1jLVOWnezYtlmt1kYfeKBaE80eGiJmMvEo9bN1WpzCXK6Dig2bMjKDLsoDrVHLMvOUBMqyjUz7NZk09amFewL3IhWiQRAq0++NLZZ0wO15nx1/n88R/0Hj/XWrtlQwRfQ+xr6etsuVJIpEdU2oev73PpERhIelHZ9qiWGLJAuqdCHD3cpadcpMzrljpQ8MGdU3dcIhDE32SzUBIKISq/GUcS9uJtQqHOYew63YGJop8oUc+sDEFHVWLO16pqaxMk5+zSPz6dd1w/7HbM+3L8DsxMiPKzwVfLYm0iTU71feFBYBFmVUbLCsZhyXnTTsWAOYAeMUEgyUaY42nwiP+Xp8Xw8zrNxZXH3bl7IOUJVDRFMUympUtmCq7H48XkSEVaMhW2R4a7EhuYbvnGGaZqOx+M8j8FkEc/PzwF7vx8kJc6lgB2sw8FLObtHRJn99Hz+VHwIP9n4FHYq83PO/3j+OhOFCPUDMZVKOgHMrZitGdnw2LJywLdXtdqFXDLgXZf6PqVOp2mc8/Tly6evX78cT6dpnohJRUQJ8FoLNE1TKZYtm5WhT52kJJKSsIh7yePZbK5VWMxC3DLWvqlwuO5Dseg74tp1X/cCvuER/xH6w7XJ2Kw33oKU/xx78QePRnYIeOtd4BSusI5lULkbUj9ISirKkkRVdp1VWi0LCAYDZmvcBCyEqDVuN695CMAhQsxSWCKiGCgCmTzMS+0Vj4oOiqNyezwsENksz1PJ59PZzMqcLWcqzvfod8Nhf4++hzDzJaBb1OKWdzxTRUvgqDJCXojJHWEoXmTZ6Zbn1Vo5OsHBmTizTUwz7OTn55yf8/Q0jyXgCHJaqngv1eh1vxdNtnT3q9qwm63rWoVsCSdrlsrNixUOjohAzPNcG3YzkdUWCa9Nq+PpOM9zseIlsvnz+TSk2pDWDcEiQbx7eGdz8Txb2En1zECZ4/T0PNNT5HOxs+Vq76qYBTnW9oYRziSQ+AbZR1WIG/13tQtu1S70qetU9JiPz09PX79+OZ3PzV+QKm3bWL8E1H7cEVGsMPfEIapV28HD5zxToVSFXaW0uJHa3KuP4JUWNfSiDp5wARdaUA0HQ715k9V2OF9ih+3O3JIUTFvfc2UlSEq86adAYauMzHqS5uRvapxwbTVu2AR0XVhdWYrYuG03BujqZl9oz18BHEQuQpe2kk2WWEBGwSB4JhiTK+ynh4eHfX9/6PeHHbOJknSSUlJVFmnioDV2KAAszEqxysJYybmiQsStRVpV4JEOHqS1DxrDXGuQ7wQmcAIyHEzolJ6/Pj49Ps55Tppizm7m0+xzfj4eI+Lu3QMLIyn6vtU8hy2iy3VB1oSrYjObpWSUgnlGybNld6vNCwTUdd3Q9VSzeSQuasRfT0+nOT+N5682PSYco5xLcZZiuWaNptNxt7tbJPNDRdw8Z+PI2lVdYgIwnufUdVLZkACAqjdDRutMq2eoqkLVXtQ+JpXkiqB9PxiiFBvzWHIuxXIu43SepmkuOecc4SX810//SEO/asaEh4r89d//t3w6TdNk4ziW6TTnAEj4nOen4ieYM0m/g3Jj4gaFR+vCGUHQKhDtC9rXMLi4OLMiCmCe83kcYR5LFd88ZxEF5ufp6ddffx3HsXqCNY2aUhXER3iY2XmcImor4dQP9wIL87RnAOb+97//PaUkIo9fvvZ9fzgMItr3PQmrSl2HeKsPxU3f97bGvH2mUkory2nLnuRl9vyISMHCKiTmFlZEBDMoeHMZtyDIW6bhn3a0q67eNRwU4aasYEnMzKFQhGkUhT3s+7t9d3fodz0RkyhJVwsCHGEXH6H6X27koSjbvqEAkL3lSkQgAhJQ7ZXGIIdVM83wgM0+TVFKWLHFfa71/HOeo7iwKNh7Du2YeN8P5GHFuFbZpnr+aP20b0Z36+5qqpsFkauJuai6ze7u0zTZ7CKJ2vKIwlFAI9PEmAIj+dFstDlbNgQCXsr2ds1smibmcOeIqBUxdffDggQRKMJru2M3o+Aaw8IR1JqMY8GYzH0V3WYQEDnn8/l8PD2fT6e5lPM8zXl0t1jOX7ulciBpWsgyLNJZnLvDoaROVCX3E56jk0xxdH+2mBnCSiLEvNaebxWMiIQFVl6p2iAmEWWiXDIT1ZDQS7GqmRfe931EHI+np+enp6fnaZrmeTYrzFLtQnXAzcr5PHsxBqSaNQohZgpRZqGSs8GJyM0Lcp7naTpXfkTXpa5TZRGRVf3n2gQAJLRQUVFbpMfaB6Hatsu23FY1UHukwt14ZUZeK6xcVz3WtPASd8VFW/n3rdgf+a5XNQta6Ld01SdCFvSh7jg3Y7L9LWFpCDyBE4chadd10qn0EoQiURLlw152iRXmJasYEVERhECklXJcZO5rcUcQKk6Bm77bMIcViEISCGBFQ2crlS3DZ89lOp2m81jhN5iHx3g6jafTPOfQ/O7dO1YWZmZ+uLsHk4h4uI2TRCB6sDX5yW30e4kmV3AxI9iYg1VERZ2AHLBiZiVbLsU5KxQUUVKa3Gfzc8QYcbQyRkxeyyM3xLZ1GAjPx+fUH4R6MKXUMau5USZmbTL2HhHROh5HKF1RnqrLUNe4td6IOWm3rNSYpul4PH39+uV0OhkiW3EvqOnSiGpPhTil1KcupeRuJYytUHEekrNnTTlgfRo5xvBnjzkc4MRKJGyo/a+39wVAuLrejXG8nVF1AjtA5sHU6EXmZovYasT5dDw+H5+ensbxXMwiQkRZ+MoujGPOJYon6drOSqRJlKnrJCXNuWQshjJQgFymaZo6EU2p79OQur7vO9Xfz2ugpZwAa4JzSQRmz99uqA3UNqSCi2tw8fCvAoE3+HD/E4+KK1S7UvUBGSFqfSe7nneJmViDFaLsiMmNYUW6DApQArpWd1r9Dl4CaXgtfCAEnFD7VkYtwFpy8uYoGeSQAAtqVpwDpJinyD6PeRwX01DcI3Ip1WnOAIukmvdW7fv+dD6RCHl4MY8peaBTXLpWSsMUq0LUtliMCUE1lUCiFBBikARmsJibGc9OJZuDnexrsSfLjyV/LvOYkCMc7NRilravkAsVJwf5OE3EvXT9WtHg5gWl48t0rf5CdapZL9dWXYb1cHf3HBXNRQUrfBz/P7z9WZNkWZIeiH2qes65i5m5e3hEZORaW1ej0Wh0AwSGxIzMSo4IhxRyRigCCoUP/Lt8JUiBYAe60ajqyjXCFzO7yzlHVflwrnl4ZGZVVzchNInKyvB0N3Oze69e1U+/ZZqXx2k6neazSPD32Bu5aymFhZOl2BZKodN1ruaF3NjHTiayU8U5+ESYtM5WsxYnSZK4icebNcFFRPD+YxMWd4SgtfKH57O7t4nc4LDLrW5jXDgRTefpeDo2YVXD+yQInpTBamjQY6mqprWM3ehMxsrwKNIxRqeRYDW3vAImUmvNPpVSVzNm6VKYUxy7oeu60KYCAHB5nhDx/mbKENsEZwazLTu4OZq0+XcLKvHNrAHR2N3ouW8CU1u14z2B0okbt5gvusOWIP4MJiDyjTVomxPw8w/0GZn66Yu/YyX57Hsub+7DYvR8kNleiJnpCVbwzTMvBObEkd2rlmp1CeJjT4ddGLrQxdCLpMji1fNiefWymk3r+ejR0SXRDo1+Q4Aw0F1M2RxEm+LFbQub3NgBihZ+rdpCrikoOILK9jm4wuw8TefTWb0EioGYkpspMNy+iO147q+vOgldH0WCu191V20rAXNA66J51gITkb4fKCgzSASI7TTARb8AMAQB3uYas4pSYTaMo1kLT6BpwXGtp3lZsp80P5TlWFdlmPHmhKBbcAkA9wxRl+LI6zrHEMgROaaQaqnEhJDcN+WlMzXVFKxlobH55lnWSgCxu5p7s+I3r80mRhv8Pi3nXE/n89396e2yLMM44NK5dX2sVnNZ5nlN/ZhC14VREKrn2fxuOauuOM5FtbqvWs5e5rIWUwdCYAnSRmPF5maED60AiFgCSLdp6P3X0boIrzC2D7rFVh+0Fneva63V31+wF6m1am1P0EpGCHzYvRBIQVWGwxj08eHqTz/++A9f3oayoC6lZqu1uT5zadWe3H1etOQK52lZ/wZdwzMu+m99bPwfaaZSH6J35A2VeSoWTMQsofneN3eP//9GPPwej/fym9Yf7XbD1YubcRgQSDVrrlpmtzlFGro4hBCFpDEanM2IGxpdbZpOmrWswhzaGhmAgfdXN1vOujuEQRHNAkQBvyiJnnoHJq9qBl1Wd9/ACnYyX+fl7u67+XwiohdX1xIkxghA1apre6Ju6NultXnzbIeMm5C+SYyDE8zLulJlCcQhsDpJQApNK9kOJ9zBguCIylURMsxgjirMbAHFca76kOtsOpOd4SWEDPXNWrlWtaZ0EmHibZmQc1FaOrkKlFIYAkVVEBmbgzcKlru3lWTjO/Jvt+02axTSJnxiditWlmW6u/v2/vG7kk8OU/VLU6bw0Ww1XYW0izSEkJrVmmGpKBJXWPWaoUXLWtZVS9EKIMSQYoohXjR+pJuL2gdZzRc/wA9IN3hquvn9/enpXqUXa+9aSimlkbaevUHHJXHH1FqWcgyRBDAnb9w1G/vu1WH/8WH/Zr+PslPNpWat9fj4WEu1ukVyGBBYDJimiYjCBQ70hq69v5gv/6LPiUM/Iiv+/oN+zMSViLm9Pvuzb5MQhC9aZrdmb/W3qQ7MbL9d1/T7BM/gwlOA+QWWx7Z7uVAnX9ze3lwfXr356HDYVW+MkmK1LNPdlhEGZ3IhJTeCh8CAWJPEU4Tamqt7weZo3uYGCjEICzUr8eBQh0SgwY1tuGj3Nd1AHqtlXdd1LaW2eFB3Oz08Ph7vcy4phKurq3HohnGQ1FnJlw5oW/Womap9oGm55AMwSRNialUrVcUlxhDA0RkEwVa2qO2sBOYIAlIOEaqlqLsqopEvYX6w+b6eVzKL4rG1O1pMq2atpbnEROEYu5RioGQVWnXVpT+8FI8BSRDNjS6wCzMLqA0RDWVlYTDxbzF6aQMFwAQmBMDyOj/cPX737dfT9OBYWXgchg3WIcBXtxm2DkMaoo4dMZWyVM1aihM6U605q2mL99ZSycFRUkpPHu1PZ9333K7dXWsLi1at2lDVy6fvTARD80Z/As70meV/LrmW+lvXapeXji2bFwAZkQfSaH7Vx9fX+49e3bx+eStkVXMtpap2Mc3zfJ7OmmtbD+UGgjZG0u9zqTv892kZnp5hW21/6EtBkKfYK7RiIRvx67f5Pv5nefwtnvnyI5vn0pOW8OOPX+52+8PVEIcuErxWTVV1YVrIKlxZld+zGI3YiQEhOI/9wTSu69z8x7Z8UOb5eOIgAGKMKfahSxIBcUgEMThc8qd9myzIzXIuUy7rdJ5w6dQeHt+ez5OZeteVurIcZDei71n7p98HZqS1LMsTBHhZSQocIG13CQY5tLpqdTcvRWONIUFiIDdwgDAoIAiaBfSmg1LzqjBlc6/T8d05Py7ruTJStxOrbCW0UM1aqNSgeV1X6rqOYscI8GqoudRcw4E6DgFspeXciBCxoymXzazWaroNzACeBorvnYqNQfh0Vpe6Luv08PD29vZwc80xmSQhkqdtwnfffUe2BMrXuzGIBZrJrCyrayRyJl/nxb2qVs1Fa3VzkeasHy50DKtasTnQtOHig0n2slipzwcKbAJwlyAxxCf8rkElrTqUUvTDluF7j2bo8OSoxLxNIwn6chxu9sPVfhhfXMO00+ylWNUo0vf9MAzzPOdlLTmXWty95VwEJnLevJWeX8xPnb+EsMzLDy8eYibf5IMXEHFrUjdy+7M26dkB46e1xZPo833bcqEVtq0sfYg8Px3y3+fy/t3Qw2/7fhA5nNi11Lb56jjCsd8Pt7e37iUmxCRIAlWKEoSCcRdhZc3LhFJcy3sfi21/RuTcdQMsJelyzMsylVJKLqvm+bQYIaUUgoyjB619R5IcClBAk0w29/2ytmQILVnLUtbpeLpvr2Jm7mXsAzh2XUfBqlXkBUkQnvjhDDCMu8BPbSQ2tQCTuTnMVS5imUaJVrXGC5jXAqaQeoldt99LFBhDGC4OVzjFnqSql6kuc86M/PPPX4X0aey7x9OxlUxju3v3blmW8zQtCy3RgnCMKlTs9JDPqh67dBgTdYmTeJ/CuhR2BAr7/QEgczdt66z3HTiBWnUwN9NqZqpeaz2f5phiSkGEQEuI66uXw+uP/phDFl6JS8tifzoH3n17syzLdF7mZYUHrTnnNTI9nO5rsbysjFxqgauruRo1/ZNsdJtaa+v5mUOjyOJiOLBFKKq3EB9v+VlP57Y6OZhYIE/Opg5v1lLurlqfDOB+tDpw47w8Q2M5sK4led0L3lztf/bJRzdXI6iCAYokQWod1RKHwCJEJaZayrws67o6qn3Pr+G5QNt+p6P6/6+yix8zSvpwAHlOZ/rb9BRPI8b35RX01wStE1NADM2Qi+HIZhlU1VYJOxaDFxSGBBCBBI0O7tYPO8hilU1h1Z9PZ+7UNp3S7QZJQdK6ziWUXPK6rqSmWWE2+zmUvi4eui7FXmJki6AKkG6jZqsNudbVXVXL9js7+i52XRe6FEOMMRhb9Ro0v48hI0KIYAFTYPYYXE1Vvbo7PRkVKWzLpBMhBGar5rXBGs5WFb7mo3fdEGKEBE4DUggSnRAV6CrXmvTq5uMXcaCQ2srQWhStAafTQyllXdeqW6xcNVXVb95+d3/3eDoXApiy1uO6eslLlw7CnEIMEtrNdhPX84+cfsIiQgBUXUTG3dh13TB2KXFMDqrESlyCVOJCrKBtvmu/40cvXuac13UtuYrE6bw8PkynaTFfyv1xWb9blkI8QJ2JooiBQwjErKa1Wsv6AkDPfEmeqD4bWbvWxjl+j0FcvDiZOUh40ow9nb3NvG67KH7v68CsuK0BOkoYWDpy14K8ghkUmmo29L0whxjHYWjEymaf720l/ITiyIeX0NPq9QkXaSTTyzHg780LsA/2ET96kW+r8d8ytnzvr7+jZXj+zRdr2fe1gIiaswsROZTcmeWDfN6Njb9VP35C3dFU1SwiKYWu61LHJGsuJxIed4GDEZta9WwcIktqXqCXd0cIwhRZHEIojbYQxQ1wVEUD5TlEgXSk0XLOnXStXXRXr6iea9FQtHYWY4pdFQmPp2MDotRqixNXMxYah+7pPd1e38QYOYiiyahRvXqZgyVvSfNMTIzYaBFE7uTOalbMtCmRfAN9PLCbqbbPMMZAZkK83dscZA6tEgQc+XBrEiFMgBCJe0cGdooN3WtZm3yZMm13MLf6xEFqgW/Vpk8+/fLdw7vTlGG9W0fUmWpe58BXgWIKMTBXhZk+SQ/wtJ+6nA4sHEPHws3gcBzHICEk7roYI4GM3doQDjJyA1XHDLrEcwI+VlVz9y7JtBzvj/fn5UzdfHhb+930eFwfHmQ+e1kXACEG2Xo6PDw+EFEToRkQGmHHN9osOYhowxF/y31OQthgAsDU2jfnWlqUcCNEGZgvgdW/bbggIoCWurLVKDKGsI8xgt2qlYU5QWzzSWenKMFJBBKo6+K6xmWZtQ0Uv7v2bJrFD6/ehiDiP+vjOcb5t24Zvkej/OEPPg/jbH4KxL6xcPF+o9mnXT+E/W7oO9kdxnmJBu/7nthIZy8oxULXkQQSAgi6wiqIwAomWIAQhFAFkoAILpAVtUALFOBAhAAEiTX2qg0VyuZezYpVz7kaSilSYkrp8fGxqta6mnuMEkQkBCK6utrzZby8vjo4Ac7ackh5O8Oq123udArNepvlwlxikDIbKVyrKJsJWSWvMHdXbyt6A0kK0rNDQere76+ZiVKiYYfhQBQcFwNBFuIWdemOXGs1d6FLwiAAcuLGGVNXDYHAXULmiNR36tKl3TJbrTSd1nVxXXInJYq7NrVIQ4ilRbyBP6DtatXr6+sNrhc+HA4iEkME3LyobUjQZXgEozo6tBR693ZzDkwcDChDHyV217r2Qzh9/npZT/Np/U//4e43v3r7qy/vz2uOkYzYnIGwnNcYJW0u504kTfTxXET7vbrw3qacEFmenKNay1BVzbRqbRFbzr8Pko6Wugq45iJAxzRyHEl6sKsVyoGMNVDreRve0ajWzCGElGJK0aq6f+go/fxaom2p5e5GF8/IFBM2rPvHJ3n6wW7iRx/PtNj8dP37X+cR/L0php+Zjn1YtkDkxKC2QeVN428XN86LhgRORdRClCgUhbcpivDm9dD3/e6Qui6a1V13xbB2tVDOnudI/vjuYft9zA+HgzSzdtt6B3iACDiBDbxHXaGPqDOqoCiqkgscEI/Rg2moWjWb2Wma5tP5eDw6cdd13bDruu58Oh6Pp1JK6sLV1Z5T6mI6HA7P4rzIqaHTsR0GXLy4HNYSqlytarGcY+wk9ogjQkRgwMhqLEVrtbLW7ObkVt03xqoTgBB5L2mIMVEX07CDELoeXY/Q0cWEfmNPOmPjoMQYPmDA4umAtb8/3V8cXfw4xut2eg+911rGnjW7a0/O8NWcBCRwJd9MVRGEmwumEVMMnYjsxsP3bxgbECgNcgDsvXTcO3h/sQiBxMsv5AWYgDVwz3R+c5teYnGsyeqffXR3/8u3/+Yvuz//8quvHvJXd6dv3tq6+E1/kABABRZiNA9AD6BLuuZzLqWW4vr+3tT13TxP87oyy36/EwkUmITdvRbLWp1QSjWzlhVim0LhiX9sF+XRe1X0s39xIkrgUdIn17cd+Hz3MNho7IFC2CaXD2TWKUSKMcYQg2gt38cafvhwe34z56e68PvYsT8lvuD3eDzVht+nsvy2wvEk3XsqXr/jBYk9siRqkSAexZ8SBwRZgGgS3A3OzbiNmoNbM4Y3P99XzbWqu5djt99dDYcDuh4cmzEGSBAiyMCEyLCCwqgVUj0Xz6uW6mrkYBISYvCa55zrMudlWQxs5k7SmPPn6VxLKTUNw9D3vOUgi6DpqJ5WZU9TWFPZXgx0ADjMzclrthqKxlAQOoSEECCEVi/CQCFXzVZLu5za2cicJN5IN1LqKIVmLYfUIcb29JufyxYL0O5bH/b6uGU+aoIAAIAASURBVOyAf9SRydVx5egIlUkJKiGlQ9RcXA2u5grTx3ONDphWdaBZqhI3XgRzkwz9jvNx+1zwNN3ACTDZhJ1o61nAAY8tApk5AQHcMWYgB17iR7LvcbiVT3/25i+/vvv3f/lW8O7xQYPnLnVpt/MQKqTURjjfjIUacfP5EiXnXKuKhJSSPF9w1JpzboimajXdBCD2Id/ht73JbVvvHiUkol5i4pCMWV3X4qhGoV5YA7hoggC4WnKn0JDQJOaBnrJVPpRUPb3M9mLyXvXEFz9Yu/zVLh0sfT9CAi3sdCPDArgkym5X8PZrfXCFv28BLt0KPugLPrCupmc/+PwZLuEC3gzYYJf7H3kjIwvREGIf0AeJ4lFad2EgE6/igVHhgry0nqNB7PDNGz6oWi6+TKUUZ8bplB/H3f4qDAekHqkD6xYVJwIDfAfpoAVB1adcbM1lXWYxdFFCiCCc5+U8r+dlWtYSU3pi+/ZDr1pLiDGGrutS6oNEN6AZgr+nhgI/RuBgAKgOc/KmQUBZkQkcIANihzQgDQg9JQlJ2Wo7lVtpEGdIDGmk0HlgCxEhceg28gWsTRMtMvH70o/f70FIcACJyB3VURmV4JTOWu+Ae/bg3scCo2hLkhDMNUaOkiTEIKGt/Z5m9Q8vF/7eJ/PcluyDGfNyAjnYPYGYqCNEoCeMhAIs4Edc8/XVFe2uDre3r19c/ezj21/9+pv7u/nxnE9LDbgWCk6kkgFoLVabuKTys0SoeZ5NtR/6YRhCCO6mao2m3epCS5Z0Aou0RMrnh5ZILpfnM97y+8hq9BJ64l66XpJAvKIsq5aVBa0yiDSofVuveIgO5doYUwz6rcrLpyXi91GTv/Vi4oceUH+75/nRx1/v8EHGzsZG5g2OYq9jN/aCFKVjj8K80ZvEXcWreIULasv+tE19vo2O9ZBCcTllF1dbspa8zmc/T8Pu3A077HboEmKCECRc8osiJICNi/paCk25oC7zGjgJhxiXZcm51upqmp4Nejc3NzHEUksMsXEcqyrXGtH9zk/Fnr99cnNrrggqIM8GhEqqyUwZKtT1EqPEnvmiBKXQbqTCwUSMxAlOgaRzjkTh0iMYLka5T6X6b3iWMDzBI8hBFVTVC8OMlCQBxb3Aaj+yzTDv1LokUYIweQwSQx9CiFEujPMfual+ELJ9sU/Ab7sPO8Nj43QRBSIFKqDAWdnNHB7GPfVddzPELz6++sVnhz//yy+//Hr65m29P5e6JfHV6mZVt9WFanxWGtZ1bV7ozeKx1urevm+rC7WUcKFREYlB2d7zD3/3g2CBKUE6lsghuASHZa3rSgKIqIqIxhieHKiaX0/zfQoeqAFILcXoeflseEkt5Tk62HWd/ICU2r4NlyuTn20QNiiBFO5aNx8uYSailNKTvzMa/YnMaEtPIOKUIhGXWsBt92FP48x27MxNjZiADVZflqXRZrfNaCOKmtOmHIVCycCs0tTEbkOkjjFGieIMa/z+9uy2nI/rKQRxrVUrYAKOQl0KCAyqLOj62Ml+jZKXVUupZa2q0zKdQwwpSR+Hq2vuB+z2YEG/QzWYodaHhwcx1FLv7t7puhx2YxVe7++X5fz4+Pju3XfH4/GTTz8d+vF6f3hx+6KU3MfUaHEslCS0/MXleJQgse/AAjf8HtW2HYU1V3EWSZxGj2N//crDgLSjNCBGNbNSzD1IIiYrdapGShJDP+6xG0yLgUFMDdVo4fENp3kCFOjZ7EA/GCu+XxeMkIDGkAjMBlRnYwRCACbQCbxwOFU7EXvOMYRXIcRxvE1ys0Fv1Hif4Wl3uHUH75fV3+OwtTsB/RhkBhi5N/lfgDVBqjuEAOHEnIET8C7oGvwst0H45YvrXfyPR/318WGaS2WQsYSlrrlo43SXUgCo1pxL13V9319dXaWUrFYHVXOv71MdY9v7PokPWAy6OWP+oJzZpfFu5AZyolq7Lt5eHV5f3dxeXYe6spax6715eBE3G+Et0ZOoXCxUzd2CEdGPdw2NodkWqu72fE/54frgb0A3eLqxfy9+7nc8ntalz4eIH33Rv9YhojGsAiPGEOCMKk4dIxJIVzgxm5BTiypja+1SXRbN1bwAUDcl9xi6PlJgkIIcfewCuiR1Xde11FqdHFqX08knmo5vh/HQH25CP2C3gCIcqDqmOD+e5vNxXU5j1/dD6lKX+s7JulLS0Kdaql2UsyyHwz7nsq6rWQiBWwwBAHfVquU8SZAQI7NTeG6p/qxSOMONGUQKgBIbksroaaTYI40II6UBkgyibUvhWKtt1HYKIQROyUMgJ5ZUL32svh8h2ujXCsTfkIfifIlBalo7BQFeQZ05NXcdoAo0hMnpXJ2FY5ADowLbkPRBPPuHZ97lA0FzYmsrKSLaMr4ITO3e+OGHtv04QOIq2Mh9ChDasMnOqXQ0g7Kzp74b9zeffqL/r3/+59++W4sCat44D+7CbFVrrSVnACLSdV2zZmpC8max0fwl8Cx+5UdPe39mtubPohgvmycj0yHtx67vQmxE0gSGWeUNwsVzX2UAF1lKEFFVIgpPMR7tYmCi79WFzVjh4vD6vesNFxWmfbg4fMIRmkfhBz/13A/v/UF7/5zvt9btFT9QAxOI9AeF4HcXqcat7GIISa7HjmHiNUCDOFv2RlBXZSjDGEhCEkKIVK15PhEAh7vaoksuS4wUE0kgcoYwhhgi8RhLKaYotehcXS0/LH485rdv0/7KDwfquyRdcKrH4/nubj0+JLKxD/v9OO73AMbDMB52se/2pxOzS4pZ1/P5kekQRdJhX0vd3Cgv8TzN+VirNkEBe2hUPP6w6DcW6nb9ECGkmm417iR2HGIJgSS4kUJdNavXWnIxNRWWmGJKqR93LC00wf0iTvVnQgE3a/K/H+aS/rUPapLT7SA+TW1NbRsI/eUrR4IJTimQ0wm8URKenUfmrkT8vQHTVB2tb31mb9deWgKzoHnBbJBko5E70QXW9e2TgzNZuuiAIxAgTGQdBYrn1K9dV/vBjtMr4Ltv37pp0Lo8NcjrutY1A7zb7bsQh9SJhCaoaH826/HGm2L6HfGxz/QaP/hPvtnxdFHGfui6rqVtEzXr+TYftDtgu0wZDgJ5dbQTyvz7XQN+0C/8jt/pr70g/4YP21YA7R1svV4FGaAgAyrxxfCTrBnVtkU53IEKNTBBBCFsdmmukNpaCpGQ4r6LvhujmDFInMiLV1XK5Pn+4Z24BTMmH0Lqh5T6TgCrlay0d7tB/VWzW7ZVAodAKSWWgEhM0gVC1/XTPLOXpeRzLbXUZZ7nuZwepOu70Pex/+Y3Xz7evVOz1HcxpW7ou/0OgbuXL4bHQxz64+mkZXXzaV2mea5Vx77v+z5exL7bue1bO29wdWh1mDFXCYEIwuwcFMGJieQZdsEZofRXiDuJ0YTtYnzSiBWqttai1ZeSu65L0nMIMg5PynG6XC5Pp4I18fDl8vseyf2vfzTTendQ6wLydpSbY0VbD1GFX5Hfw4/sRTGDHkB3QE907Rtqxj+87ZuqqhJ7w/kYaGyuBkyyq7UNB0d6QiTsIj8nb10RgeAgZ3iA9UBL+gbYEIy473yS8Ah+DDH/wU/3ghzt/uu76a6eGMyUyHmdz+zY727GcRiGriHNtTa92xbZu8XtChPx5mRwYf08N0BhbmuB9whey+N8Gp6G1I19AzjdAGVUhPYm4Lj0WQ6/IMdEgDFk0+jjw+WlE6qqNmHHpWRu255npqDPUySeVhvPUYY2mG1WjI6neDHAzaN7NY/bmQ2AbFnPG1+VjSUQu3kex161dr2EmFJnFMpuL+M4mlmDFQAQu2wIWCKm0/0ZAFAB+/abtxHMHAgxUCSigCLmV2MkB3sEVphqIRWzalqPp8fTelpQ9PWLw64frw9Xqe+GIBZSMXUzFnF351gxm2uts1kwq13XSQgIESECRrtuHDtkHQ/DdDw/3J/mPC/fnQzMzgA/3t/f390T04uXLz/9/PM0JHQJXUIp3fXVJ+NwM03TfM7zPJ9PrnY+P66n467r9+Nu6HoIi3CLh6ptKHZXg8JdiRyRpEuDdB3GK04HDcPW9DGt6zpPc666TGvqZR9DjKGWsuZ1Xde1alEtarXUWu2jNx/14zCM3bDbNQNDXMhhF9/oy4XIcGxJjWhkIjDxE1nxee/wg/vNpVcgN7fVUEBViMkD2vICAW5ADxyifEq1Ax7gK+xrswxZQD8hvDCTFkZgVrZsZeLGGqql5HVuetWq5fbmppRa61o1z+syDON+twux2+1fwBu2aqrV3Z/ANXMXjgDBExBgtnU3DiDBruHnQI9j/xvGNz//NF6FcMP4D3+1fne8d78uq0/Hx/l8uj7s+tQN3TgMvTCrGdkWsdWUIUzU9327YFr7cCkNjR7uBHRdV0up7lq3w45nFZHd2FHXZZmmO74LpzPG3SCS+sjEfUxdDCzUssbb5ExErEZECifa+JZ/Y5en95OCfX9S+P1+/pJT3KZKgMkPh6FU5LKqZnAed2nc9bt9fHF7mxJL4JBWjtExu69V62je+uqnnWJLTbh58R4G299S6wrdnN3YlN3Eg1gRRAYxcVWuBZoERa5e7MWN1apPD3ffLSksj2+H3b7b79LQd8PocbPlNHiipFSU4O4lu0GjcqyVIyFcbl8pRA49ODvVh9PD/SlnnadpXct3373NOd/cvrwVviRxKtwRI0zBNKTY7/rpdA4x5nmyEHyt53ktyzql0A196keKCVEQemJp+y0YDOZGoevR7zAM6PcmhypdO8UkhKwpR1ptzWVGLeflJGXRavM8LyVr1aJW3eDcdd0wjLth7Hc78G+Zw5+O6lPQORAk/KjA4Xc+2pWW1RfzmRhwZgihgyeAQQlQ0BVLTHHwOsC/Vp3K+i0iYtgRBeZdywBpNn+tD6qtMJSiVRu7vE99KXVrUWF5mQPRwugB17wFnZCLQNWrrht8DnEYGQMCdkgL5YxwAAHUwUYgBMm7rlYufNtTGYrPX53HX39b3h7V1vVmf7g6XB0O14fdNYIVK82FIZdcygcZGc+HdzNr8Q7EJGAibu6S7tpOHnrWMjRFVvMQdK11XaZS3+bcS6AUU0qHYEOKqeMUmFnaOOG6mepCWzyyAQhPvcr3OpanBxM1xQT/QDfxnFD17C0x8VOoMayxpOzD+8aTUIRMXa2sVVdiE64/+fntbheGMYLs6lWzJ5qBBagEJdQo753/QEYoQN2qDJ6oGfnFm3Oz/HBjV2YLUBG75vwZ7ACqYAtqXMlq8Jn2VzfBoiDMsPl0mpfH6Wzd3HXTYXd4Me6vujQM42BMwmzmTHtybZ4oqGTGKxCqxCgby9ANroxOqBBlraq1FtNiZVrneZ6d0I3pozevJMnBNaSeuwFBkCJUCd24564bpuOpLGuNqy255GnJZ+iZlzl1u/HqVZ+GOFxR7EjYtLTwSow7S0m7gUME0ZNOXMuqZS2lNprduq6lZgDVvJbaLBVLVWY+HHZXh5vd2OqCXMDFS0LUb6kRTEQsf/O6ALjCSrVZ7eRYYS1QKDA5WQRFcEDb1DpDUjKBgezO6lT1jPhVSgw2ptFU2Lc25X1dUF2WhQUsHCQI40kSHWOE17rmIjEvczeGJoRbzqdS2xKxhhj6fhhSR23jb23mbbTa1iYLJMF38FsS5mKSfP+yfIz171rW8u783Xo2f3X4fLd/cdjfxr47rw+1llK3utC0IT9SMjdZtrZkGpB5k5e2nNvfgr6T45DSPnSR2FVn9exrPVMKYY7dLsV+SCm2cTalFEAgN0aTxxC5ABY+rAzb//0OCuN7rOGDkOHf7wR4niXPGdsN37rOr/rucNj1Iz7+4gCeNj9V/9I9lzq7FxHj0OAgIxCoeRhUt+IocHOUquUCWGSSGVQRWDy4CHmAM2kGR+jU3gmEODLXCE59bQ3IytSbhZq55jyvZdUy5zWdj/v94aredF0X+4EgzdhEti2YNDtALYBzUFAlSEDxWiRnq9WYQ9+HNCYAH3300W9+85tpmtZ5unv7HWA1Lyn23Th0wyjDAGYoE0KIYX+Q3NXcraVfaU3LMRfVvKxcZMf5RZ+u0rWMY9cnqxnVtFZlriG6ROH4/PPf4C6tqpv+z5v2/NmlHkPYHw6vX7++urqh2LzqPthK+vc9Si4nBhPhb6usIau2ms+O1VCASkaKaIAgkjtt8FOEC6AkkoBiruZmxew7dUg08Avma7PwdL41paqWVa2gCSWJLnwdMkMXExFJCFBb89x1Xev7Ho/vlmU5n8/LsvR9v9/vy7hrfqrCQi3EkBhkoAhrW/ahXRhOKwdN/fLitvxc9e67u/tvqi5ydRj2++vQDSDPOeeaSy1a9b2JCZNcZNdPhLfGuN1GG4KR55K11rZA+EBqyOylMJEYXl+9uN3tDuBYNZhptrWuy7LMWM4x9UPqum43dF1X+z6llKIwcfMCbfcSCQ1b8w95DR/UrSf28ZP9Xvvc3+se7BlJmX941J8gRnfXmmNkEVKcmAsL9vvx1UcvhiEMY8exQO5BpxZiap6BIrG6K6hWU36u6dzGyUowoDoK8XZiORbC6nA4W3P44QgPznBWxg6W4D1sRO3APRi8TDLayDGmfUi3eepOD4/LtAA0z8e7x7tvvpVx2O92h5vbV10/Hm5exJA4CBFRSFDkvKjW0+OyrqsE3u92VvU8zY8P0zRNpdZx6K6ur29ubtz9p198cj5PyzKva/nmqy/Px8eXr17m9TxPqR+Hvtuz7IkTYuBh6Ad0O13Xdc3zGqlME6t0w831m5+M12/C7gVCpDFiOavOk6qV0hPt+z7G7u7+/mkQcLfWizJLsbLmvK5zztkUc17HcXj1+vXrFy/3u/1uv29aFNgzg2m4WjV3hot8fxR9PlP8TesCzM0yyJi8Wd8JgaAEg89AdeNNsIQATyAhr8FXt+L6YHRvNkuZEVYMO6LGCLAopIxqXqsKUWDamm3iFkoWJBGnlGIMUQJzELW1nE8PD3ellPN8nJeViBwFVFWnh8cH1xpj7FMXJKaUJPUIAFoWTiIKRJGlsGrkPIZ6s1/++Jcfe/2O/TH1utt3CPF4Pq3rWr20BFlhUVNw29RwCGSmOVcAzNwypt5fj2r6zKKGGk2BjBzEaA7ab17cvDlcve76vgK2BnYNMfiQaylrPeZ8zDnKLIGFuetiFDkcdsPYjbtBQMQOIJg/axWe/vf9FdRvt9+7eP7/tQ9mcVSASqlq8/6m7K9ovx+7XvaHEoJyyqAVODoWd3VkcAUqUNHoaKQfsuzeA+RABTKwACuQGdlRAAc1GmIAFAjOCoK5ghOsErtTZVOHyzibZ7Cq04hd13X9cFjnpea8rqucl1J0mk/rOh/Px3F/uJ6mYbffjYeQuqisZjlX1fru3cO6zkQ0nWeYz/P5dD4ty9lQYzfsD8O461KKtQyHw5BLZg7nx+Pj4/Hdd18Hka7r0tDHtN/vP6WI1FMYAgWxPobUke5ud2OazuAhdYdudxN2Bw2xqHK2Ja9zXtd1rc0XqFbhU87ZymbZvOUg1lK1kHDOy7Is67qShOvr64/efPT61ZvD4cAiiN2Ha7HmHWltecXc3Bz+9oYdH55DrjVfzjRq7Ha02yZWourORMk9wRI8EQlZhA+Mg2CFL44HqidYhjOGz0n2rkbEnFLnrppVCRKYOYRGQRQigrOZCiS27CehOEip+XS+n+dzqWstOUZqnTyLqedS57xMoQQtfQid+y65B+8RBGAjZwsOp/AiwAjGzuhreM1iDPDdkQzTtNqaZ63VYMS0ue7ThddHrS6UUsoPV79qVmp59lmRP3OLUitmZd+Pt1eHm3G8jUNSc4muWlTNSmABV89VVadafV2IiSaSwN/e3x0Oh6ur/TAOXRD8njBks3ili2nn0xe12ma4cykfzaOG6T0AwWhaBlJ447r3/RASf/JT7cZ5HAEU4tWpOgBU9+JeHQrUC0G1ogEKKM8nXoCAAKRn8JgBlVEclZABbSOrt/GEqkPQCHYEDqu7QtjALEakgTKTuxpZJ7yLUbq0lPWhW+eui5r14eG4lnI8T2s+n87H/e56Nx52h+uUelXNJWv1t998rV5STLDSzqoUe6By4GEfujHEhOY83Q9dWwdej/3rVzenaXp8PLnV9XzSSn2skZ1DR6GHBIN5AAUWGXu5ktjFbidd71GyrkWLV13mOU9TXpY5r82S1x21astgdnaFm2qutWpW3WSAxPTmo49evnr15vXHadghBlgbGgSwpzHCrGrVosXUmJ2ImgXCf5bKoOrEwggGhgdskeUCMvOjuTIGwsAYiRiQbUnJPePK6UQGxhl6AgLqGfHVk+w6BEkpVS0MafblxNy2Ws5szkRNPy8tW205nfO81LJqXVOkFPvG3A28+e6VelZnrXMMQ4wBYHUKSBsKwUbGhIH5FrFj6w9c+w78cVa2//CX8uV3j+fTcclcVRUq/v0b8FNdMLMfqsVMrZby/CvP00nrmqHWD+nNq5evx8Pr2EVDLbWWMq/F6kpanSkIsUWUMp+bG21lQV3z/fnc3/eHw243DADCe8bT+4d977Xpku31PfjpA387ugAPWxzT09ZnYyWAq0H3u/HVa756cTi8mCErsLZhwZENik18+RTfAoCBcFlwEaCX9ZkRvBUOhjkKMBtmwuLItHUNStuPM0EczJCLs91WLDZOSzJ4EVXAxEEcLJCtQcIwzw8cwj5GzWoaYslxPS95PR+P87zch/vd7uHl7atSa1lr1fr4cOduwzCmEG+ubrqYaterd3N94BSVWIljk04zwRxqoRsDUXett2/odJqO51ktWrdDfyO7G+z3cKN2VcKXuhaNQxokDhxCUdVSrGqta13mss51WfI8bxw2hT6F9DEZUL3mWqrW7969OxwONze3h8Ph088+u33xMgzXqAqT7dg183uzlo7lWt0UWjeMwgjqIkmeVQe6aAud7UJS4suBe79ce1bHW2+gVXPXUrk8kCuI3dWh8Fp9cld1I7e+S+TNX689YceyJ7tS2pufDGezh5C/5fACPGy71uASOKXkWr63N235jUREJEwCt+k0T/PcUqFaXksMXQhSSiF2q1XLmnMWYbCZIpfJXYVWpdSPI1+0u4aOQc00ReJRcD6E6dM34e3D+et3U150yUk1/3CEN9Oi2uqCuz3lj7Trv7UManZZqfLmHuXuZARTzYcUX467227YxzimTgxKYl0XUmXtzuuCMlOlqk6CWpK5Q3Ut5Xw6hjWGaXk4z4fDHr+ta/AtFWJrBHhzczDYj0wWTShB7WzYCgQRRzg1/bLZAtYUSz/aqzfy6o0Ph+h2xoYmwuFNctdiWuhpZd60sS3L3YtQBWVGBmUgO1YgG2ZgBapjBYpv/YUClbaPb6Os0Ca53tG2uxZCvJBqDFLQr0ILs1sfbB3qWSn3b4ZPUGw6ThqRYsplPc9freusNRU1ra6lvP3m29P5/Pj4OJ3PjDCOwy7tEoVeUr/rheVc5gE7JHahyaIXBxM5CBFBiIQQkSJz1++Jsp+nPLz+lKXPwlSJQ+eS3ErN2TnFEEwxHScn1FpLzaq1lLyuaylLzlmX5e7+vq7Z1CXFw+EgMS5r9sCn+fRwfDwej3Ne+3G4uX3xi1/88vrqRYgjKCJdxlp1t7yhj+SkRVzhKl4VZuxGQdkYZmhmhhuLeDslQJdGj5/RkD7gI3lbLLsS+zgOnld3Jm8omBOZe1bNDmNiMyUU0ymIgzKQoBE+gEj5quKVklYnt5Lm/9gj8PCF85W2lpM9iJgbgdwVbpd4QhchAl/slUx1M1aOIe4PO5CxA6YMW87z6XQuS24rGCJhsXl5yIFH6ki6dZ1SHJh2tOk+GM6QEengfsN1SiH98hevv/zq35sea67NDcPQrLS2fCbbnCO3id7M+r5vNMp1Xd1d1Zk2y3/2re4rvJIT1DTfXN/8wc2rz9Pus9sXqWpZM3FwN5JEJpIkFF7yusy5wPmwG8ZunZdlWZi55DKt83FZvnm4J+HwRJF+vsV8On4i/AQ4Pa8X3+uCWskjbtzZ56eCOc0cpxBtd5CPPt7try12j7VmkX67dbSQeA+XoE27cGAYiO3ZyM3h3JaUXhyT0wk+gybgzrAQ1JAdxaEM84t5+rPbVFP/nI2U/dGQyDumHaPbtmLsm68JLRJc0hJjj2WH5UqXfsBQF1rFSSLF276secU0lVnneVpN17dv33799df393cM+eTjT168eNmlIa+12rIbx348qCdOQiFwlBqCMFtLf6LoFJiiUwcPFVwTSQDtrty52X576w1KUbXpOBkUqs2oDmS1lKplnudSVjOrmh/v7959++10OjHz6zcfWY3EqlrneZ3zqqrXL25+9vLlF1/89Oc//+XLV68hAyBoEUKtVGt9pn/b2LQCFoeYNlEvU7zs7vhyvJ6ue74Y1X7/vnj54hM4XYkMbsROVq0xnWEb2EQVDjgzEdxUV2Embk/SwQVuxAfwS/NqKG6L6ttlCkxjHAKItC0jrBLa5Ps0EW8mBCKh7ZlKXadpbgtdFqhmXJrVWlXVAgUPblbbYSOGeyml3OWHcJbrm1sAKSSmsI08ZKAO4Uroo1hswGP29c2bq9ffzMuXs2o0D5fPwwDUUjdPJ3ciZt5uyr5lcLWd0ocXoLObGVeFifvV/nA99NcSd8zBjBkpJSIyU6oV6iQpBOpYhpByzutSSgm9xLHrY5jmvIYuLlnvz0d3+wHOzERGZtYs3pg5xnBJl94Ms58qwnNPJ2YDGSHiqWQCgIVYJC37K37xUq5vS+qaBTY71mfdQdoKivNlNWYX977W0K6ME/gEzI4Hpwf4SXEETo47xmKX0kDQRthgv9yvLjxQIzCS81dGg/sedu3+wnFDfoAP8AhEhAAC4op6RALSNSiSHeADDOxHsEkZFaETKfU8L3nNBkBBSlwpnI6n+s3X6LowHl6HLrCb+i72XRilTxykVVBjEhEnAQtInJIjVKPS0pUFx2kSZmokK2/+gKWqnk8PzWzW1JpZdKm51vrweOfuwiCi0/m8rJNqibHXkkvNRqalllJZ5NNPP335+s3P/+AX4/5wdXUFiYDDKgyg6ltbW93AHIUEnhQmm0VAACqTMEdqqVZtWPDnzhnt+D0JHy6FYOs5txODsEHL1BL9uALKWg0Xs5xLvgExwUld2czVLsP1FqslUMV1oMJuyvfwc7G3fv4NPIXu4Ma1FK9VCI1u07JF0Zg33AzxyL1O03Gajst6NpQhpFI3w8jGSjQzFkQIICyIUVhgltWUTFetp+Np74nTmGJ3ofkTPIJeQkIHKMJAx8/eXH/91Xdff/2Q7UoRLiYbXqtWq0/356aVjimJcIMe2q9xyYglM9XLBoAc4ghq+67vWKBlXefjCb0IM6eUOHDiEJ2lVnFLKZmkTKGwreuac80kAulimtPQ5ZUk5Fp+ZKB4iskWaZVLoH8dgaHhAm23hADnC76wdMO6u/Hbl7K7cvNHRyQKIhGo3kjYjZfe/myhXbZx6Sk7MigzJvAjcCQsROdSv3E+wmfwCXQyLIDCtQn76X3TgfctDNGmmCG4J9je/J7w6LgjvwaNoBHGoAVhBhbEBa5ghb9gnxm9FdPkIGYeAw11rZBiHCuFruv2N4LUX7/Kv/7Nb2qt3z4c//zLr0voX7/5iDiw0uH6OqTeCXCyZpROBA5ogy6Lg62qmyp7KWVZJndvsmLV0sg7VXU6PV7M2hd2rapNDP7d22+YqOsiM9+8eNEPYexD3/e1LlYjUVe1hhBub1/95Gc/f/nxxx99+hncXF1L4UYtbT5DbVmFCgrMgdib0IZQAQtcHSrsQkQblPPjSCS/FzXY5Z/tUTe94zb01a19oAoUUIXXJ/OeC8ZmILTQCyvKqM8kWAx04jtCNTIWM0xmC+rb9ZQif8HWaVlhLlGEhchLbbdAhzsxWOCupa7zfFzzudSZhVjQ0L4tgsW9yaKZpZkahCDMmi03m0SYz/MET7Qb4SnFtAWUeQ/q4EKxJkan5fpq/9lH41/scXqo8A22b3ETrWenS0ALLkqK5hFV6/fokq3DJTNngBXBDGsxns/pfJRA67zvupSimbUMJJHQAdGpEBshEqt4LyEnm/NqIaOLUpVKsr4rqj9SGphIUmotgwgzEX7MJLblK6AZAja5pDNB4AK2aotjhr/96efD/ppDl0FrCuyuRHEDF5sI19tsFkABMNACzqDsmBwzYwFl4Ew4AhMwl3zneGSswASr7hEkMHUU9wCPjFbvv0cU882hswlYMZFX4jPQQXp4BwygsOU7br1uQcfAHTR4NQ3x3d230BhpD+/Oa15MjLvQ22roDrfXrz/tx+GLPzzjch0cXr8J+5v+5tqZjHtOA8cuCp/OU2tW2SNxUKe6lGJL0VpVc12r1u33b4lfsHWaj6fjMi9rnt+9e/fd27d3796NfapVc1lqKTGFUnKIctgfzPPV1VUXQ9V5ms+gOuyur25efvzZT69fffTq9SfDy9cNEKBgvPHo1Vv+HVWQcyAGM1VmInewN69E9ty3yawyqlopZE5CiBFPenA2eILvgG4bK4g2tU77VL1YnavmbUKEMcxchRyu/H6mgDyj0hAzKRiAGpCBjGZU7UGohzcDrpX5gexsdE8uUvdEBzY7TcvNzY1IIPbQD/l0amLc5lyitq7zseTp4f47FjscduwNbHU1b4NbCIG3gBxlliSsrptvFlEQqdWgamquSonxvvQnOMNzoBzkdOiOb17uf/LZi4dCj+vmE6uuT7P8mnMIEmPo+4GZ53k+nc7Lsohs9YIu0X5t0GBAiNhpJ91NSh3k/Pjw68d7zuVmv3vx4sV+v++6rtlDMHMIwsKmoCwEFZGR4wDN09HUUEstaT6d2X6sNDwZK7bqRbxlyTz3nv8RUudTA08GyqDpcK0vXh/210saZnPltrbwYN483eXZjHqZPymDJvACZGACzo6ZkAkL8AiftJzIFqAyHCag7mJSqrDiKI7CbrTNFO9/OyPI5cZ14dEusMW4EXJlm2ts3PQzZMAKWhHcu5P1M5eriuzeAYEQ47A3jtXFYh9Dt9/vxt1OYvjicPXki7MbD+pW3dZ1zefjaCYpM3OuimbqSEZUzbQ5Shdbq9ZGkjM19i2SaJ3m0+l0f39/Oj+ez9Pd3bvvvvtuns9j15u7WTUrIcaSlxCju/ZDqmV2k3Vd7x/ecqSXh48/++yzn//y7/T7W+yugIAmy9mCGJ/XBSOCOAEKyoYsJPAMfwc9oWTUDclDUSqrVWVmioIgoMuykwLoGmFE6IEO3AERiNu54SujBmS33F7XyKwJxFpteT9Nv283GMYNBzEHKtEZ5KAOTEAUdLABvgftiTLozE469xQ/CrIbxm6b4dXKen7vKsRklktZl+VYa+66GBPFKAYlJgLHGIj4+vra3VytlFJLUwCbXdyJ2mOzVAscWvYf2qQloGRs5KNjl8JVnx5eHPafvnn5q3dlfZR1Xcm8rlmrVqvqHqKkmPp+EJFlWeZpyjm7G1FofD+zTXX+9OoC6Yj2Ii+68TrF0ZFM3eq6zl9/vdzd9bv9btzvD4dD13V9jCIphBhYyKy5T2ajhegcPMMX8wddyw9Lw5PJDLPEGJoVZxOrNMEKLk6Qrs89nYSa1BIMKuD15oZefEQ3r5ziyZCBHt7BuovWk+HdDxEp8AI6AZO32wIWbGuLCpuQH12VnUA9VwPGp4JFZNRKgyvB+PlMsbVC2ws5FucKqgCDqru6VyMQOxCACu8BBipoAe6c3tV4xftzxBfD/hrlVvgg1LGglBLP57jMr1+/iTF2EpUwvrrRZxYTj6fpdDpN61we6zCcYozMHJoEyxvIRGZaSq62TNNj1ZxrqaW2yPuuG1JM33779f3Dw7fffvvwcLeu6zxPp9NZNacgRBSCMAd4dabACAxoWTNQ7TRPVcv19eEXP//FT//gD+PLN+AeFGAOZvWMZvDXdLqNhuhPN2pVyyCrsOCPUr5CuUMuXgppgQG1WF5yzsQeQ+T4JGS2AipxkP7QpxvINeQKdAUeNottKLyyV0NuinttkRC+RTpdDFYvQelOjXTQOnyilv0xwTPoChwb+M0hwkbXF8Aq+A38vEyl24UwjrCoaqUWaC1lBZBS33zrzTWXeV6nXJbdbgyRRExNgRBD7LpdinG/3+Wc8zK3N8jMptWsutvTOBWbHXMMIcTLXpYBNA4NNBINKe69u7o53H7yEX42892//no6T1rKuhY3r+5GGLqu74cQQq11nudcSkMlRaRhkLXWzUrdXVVjTEAN8FeHw+e3r267rrPco9bzeTmdj+dz1jKtcz9Px/Npv98Pu33XdX03ckhKtFpdcrlfp6+X4xF10TKv653ORetvpTyFIK1raMFdT/3Cuq4/qgNp2xbQCl5COr38uL99zcUfCCYcYB08uTWvu6bDbx1mvcAKdoEYGrUpEzKhYvvniqWitqQ3mJs9NQWXnaS7A4WaV1cz23gPQ15uPlRBhS2DMmg1zkyVYKDVvTgVuAOZSNwVWA3qOHo4BiFTf/np37c5CK4Fewkh1xLHx25ZDi9fAWAiJpxKcTIiYgeLVK9zzdM6nU7ntU4pRGYeh+FySwSUVEuppery1Ve/3kLotTJ3qRt2+12XhvuHu3fv3n7zzVfv3r1NKdRat70aIMJd14mwaQYQQ0yxV7Na6prPj9PxJ5//wS//8O//8o//FDcfYSoIjChghrfczXbzaV0Dg+DMZEqobrP46jQTquCE5S9RjpQVqyI7VFGr1FKO9xzEw8BR2uEjytVzZuVuRH/Tp1t0t4gvEW4hewTZLFqQ2Vf36gC7bt4DbUKlp17SAol7Yae2jXbKxE3vaJfbzB4uQAUxqHO+chyJhLB4eaj5rXS3fRwqKK9rQ21iiO7qTuYoeVnXuZbMjN1uT+y1rgQwS4rj0O+6rjPTSwLxerF4zZuf0LaLgUgSCUECUhOacDOYAysRjIWsd+xErmN6vDnYLz6Pv/7VV8t9Ps6LVXM0QbO3fkFV13Vt/QI2d4YWeKlPqgoAzMQxsNog9MntzR989vomRi5LJ3L/7Td9isNuKGrn0zwvy3leHpalW9dhv+tNu64z92mdp/P83Xr+9XQ8oay1rCWv5tXsufLyg6RpItoMZ7mBuiCCuwu8NX6G9+Fcbk7shBJTSX3+6NN09aJIOAkYdLiwaPgS4mVABTW7jmUrDYB5xJaKTBe/wUKo8Bml6hrYdhu68VRKtgLBUKFN72XgDG9rTgYCTBrBTp/OO6qgBbwwT6DFZAYxiMAZmEFnB4PYNjnwSqGq/9qHGr33EGzdW+1N+XiepjVTiHfz6cWrlxK603wsqtN8isIppXVaz6fTmidmerx7K3QTdiMg5+kUgiSJLDwt07Is6zzf3b19fHw8nR9LqZLCYX/QWoldqy7T8f7dWy3r0CUzixKiBOqpj32IAYBVNeUu7Uhiqbw8nJfy0I/2d/7kz/7rf/I///SP/hF2e5ghRoBRChjVW000eJOPtu1BYHIS9Tqz3Zf5a+i914daHrDeBa1SRyodSsBqyNVK7iyipLB/KTSCqpdHL98IzoHOWL+rj9+cEYwl9q/78edIL9F36Hr0Cc25E8250705GjZbR2O4MxBCADtCh5JVc7GjWal58drkBgPhRZCl626cyUyNxb13HAw35PddIi0Psh6JdijBYe7eNONEBKpmdp4fc5kOV+MwvFqWuVYn30eRIDHFbuwG7uP08HaZZy2ZUQktz7a4O7fYW44pJgkhBAlbmll9trWpEGJPjg7YMd/EdNoP+XM6f3E4f/nwVb1TGq48BInp9sXNuOtVy/l8bpWomUoys2oDHQ1AzpmIREQkhNSF6h9dD7/49NVPP9q/CIHyEGPsgy3Lsi6aq5WitXjOuhDespU89VxjjcuSp2ma5/mhLA9eJ6+1tIQDbryGFuz9XgrROt5LjvWPBBD/sGUgdmIP0WK3jFf16gWFtAAVJLAR3uKM9P3ssNXU5xbgT1Ml02bH1aaN4nn1XKDh8lmbU4ZvZiLUdsj+9E+DscPI6+VpW2kguGyvSwZK8AQP4AQkUGZK8Ml4AbV1OjeM3VGNADxwYE87aMc2wvH2rX773XmtS3/Yi/bhHOPYZysPj++m01FLgbmZEblqXdfVXafpDLLdOIqEUtRqERG1olbWPK/r+p9+9avmI7zf7+iKYFrX5iMY9vudu8UYl2W+9Glca621Rd2xqh/P52lZzOtu312/HP74z/7ov/9v/6ePP/+HGF9DV6iCNu6ia3WvLbkLja7a0B/N7pPrI8oD6gMtX0m9Q3nwciRbuBJpRI2oBA1QY9OgbkisO9TesVphztV1ib5AlKlmN3C1ci6rcXqkfuR+h90Ocdgobc1lCmxODJA7gbmhxerkQF5LzapL0XPVVcsKgEjYDYjKIXW76uzkMHIk4p35DjQRV9as612QwXQI0lNkdxLmtkHOZXp8fMeCrt8BVquaMlPq+zGlBNh5muy0asm5LCCTCLNc6mrN7wrM3KWYxnFUKsyknqUyuEPLkiHZRiBi5wjrwX0Ih7E7lvXtT94MX7+5ms/vTqhOfdd1KaWGJrQ0CntmrezPkL7WL2zgqNDA8XY/7AOuRK8lQFgkzOOOgiAqq0mlZW2i23Kqc408o7L6VM6LLnOdJy+TW3Ytrm4Og7uHp5bhEomFCyS7YZD4/R4xSkiW+vrxJ7sQF8BAI0y2K7BZuZEDus35ADzA0lYUyNgVjVFBAShAQCUU9+Js5I0i3TIL30dC8OWCrwC2YEsLcAeHy6hSweYWYbGZfsIdEFgEBlgkHsEZWMA75iN4AS0b9gEzb09biCaT75AiHKDpP/2n7/7Vv/zm27vj7vrmj/7k70tnSaOqvXv71d3bt/dv3y3TGkO8fXkjIo+Pj9M0qeo4jh9//PEwDDFGjqnaxjue13Val6Z/bTnbwtEMrasEsNvtVS2lYhe/QHMvuU7TLMJEUjIejsei534noRv+m//uv/+v/+v/bhhvMd5AFVXRMs0dzTuPYabtWOhTmA3bSfNXqO+Qz1xOfr6jckKeXBenqh5IVZrCgggIjuK0eRARYGZlzVIyVcAHciPmRNVicZs1P1gSLDPSxPMUdzfoD4g9ELz1km2rC8DVncjF3MyylrXUVXUtvrgXuLEDRNUzc3abQBnUfHQN4CiDek+0g8xmsPLIuneAJRJCrcbS7Mfq+XyfyzTGzr0u69nMmUPXyTAEIuSScz7XsrpVYiNyrbnaal7dAQTmmGI/Dle7cVjtyORmbdwu8MDOzAGpBwmEGKwQQpIwdOMhrsObN68/++L0H/7qa6qV3FrIiFpRtVJKO+58YT3hvUzbRDiEuEXylDx0cjt0VxyuqL+iBBAQy+7gKSIVMlqKLl09r/XdYiuHlUx11ay51Kx1hWW3rLVoLcXMtGUOh6dS1GbXtrCMMdKT0ehzIfaPuUW2EzVEDUnHPdJhgJ5AtCUL/NaALH4vjnIFmuwyM1dgQYMD8tnLGb64ZaAh2HbRWbbVKbt17AxpAk1v5cadCQmWQAYjeIBFWAcwiQLiG5MigSrg8AaULvBEdnZqBSK7G8HZHWSuk9BbiCNlYDlcYZr+3a/+8svY3+Qydb3cvnlZtT7cvf3qr379V7/6zbIsh8NBAnVd9/DwcHd3N03TOI7MvNvtxnEcx7GFSrTWsZTyxRdfnE6nWmuzFXD3xmUwRYxhv9/lXM7npX18AtSiqrUUA4fjY348n/YHev3JR//0//pP/+7f/dOr259AOxig5b0PPTPc3KqbkhUJjUGkW++AE+avpDwgz1Qmmo6cF6yrW/HgBiMndiInmLQ86mru4mQGaxaHBjWphBpagpZFhRuCk6jpWtk8G2VbF91/fgNzuLaMXaLWhTOc3QuTgzDNJ2gtda26Qqq7yXvDEIMvIAEtjKTO7o0KEZivXIq5QVbYg5Wk7PBOQogUARBbLud5ug9SQZLLDA9EMUQfx9h1dHd/R6aABrFGw6h1babPmyQFSCmN47gbdtzFrkzm2SxX10bSaaUhsqLbwbgdAiMGdSx9kLQ/jB99vH/xsrv/Jqcu7IZOrZjVnHO7Rtuu8Yna1FhPTdgWY4whRKae5PWY9hKoZKrWQBgzWIhV6hpodmQJZ8edlsdIK8lctZhVzcW1ktWACi651qq1VDVrK7PQTKMae5AdzNI2qO8Tr7Ych/eB9E+Ub3oyqeSS6+nqJb/6aIQ9NLd+aABku3WzX/wEZVNMbmvCCBgiLg7lBXiAP6CevRyhR/iJfHVamSq8GLV5JAPmDc7k3h1ua+MAkDM8Ee/BH8Gvtu26deRBgoAcWOHZN4lncS8Xt9IM70l7IJGI0xHibgoCSNngnokenVeSB4T5i59++vkX65dfHufFX14P54f7lIKkQObffXf3zTffEJGqfvrpp1dXV33fn46n+4f70+kUQri9vX3x4kVrGlNKIYQXL16EEK6vr6dpuru7Ox2P7969izHmWk6nc5SYUso5L8vSaJHTPM/zXHTzzHg4nY+n8vOf/+S//G//0f/wv/tvP/n8i6v9K4yfAAGlJfTaVhcAOJMSihI7OSMoUGEr6hn1nvORyhnrilJlLsiNZYoimQILwbi5NrJCWiRWo89aKQ4zM5hBFTUKxMgUUo1NLdu6O8QUr6pER0Dxuz//8263H2+ueOzY8tZ7eIBXV36Y11pUhMlNQBBxtGhfo+aATO6UHTxN36XuhjAEiuQBMJadosCz2Qycp3nVTkLdpzhyCOg65OOq+bCPx9MML25GMBGGl8eHb1vWJ2BRgjPgqlWtuKqLhK7rQgghBJEuBlY9zndL1VVtWZdS1Mfxyk32u6vuau/LQm1utXYnE/LAFK+vXprnN58c/vAPX7+bH84lp8Qhhl//5uvzNM3zrKovX77MOQPFt5G/QZK07Q0De8nL/eMwvkmuVrSovasTbMhWlsjflfrd+XS/lpLGk9ZH00ezbFpMs2pVnaepWdCt6zqdl9YZtKrXdV14L7ImJkAuq7XnKMNfH1dN9eal3H4UJFZY3cKamhMOClA2LWbDBRsBxhMA8ALM8CNwBB2BB9d3Vh+9HMnOZCfQzJQJBiJiF3ZYhasjmys7u52d0HaWLQesYYdelZCBCrsBOpBAelAADvBKPpNnYDWb3Ys3qoO1RqZ5wxq7MlW1WbZmG6BMlMEzgu2u7Cc/W779rv/m6xjJfdX5cSmwZVq3DB7Vrusa9T2l9Pr1K2sEh5zbwXhqGlNKKaUG8dRal2U5nc/tO0l43O0eHh5iiNM8Lcvym6++iSEElmld5rWUnOe8Kvyzz3/2v/zT/8v//L/8H+KLV0DjEQh0C178QM1gDjOmlplbURU+w85aTp4fQxXkhOLIQEkohOLI1cjA6sFFXIIYWJ3VxZwIRqpOxV2LVtbKWtWcIcrsigKG9BJvwvAa/b5ZcFotAcrzCVSwBkSu0rgeAu/gIZEFITVzakLbxvZ5dtLBgNUdJZ9C6JiTa4wpmBmwhxT4kQxGRyBUO5JNtZaURlR1V7e52gwqDAKxsBM3C0ZuxHeGqWXo9qIiUSTG2A0phigbt8DylM+1rgDMlcUSU61zrU7sEj3FhDpDAqgRAgM8EboYhr5P11fy8WdXL39d6TjA9fF4306Mpw33B5b5zQM+bPtvd+Na31ztP9rtr4eBAt7OJ0NQYI1yf6zv8nzKeQLWdT3XesxlyUVLbWkYVb0UbSZ3JZfWpT43ZHpfGpq7tUhoC8vWMhgZfWje42zm5k3T//7r9eXrFOLZzJjDBi9tu4ATUIEISvAenrYhgiqwgN8B75b6F+BHool8Nj2Sz4KJaIac2SdwgUf4Ad5hM+M2ajZ2WIECMrhcvgJQcZxBR7U74ED+gv0l8WvwS6CDH0AAr7AjcGytrFlpHQisdxCowh1u4MKYL8zryx9U0H3ch5/+QXx42MFSFNHM92/n03SuvEaRvu+naco5393dMYOZ91e78zSmlPb7PTOvlweAcRyvrq4Oh8M8z+6eUmrEtZe3t598+ulnn302jvuvvvzqn/2//9m/+7f/oSxlrnPNi7rnaqf5vL/e/70//nv/t//H//0f/K/+Ubz5CLgBCNW3zKXn4eubsMiImCQBGbagTvCj69nKo5aMvKPSUV6oLFpd6oJK8Fom46AWSuW6uxK4+GaHwW7kUBgXLTlnr5ksM5QQ1ZMCTjGGfd+/CVef+XBVSrbzg+sj5ZXWgrkg8XIYcuwadCcyBOmj9M4oxapdxoctAwPM7AZr1mHAmj2mMaUDACgxJ3UnGSQOqi48V/OS7yV9opoB81qK5lIXrefm8QOqxEGEhQVGZuqYq1UyggeyEDimEIT7GHZBhEmBfC53pZzyelbNkBhDYhHhcJrmZV6XZcp5+vTTT12JxC6M+M68sIzC52HsDpU//eT6o9deIfMyPxzP87LUWruuG8fx2SC/IYLh0q4wc60lOj69fvnx/no3BGf79fkhc5jCOqs8eDmVkos6i8NLUa9O1axWrcWqe1HNVnLVYlaM3OmSUtIeodk7MRELB+JGv9s0lD+GKfyWrsEkmnpmJHiChWZr/7SYBBJ8bK67QIAv8EeER+AeeJfL15BHp7Pg3GESysQZvpKdgRVYUINXg/ftY7Jt+9AUFw2AcHd+ovQ5FbPV/ez06P7AOEY/sc3gV2CDD6AA2cMbj9WYzdTMmcFwgmubOGAL89GoNCy/JdWAAC8Id4fr3S9++dptfLhfS1mnZX17d9/tElHs0m6e1sfHR8BKXXfjToIwh8Nh+Oj1x7nkajYt+f7+vpT65s2b12/Gm9tXL1/ellKblmYYhpcvX15fXxNR1w0//8XxzSef/tk/+Ppf/4t//Zd/8R/+/N/+i1zmaZoD40//5I/+p//z/+kf/OP/4vWnn8MjtMA7gMAFqHjv/Mgwg7IrSCJ4RZ1hj17fmT6SLWWZqBBq7ys0U9BUS7AaTTOq1MVZCsWKkJ0AalUnMCeFAuaoZrmoqgossJIzK6BgxkBy4G6P8YaGgyxnXc7uweqZqNTplLlyeGVZndgpInFIIQyG2K3rPbcC5MHABnUYKBAZN2DbjWFaVuMSuDkssyPBe+ZRaCAOjFnsXvSrYB1USJnrgprdLgtIh1frB4EThAnxeFo2Dq2TOzGFLoYgLWB6C+Zc5/tcTms+lmJ9txcKMUQJtC7HOS9uXm16sRz6dINaAAEJODF6+ADrAo99P1xf5dcv+nd388O0nI8PWtRBKcaU0jxPDcCpF8c3Zk4xEpNZNdfD4XB49aJ7+bL0elxP77Jm8ckoS/j2fCpuAIsgEJk1ciBrVlNv/tp5nlXVq7m2GCbIsyYlMDkThKmR5kMgERaGNkmJg5hERNVqLVWLqbJIDMLCgbYsTUgWUgk98QCOl36hbv0CEuwWtoePTgaaiE+gX9X8Za2LYenjSMHNIchBz/AZALTCBC4wtlrcTq7rRmHQaCYNgyQeQZW4+UE1Ol3f4lmd1OgRNBmO2b9l/avoL0k+gr8BfQY7AD0QIQp3dnZTOODFLTkG1Uo8QQK4tB4Cz9xKwKUb7dUnJdfof2EPd5NZANhU2Mcu2bjLqQtdl9z98fHxNM0iKYj+5quvb1++Pk3Hd/fH3Xj9d3/20y+++OKLn/70+vq670c0HjdRCLEbenQdiPw89dfhj/7kzz77YvoHf/8ff/vlf/y3//L/+Rf//v/zmy9/1e1u/sf/4//4v/nv/7fDy88LH2AphEgQwLQWt8ywS44nUYPHKCEAeIR9M5//vKxf5/lOINH3XCPWsxgj+7oUq1QUagSDWbBSyXPf8zSf43BFIpKSaRHmYiWXeSnnSs5yndJLcrgrc2XG9avbfn/b796ATeeHQOQpmQ59x3V6dCIra76fh8MhjSNifPtwkivJtUzrVL3GkEZ52cUDS18DrVJKnaOZeAVVNxMJ5k6bLsvcxWi7Fblfu10J8khf0zyjzPX8NtehKiNooCQxiPTMHCTB3KzknOu6mFMgkRBCCIfDLT8R50K2PE/zcc2nu7dftXOPwbXouj4eAbNqZIzsVPK6rOubIGPwQpyAwJxACux9nWBjKa5lHvui9bvjwxzjWC13qZcQpvO5quacay1mFmPsuq5PQYRVVVhIQtgPenv1V+zllJel5soZVnyq5spwNJjEwNb23DnnzWW7VjNdq7nDiUkCv48O22hNDQun5iIvTCIcArFQU900ZIKZg5NUkwqilFJqcX2Rw1OFkXAfJIHlWd4pAwnom0Gr+UAIG+NJegAheUhuWt0nt6PwxDZDFdWhnWvnamSDekeuUBEL8GAaoJFVeBOAA6gkKygbFQDWtK5SmBdHNq6OM2hRP1q9j/5O6AFagNfgK7CCGdjBd6QVVNwXRyF0hKreu3Xky7MYlYtNfiFI3R/Kx59iniyvM+jm5sVPQ79bSp7n82l6eXf3tVoxs2q8LprruesGhIpw/uTjz//kH/yvb1+8eP369eHm+sXNC46C2LcZ+tKLbQa/tE+xVIr5EHfd5/s3r/Y//zx892ef/ct//s8++eIXf/ZP/qv42aegoXgAmaEK1FCLr1pXK4ptPR4Sd0zEQSCKOnl5R37HeGA/B49cuqAUTFEYhcjhRupUQeQkLLlkryuts4QeVoRDqVZLdtcQkrB88tkXHIQ5gcJyd88w48W5Di9fIoyIQzvrXK3r9y6B1jOSrsWq2m9+/Vd9/7A/XMdxHK72vTnHEIbegwin6IlJcH0ItS7uZp2AY7MORyYDwQmZkEG9beBKcOvce2AgR/AHL48ls4gSXsCSoZqbujUZSKWJWuCkWZNFcwiBOArn5ZEaEwKGYnOe52nWssbQiNxiCAQiEZCatVhRdjicDBepRdvMEoM7UAUN5n3i3dgPh2HadcpibhpjiikCUNuQqcZ66rqu61KQpsgUEYkgDkGH9G0ueS1VyTyoFdvIysQEI3a3Zrefcy51Vc1VtSXUXdyiBIiNxygtoIWFiEKMIkGIGsOJQ4xJiFkc2sz5AOz2O61aSlCt85yHLu52w9D3Ei6lQZz5DGZwAcqlfb24NnsEFaYZUFgPvYEZ4regB9jE/mD2pdM9+xmmrsl1tDJAI6lodVghgOsWK0bKpGItIKRN0mRkKzjDFc6gAFQOZw8z+0KbdtOADDK1bFgYD0Kv4S9hB1gChm1E9zvCPfPqvpALIbkn+GY94OZqlQFCgAUYIcz7w/zxx+Xx4bisQcLLKEEVWXLgnjDARU2Jkctp3F9//OnnL169/uUvf/nxp5999ulnkuI4jhQDQhP5C4CmE262Fu9rbIfQQdYZ5HJ1ddV9sYsWzK5ffRQPI+qKEOUSOFfMi3qtRYuyKRGRM8DVEMgQFDZBT7CZtKIYrS283qBarbqyVtJn6iFj44C6rOuqK9HQD1bnftxB4RICx2HYSdeH21cggROKhc4FlRCdq03VY9WSKQSnDmBHDXEEyJZSLZeqZSYqGnTlGqf5rj7O169eDDe3OFzDDXUFnVBXSEwUonRhSeIGJgmynh6SMNPC1IF6UHxOpTM0juJc8qq6T93OHIV69Vq9FAWakvAZ4485SHsSdvWsJV98DE21llLXtZh5lEgUQQKwUwTgLQWquZf4cJnlbONTb9piAEyppxJT3I3d/vpqHgYObCglxNR1Xa2ac36qCzHGrksioQmxQ4ghCLul1J1O87JMVisuJu/YKFLELY7PXbW2Zyt1C8VpS8oQO1z2jMwOQML7gNuQIokQ4CkJM8coIVxsYG1jHO7HpFVLJa1yfLgviUAdB2e5qOLCBkhtaTGNNWAJNgIv4AxeYTO4giegAm9RvoT/Bval4a35d0STubKFWgaqO68jdNAsrmA39drcPdiZGs/MaLuQGhfVaWM6eWtVDBjgK/NiuoCXC09BQcXxznFWvxd5B7uFvwS9hkVQB87QmdABPcEYg1nvng3GqI4Mb6iskTHcQGfm+xe3V7s9vf2OzudhLWXJOC/z6fjoRqAkEU74O3/3T/7sH/4Xf/wnfzrsd1fXLyAcJCEK5Emo996TapOy0Q+QndhheifrhKISd5GH6WE6vHvLiLhh9gVc4U7GpZoVIoS47VSTKkxdAiNklEeUe+gihroSVYaS5kLmZm5atWDTyD4hmASD51o0L6jZtVCt0sXAw9D1w/Ut+r2el7WUtajVKsWDa/RivhZ4CdV6tsQpdX3fE7taJjjSNUXDiv3h4zHGro9Dn96++/r47n59fPzoFwQi6Iz81nQ95Zn6azl8GtNrhhAJKIKU2AnVNYNXRwZ1mwK4UTw9wKO7E6ysi+lZws5YTCqzzefHEKKQCHOUEGNIKTGRWvY2vjJNy6mVBt5sd5uDAvV9JDCYbYva3nJYydkpuat44O97JjKcQQyJLJ3o0IdxN8ahoxhgiw4pAFCtzT/mUhe6FJNe/hobJOqWUprO51Kq0HuuJBE2ADFIqxdVa9Way5aTZA1Yc7/EHTpRc25CDJF4+3ogVCEM49D3QwzB3XNZaqn3D++s6uGwe/36dc3zssyl1FrL0Inrenp8t0yPL1++3GZjzDGtQH2WXBzAI2gHTeAEDEh74Ah8Df0r1X8r/s+BX6kdzbObwQQ+aO5dB6oD+QF1sCpQchg8u2e4bq2ZO1qQGwysRrUF3vCGnhC8dzvAQFKEstMJtIAn8OKYnWajI3x2m5jPrAvgGG4BQmFggBcC4IFQ2A9m1Ww1NyZG25G4kRkcoBn6dl3rm48/+/KvvvlX/+IvuXvjvJuXfDwdDXw+TVcvbv/L/+q/+eM//Yc/+dkf7K9uuO8gcZOJbMMXXf4YjMBM74317PKfXLW4+2oz+dqVWk755vr1/f3df/zX/2a8+Xq8+ov99aiS353vZbgabz7t+OVagkQOxMwDU3QuFDJoAR2xvqV6CtUdic1I2ZRMK8y1ujk3IYCZmZsrSq6PUz6uxmM/cpRut795mbqh9dh5qeV8ejjn65ef3Nxcuerj139VTjkvK8piKdgAjTzuXlx/8Ucw8Yd3dTm7scIQrzlJ7KjvO7hO0zwMVztUoN79xb/Z3yfheT5/fX//raQrGT++ftOnjz/C/gBT1FyqpRCJiM2h6pSdSiNHEjFRR9KxDoQBRGO3dx9VoymbsrHpYqFD18e+78dhbGN2qSv85LB5doCZO4G4w93IObBLIg/kXhzuDfZiIpAzsROTGHmL5HN3MnfyFvN88XFgcC8yEu2y9Pt9/+r1Pv3H48fj7eNMy7ycp6lBjyFISjHFKCEkEcbF2YmImUvZYP5qzxLDzQCo2zSd1b2qrutqpk+i6uZS0TKBWeSiSyJiMtMUkogQcShlAmKslLPFuDNT1ZLXaTodydV1WedTk4IC4Bj2u52EEEPgGJb11EoD6lHGlbFe6EwBCDAAGXhsMjvgCHwF/dVa/tLsV9H+I/m9qpMJeW/awXq23mpC7eCDW4Szb+VAjWbCqmS0UX0NZE7mfHGFoubJ0BiQAt+5RegAGLADz+AJtDAdjY6QR1B1P6ltgaIhJ/Ar8A7SwV7AOlAgXxgHUDGIu5tWZgcBCmjrjxzhnILv+jFyeHz4zVS/PU60FiOOadh/8fnP/9E//id//Kd/9vFnPz+8eE0xgGXT3jjBDc2E4Kk6MLC5GH2wAQKcrVQUZSM2IzaSIN3V/jq/ezd98yU//Fq/0Rqms639zUc70eFmN3TXuVYlMEVASAjBgLaYeKT1bKWIMfPosLo5yrttnFfeDAnVSlWSQdGPh93Lz37+xd/7h0gDEFDs8f47LWUtyIUOt58MVx/T/oZqGU/zdDpZCZYBJ4+BuKc4wke4QIqzF1f1mlERroYXY9+nSPr48K3lR6PKMHH79b/7V4eRGEc7Ptyf3w03lvAmdR+BBwjcV3cNEqJE9gQlcFVbiAKBhIgkUhxhqa4VXlUzqLpXRjAYm768HkRCjNx1BF9UTc2KZrWViJgDcQutAPwi0mm+EmTmBSjEzdZMQAIIcYCTeIQ0SusPpAZNV0oCREIvHlNH4z50vTzMORc/T7URXogaEBqJqZSidXO43MiRgXLOIjD3D4yLyNy8WFU1g7egXb/IWqUJP0IwVbUP+EpuLmHLr2SiMC+TeWIGkbt2rlXLXPMCK3CbTsv9u7ciskGPHAlds4V0rWtRMzMC5KGr911XgT2sB3qowAt8ASbQW8Qvgd8AXxZ8V+2Iuqoq1yvyRNa7dk1PxRbIBegafYJQCSskA0eXd44zYPyBaxhA0cGgSg5wW532RkYWmA6MDp7MO/hIdQ/KjluRR9hbyCN4cizwd+bLku+6+BnFP0D3CfIIHQABVsI9U88MtepU3LN7I3TUZnbvADBf7+31bd4Nj99++fjm019+8vnP9le3Nzcfff7pL/7oj//0+qOfFL5B6jdxV+t3jEGGenFPJAY5TOs6a6kAUkwUA4ggAlWqGbYAVQlKDA9al8jhar8/v73rp7f2+A3iaTekblj7eYfuBqTSv7R2TkubVshtzsud1COXc10hFsiCO4DS2IjsUPdaVuZkbmY2TSs77a4+fvH6s1c/+zvYv4FxmcvpdMoFVZELcuabdMXpBvEVeE7dHuPheLwvmby6pMAyhu4a1IHEuFNKlUOBFOrSMPTXQwpB69HLtOpJGsLszDj823/xb9nPP/3is9tDrzLWnIFcp29WYVAmVuFoldkEzobqVB2LSGCAOCB0qKJl0nrSuid+BCcWCBeRSqzEC4hUg7u1+En1SL4X6WLoJARzq6qAXjT+vmkF2w1JGAjuCehat8cSCJEQvdEqm9DzfZN4mdBaEhdCP8Trm7Efwjf383S23DTJRI3DYGa1orbYMRiA/fVVdWUKRauZg+xDmwRz981s2rWNCS6b9YtrcXdXfRpAPph25MnajULJiwhyoShUa+dqVgtMh65zN7N6Pj7s9wcXZkR2TKejpBBDJOFSazUF4PHdWO5EEXjYxmZWYII/wP4K/CX0V6Dv1N56PcMMJbAeSEfYwJY299rWERi5B4AZ5L44L8yrYTJugGI1VkJmVMCcGNTR5j5CxAIvxkQaiVbYxfDeGiUwsYfGtHMmQoAH4gUw4JjrO/DUhwBhdDcAowZYTxjJzwCIcrEFCKBsdCEft+pQnHbrT764+ft/8uLjL178w//qf//ZT39+f1rN+xc3H49jdNM4DMZEVmAFzYzEAVPwAi9Ai4RdsUx6npZlchLvx37cIUb0PbSgrNEWtqo6B1srVrih1I457odwXOflrevjOOwP6Qr+NY4R+Vv55E9FdpAMJMgEf0vl63r8jSwnz6t4FBcnYfeL9VZzo1S1Sg5o1jKvpZ5W+cUf/vGrn/0Brl4iHWAkrqIiKJ6zOAUOS6Y+W0oZtUA8Dd1u3C9znrJGD4P0KY7gAAghkAR1WhUuEvfX/dUrwOyktHT1QTdqnocUbogO87R++27dXwX3NZb7+d1f4HCtzVfKub965UolZ5CXFACSyARvKhtYD3RqxfRk+kjYMSVCIarUxB/qbq4Cd6+bCwMxd4x9lL7v093jnTtA5OYbmeb/S9l/PtmWJdmd2HLf4ogrQz2dWpTq6u5qgQYGwMyAGNCG5IBGcvi38gNtzEgbsjngAMMG0KqqK/XLfCJeqKuO2Hu7Oz+cG+9ldQM0402z/BAZGXFFHD++3df6LSPYURXIRPfhK0QGhdYhTkowMUwAfX0bB/o7PcSk8kwR/UlbVm6ksbPRO7TeeZ7CSsTBnIoWEzNhqJLObAZAtTDz5M40USKaSJMTa/L424gdE9wEElQASjbx7OX+e44FgmiyVL59cn6/2+WUpGmi82mYaHXkvYP4lFJJqQqxDpEM+/2Bu76eVVGiVsV7ur66vrp540N48IyI96oFNgdFMMGNoA3wKu3/recroqRpNFOyOqoDGpIVpGH1APPx2i44XuKOZNrDjc5l9squBq8VDaiI9aApiqI4JojjSV7JXtJ0mHNgGA3EpDYCfOSUaG0aVQFUsBOSxnQO3hPv2XXBd7k8T+Odd1+265+gucBYIxF0sodmmJ9EmJOo+t4ASVYcKdtQVovxj//48Wi/ePbZJ9lDWwc/X6/XoTlH9RAS2QjBUBK6LfYdDgn7q8P+O6LueP9h6ftD121EtSjq2Xp28rCZzavlEiUjH5CTM3LKUB899/2tgw9Ewlxqd3m5TXL1OObFUEN2GL/Yb+vum28f/PG/xqMlyhb5hQ7f2d3fVYcrn50JkbKJQlTUTEwFE55US4ZoN26GsTPJs+XFg/f/NJy+J+u1izVchWXLOddkSfoYZ7GtQzWr6iWcHbrX6G+H77+w/Y0klSpc98Pcu1kzY3aoAw49LI1jf3N7EwKdns4XDx6gubCSHXZ+y7kbnA5iWkRTwqPHH6k9NOoPeedKon0ivpvl9aEbx6Ts5vvqZLF+EqqzQ4FrW86FKrjgzTFBkRpIC0EuvcgtISop24wBUWdlJubMtJhMdUFZobacN8HNCH4c1DSYkZmAJsEtHbN5p8G+ApiotgwX2NgzBKaUmZ1zkyGAcJ9ni6mSWIbL4C7wQYarePj+vebwdX85uscJ3tRZIZg34lxKkiTI3puvmVmJhUlUMI6acwJQx8q7+7PPjx73g0ZiNVWawm+O69l3Kdv0dgwxkWGJHBF7JnLMPoTpTwTeOccix++uQqQGOSU1K1NzUsVMQmRmHCMx55L7vi919MyD4YrQwRQ0AFvgkv0roj0JCASNrM6UIC1sAW3UbEJ7EQCduFb3UQWkHMCk7KZmuGUE5cQWwIMhgxIZmKsjJ0b5iIQkf39TTkfllWWAQXOjFhqnBYpSZQhAZHgQnOuZO8VWNffb3Mzfh38II4zpnQZ0mi2bMxKbki3MqTpHleQMPjx8cGLVUxdrDW4xOyd/EqsTcEAaYAoZUTbQQ/rqK9ls07aUcae4Bnegwg7OGVNpy6BmXd8TdeJSyYswNioj0gFjghjEKTwsRquI1ERTHreHflBIQXfodHPFgTGUsol70Qe3P8HZEig6fDPuvgj7567voHNCAxktZ01OC0oqkpPIYGYpm6re7vcuhNX52YMPft89/oXU5y5GEzVR2/a5pFRQz0+rqgphhtCCPMpo/b7g0MRMLbnV3M1WD+qFNvNqsSY2vXye+iHlZCXP5+2sqRaLOepmnwctycYup1RSKqJqEOFRghK5WFGYzePK8Ug0qHT7m/7u+m5I3M7OH793VsFEeylaDoVzlHHQUFd18OwgDKuteCtStAfdkpjn5F0d3MK7GlwDEJge/RowzJgqomDKYup9rRPGktSTTZvRqYN4m/Z2jF8gIkYuI7lAPPHH7+3L/4kUQAUVosHZbl3nn3+8Fm2eb1eXO7/ddDmXm9srU1cmrnz0LlRNDKHyyEndpFg2Bjl294HV9PZaZ4LIj+YINu0pxKbYUnnrFvnPPvxqtWqaZrlcut+ltpgZO1e3TVVV19fXwzCoEcBtqxAD1GsJHm3NHOL5WRUqBd1Cv1UbCANpb9TDBu8M2oKJCxUliCNjswiLhnikEk5D1yP9j8lgXMBCrEwOPsLxdIUzNcAINMBwJDhoAAK0gAiUJwYpgInkbUeK+QBAxViIUEGDTWUIgayCVaRElsFwUGY97F9K6eezDq4GHUAJlo/IiaNoVzBNdQhGmIDfpFaAuplTddauniKstVREAcOI8TXyAWmHfIvS3f7wd9Qn60HkilewA9lRIsOkJlpy9NGpYhyLuW4YIInSwYYup4xigGdqgq8JMYvuDzfd0FmOKn677a6cNAEylOstds7tb/56vluhqfL2m9K9dmnvpCD1KNmKlgzJKGJpLJKzllGBvvhRY/Lt6ZMPHnz003j6FM2po4j7+1LfS8mFfDU/WcF70AzmYYLUIY9eRx9zHrus6v28PmnhgthYxnx9ea2lSBEyjqGufA1ukDntbiBJ95tufzfmLALAKwdr29CEqvVVKODO5EC6Ix1Zc9ddjckWC19VgZ1mGXM/UhAtCS5RHFgqinG6TkrPeeRiAzxNShgFR29hPiGCnDcCIEZKMKtUSSeVMJwzMLupX5h6h3/AfX/3EJiIMMO7yOzp3VX740HDRBi6j2ulwj41s/jZp+vHOHvxpr+9Gfsu//D9XoSzWNaqR5UpOkVtzEJWRO7XDcH74AMz08S8prdPjKaLS4sWKTkXKcXu68J08PjPFQgz9Q8fPp7P503THA5dmQYgxtMvYGbvIxHFXdxud6kIkZNiQEYGOHk/zJbl7GL+9PMl6FvgzuyN6V3B1nFmVVhUmZHUZmSFoA7qTEmkIauNK7IpVlcYOALajEFKKMcq4Rz56vhWvgs1KIAn6DH7UKf/W+no2lIQ493m4h42ZwSNmH4yOVMHc0aewGoFPMAMPMCSyWHc95z7dnEOBTTftx7Kk5XiSC07OjqgpmSOoKocKpw8hPsQmLEnSCfDjewv6fAK400Zb23cI105Cr5uQJ6pUcdgIxajImWQHEzhfaUWZYwiDgCEKJmNWfqtyaQcOcCiFAypqKoyB1oSdTkNXTciWMllGNNIL7q7385fL7Fe2+4Hn7ZcCgkhK1IqSVSkZCnFJKWSs5WczY8S93BnH//8o1/+KT14v9+MzZRMP/Wc63lUBdNsFsHliOM1hRaUgW0kG3O/7bqthVz2MbiYXGU+GphpTLnrt/3Qp1m7bkMTQwPqcdiadqXbjkM3FsnKApc1Pnz6QZy1y6VfNHzYvs7DjY4V0ma5CDFcmZXlchkrT06H1EvuSQv7IC6SOJSAUgV2HHMakUeMNjKIp22C1oS+6zbBNzqFp8CLkYGNbDp1v815JWJHAGh/OIB00gUBNoVE/4PryszMETHzW7z4kTrw7pum4yjY1CyDk/M8a4WpXy1n9S8edYf06uWJCpeCZM3rrb3ZDJu7HVC6bphWWQaOyxV775xj50ztGOb6u0+mSHmraDCZss7/f/ULU+HzTTMfh7zbHorIvG2HcbjbbLbbO+coek9s/b7rDwcAITjnwububrO9Dm2+eFQtT8rpQ37wuADfAd9Bv1O7NGxgnYmKRciSZA1pTMnUmQYTMiOyGXjOaKenWMVptANAoUVt1AIxdUcAsT/iXswd+UJHW5Tcv+UKYphMGZ1vc3TNjpSnqdB4ruAUmmEyJUGreSBAAxiko8Gmdem88gQl7PK+99xOvZ9qdiR2f8MwncyZeozkBIipqZqbu+vTswRHsAHUIA/WvR7vvpXND162ph3KMG8oJzHV9fosSy3klVS57Pe3GWbsinpy81ycoG3jerFY9IfNUC6LyHC4Svs7mJ+1y5yG7aa7urntu3F9drI6CWfnD3yIpFd92ozDYMByphhepNsT381IN8HUlWl6EqEKTMmropbFBoWxd4d9krj46Cd/8OCnf4yLD4SacHIGA0whAuL+zZsQwmyxQCDQPVkLhM3WUifjftxepf2mjCPMQ0rqDm4W8tiLgKQ4K22wGlFlLOO2uyn92IWGTLs8bMo49EO62+X6ZP7epz9576e/DHXF2o3767FUkhtLiXJ6+cOroU9jLt+/eJUQ5uszc7HkvSQHMCsDvFguKVehacHjOOYhWZac+1F573znY/Jh8H6om7VzFag2ZXa1943z0TlmsJppLspqdozMqKpq+gNTeRvSd7xFH3tVgJijC1PVyDn3w7aK9Xw5e6tiYQA23bSKHQ3wxQdqvK9jdD7EwOeL1dOHJ6ZO4YX8IOVu319f7ba79Pzb6/0uHfZJXJVNAD+pmY1MBI4mrvKRCTzVhSKT0kkwsWju0XLvziDGbEw6SQoJgN9utyXnXErO+bDfVyEGX52sz54/fw7Srt/vN3cm2tb16mQdQnz9+s2r19/25fWbDf+3/90fPX5KbnYDvNDytehL0I6sZ8DUsUVojdKYNoQIAywYHBETGrg5u/Y4U31b5kyhAxto8nDYqCgODJruS3Jfb/lHS+Z8r7O6T9Y+Ssj1HlH7u0lWlMADKADMCKoexmzZaG40EIpp58AMJRNATPNbuStD6bjUZtyHJqgZmdGUuQwNyOhv4V5h9DCH/oa6VzFfiw3QbFqMSMEGpxQzRfgZyIMKkzpfirJKD/ZGrSiEK9EqZZcyp8wlU8o8FoIZZzKjRM7Xs4qaN1edUtsu/LOzi+GwN1+idwLr8hCsi7KDUFUKjCE1tIZV8AAGU1ZV5aKOC3S3GbtSrR89XD95H2ePgSpxzRx9Scf4CT6GNBqBjoxPBhgillIe+tzvy9BHVxXkcbDR5eip9nVdNznlcbedQk4J5fRkkYe7Vy+/vb66DCHPKlezkeUu5WqxPn//84cf/zzM10TWb/d9n8ZD1j7rkJFzHo04ginnfHV1tRtGXzdFTYVNjwtDyKBNg76q20Ma+5KKGBnIHAolzbfFxBVmX9c+OIesPPVv0zTu7f1fZeIG6YSimh7s2P5h1vWEwwdKKWSmbBnBhdbFcBRHvP1Lp0w0ACMhTYzD6acGVzO33tUxtOQaRlB4MIPS+Xr+6ZOnQ8Kbj3avXt28ubzddHrZ2XYQYnLOT1MPMWOwaDGzosdzhKoWKdONlKe8CICnBkGViHyIf79r+PLrbyZN9TiOatZWdVUHInr+4vVhv+0ON1oyg2az2dXVFaCHYffDq98+fhY//uS9x0/Jze+ASy3P1b6G27HBLFCZQ2awBWRpOoe2IA94dgHsiRzQGNppxX280I6PBCMUT+ydQjFCx6MKaDL4vr3Ojw+dmNRmE3dyYnXy/aeoR2wsBZg/Amx9gQ6QasrLYZqOKsG0BrVActYQlGxaLhcgM+m07z8C7M0DRUmn3IS3fisiMs11yGXzvRsTNFIWDFu3f4lhT8rCLdgRMBYbKZrNC+Y+LgjsqAC6WMUqz/J40DRKUi5KEC9iw4Bh0HEoY+kT+uSVWDIbVdkRt1UMVFtXpGxu+zoKU4muuOA9c597bwVaUDIKYBHSwuag2hypdup8MRRCnmLIa14+evro09+LZ0+BYGCeTHTTvWQKYqP7ZFK6P+gRYegkj5aHMu7T4ZC7PPYOsQ5uMV88qudnPtaww2gDq7AW43K3uUxpUKTlyrrbzWbX7a2E2NSzdnXxwZMPPz97/D40jYfN2O9tGG0cbBhkHCwnmJ/P1lxSKuX29ta2u9lysVys+8MI8xPpH2XgSYuZD6nbKJIqO187cgrJOHiwaEtj50IT/NsEVv7dv7H/vx8KKzlLHsWc+Xbd+gnAoXI/z6YC6iZ57vHGZmyIaq0LD+DW5GsOszosHEeFB+A9V8H7WY0yPnm4f/rk9d3dzQ9v9t9v4lfPb/uu896ZkKrCDICqTaDYqTbgPlbqbTGbNrV2v6eoqwDokaUwdQ1ffvmlFEkpjeNYpHjnARQp45i3mz2ZRO9KGuZtHvvDdv8iNJvf/6Nn//xf/Oxnv1yjfQG8Mnmt9ob4ljRDW0ijeSllBV06LNVqpgYWmBxRUPJEFSwSJvu203eJqWADbLy//zuYP+YjEgxMb8N7jz5Iu89K0gl3TzQla+sxJQkTTYzv5z3vQr2BAUf0nVMTsmxKhJptaUpkFWgACjgZ7ZVFVQHxoTZhGKvQ8WbCgTTAGqPWZEl+7Yql/Zsy9J4rjAWp5/FOi2VaKtdKBeDOjbl443ZwsYlRj6HS2p6e1mm03Enf37y6NNsBACrJrpRecp8kDSKdwOBNglEoLrjAyrmGZzuM+fDi5U1T920ldQsX2RANk01Djp2/1kAEsTqYBbXKLMsx3IM++MlHZw8/pfMPUK9Atbma7ZioAMJEiGfv2eEIpKYANUjR8ZBTV8ZDHnozu7s7sG+X84vVg4959sDHhUEMCeYVXigyxxCVYyyHDfJwtm5vX98cDodU5Pzio5PHD07Xa7CXbpO6jYx7yX0uveZckklxntsQW7adleFus1UVVbdoV2UsPL0SYjIiSZqdlL3mojAmH/3MnBNW46TwZFxy7rsuuBb34oMjNHhqAI700Le3InvXn779t73L/jRCUc2CnG0U8RUItffV704A1DTBEllWzQArolpUqz2vmFaeW0Yd46mhYosAz87OgQKXEYaWw8PoT07Xi5P9RRer6vnz5z/03VCMldXMkpUyBW/rNFljMyWmoyoSUFW732JOZop3Xc89+dF/+dU3b796e3eXUxrHMZcC8029Ws3OAjeSdtlxSb3I9o//qP7X/+cHjz9VyL/L6TnxlmkgDFQEFq3UKq2UucpKZaFuzVgYaucjWwAFB2/wsEhcGTyOAWp69GWBYWWKhCAio2AT59oYFA0yiUAZChWDADQdE2xSoRyPSVP/MAITN8xDpiTLEWbQGWwy1XXQvZEBpRiYItuMZAZZAT3QGe1Md+pg1gMdoHCRDBA2hcAZOPWkOa7bpzFcIDzC4EsyKbfKe/MNwKTmuCp1ndyDjHr6eGJLrQs+tlVsgq+OvpVSDmkIwcXZqV+Ws8qd9Etz4ti/frnp0+F2uNvcvhqH7ZiEuWni6Wx2ynXsS7ffvHGUvBkjhHjiOIqN3TAiGVfz9vQRmghVcI3R2ZCLHpIvqgRjeGhhcFifPFqdnXDVoDYoYAE0A1VuIverQtQkiwo7OAdoBhNy1lIo9yoHKbuU9ymPIuqboBRPP/y96tnPYF7GYUg3w3BQAoXa0VyKnp2fdf1O6HIo3w83185KSd1hTO9/8otnHz0FDP02313nw02/e7W/e7O5eSODlI7asIiVpFEJgXSn5fbV66sQ5odNsoKUsxQB6dBrcFxVLlbdYd8LhrqpWz8TF4zYASaBuDEjIj/xF5MMmgrQs9vFWIe6YiL7UVvbdZu3GUtNs2T2BMfHexIEAgib8+wsePJ8dvF4MTsFhftgp/tEBSGowcyUCM3Q7YYesQpezEG9gsQV8XW9jO0JQgPn70ODB0bjsTDdrReb5cm4aM+erNO331/95ovvS6GsXoRNynSZO+9ISJWOvYOZmUkpRWQymxLUe/bOO++8Z+fJEZmaD3X140YIzoW60pHTWLohkaU08KyOu931fNl/9Kz93//3P3v0wRZ4bvSKwjVTx6amDJ1ZWUCXpGvoCeyE/annteO54whXQ6csbE/w95I4BoRMgDIFaQJTkmqZYtqOsMYjWAk2MYsg9y4DOcIm7dhEvat8xz3Cj1qMqY9QwBb38PvRuFcdi40wZpwAsyOiChFaGQdlZzAjMcrsFFmAQAiOHUDkYutOnZxZWuZdq2nI4oqQcvS1L1EF3oWKZ6u6PWuaR0ZTEp8ygZgRI4gghXIJVawYxAyznHOIzp2fuRSG7es311caK6vYVd7Pq1fXh6aat7OTWM+5ql2snVNfN6XfiTIQPVwpNA4mLBxwtj5FWKBeIJGNQSxm4jQpgstbPVwJDm0beFmXza1zFdU2uQMBpkmZLgNkkJRVBYAICwQIpqxZNB+cdGqD2lhUkkpo5/XicbU6B6Jm64fU7Tc5DTCr6mZZnxvFum0yRZ/HUB/grlydZwvYMP7tr/9SUH/8+Z/ur14Berh78+by+9u7N5JLE2aLk9Pa18tFU/K+77eHPp+cPHp9efXrv/nN0yfvLWft9fW1qs4X7djvimbJfc7j4ZDVCqDVIFxXgqjkjbwIs4dIEUEqAzQqFVMCd0WCK8GHSBxUBWCzDM5qAmNTGceDd5Vz0Zja+lRVPU8hiRVxBLfK9XyxJFebTAf4twKZY9CnmghsGGzsbRzMTEozgCtYhA8UinGmykKY2OtTC+Pho7dara7gfbijVefeO/OsfX/49vubNCZVr6og5+6DrO1tsyCiqpP2yUDM5CcqcYzOO+/IeU9qAvFjlrdXlBiR87Gqmpm7urpisiyi0jkns0Xnmxf/+r//5aPPWtjX/eF5iB37ZCZqTNqinJOsoUvSpcMD4pMqnpNfAQE6sRWmOOzprH5fhuk+2PCtJXnKkmHP5ozc24Tr4zdPtdcm+6O/j6g69kNHYoYpaKJFTF9VkBzzst6toDMoGe3V9oYD+QA1WAZacgHmYQ2pZ7BSAoqZqKVscGTOBe+9IUhqbHhk/fnti55KR7phH6l5wqGN7jzOL7JruFmHxSnqJfyMjEHqSoEImBA9nEtv3rCb8CeG+QIlB5dROnD69Re/eXP5fdPMfvLJL88fhf1mddg93O27bpfh2DkDFUZ2pmwQ40wNzBUVMpeyjEWV08WHS4sL8AOEilzNkTmayyKpOBPCAB4W82a/u9ptblL/2lwdaVHPj2puNgUV2AC5Q+otJS3HI/Pkw1d4qEB7Q+IABKbIVgL5ebM6R93qfnsYyzBux3QwTSE4FwKCb+q2FAETBefqGc0ecGizq0Zc5ZR+/et/l3J6/OSjvpNuvzWlqmo44nR1cXHypG1m2831uOVd1405HfrxwcMnY05//dd//a/+5b8EcH19fXt7G4JjwDmf85BGUmMfNCcl0kJJSIXUwKTsueSQ+qEA91Nntizs1PsSjd4uznFvgWEYE5vayBo8NyM1hEAeAmtmnl3Nce58DXY/Sq59dxcmKEwnvf+hHw+9HPpRtO+q3nnnFPBK1RylGtPBhYq9vzd0exAosIc3ghmaxp2HWVXPs/Fu22/vdgTP5JSImKbIzOk4qWYiIsfDRmnrGoB3vqqqqvLOe+8cMbQUNfi7u+3xyU62kuBj1RDj9OI0jaDiWTOFDcerf/W/+/QXf9jCvjK7DLEDDaqFLJBGlAXlc9NT6Jxs7fx59OcIa6ABCOTuYc0e6nF/tP5PkyZtqh35CH04jrM98LY1mL7BiGDmVSfzhU4vgQ1gIZN3VYDKFNwOK7AMHY5manSqG6UduGc4EMEENAANpAUmDk0BteDRNAkEpYTA0TN8Q7ag0d+9ssPVVraoHJqKBcx+bc0Fzx/w6mF1/gQcgQBhjCNEpiXL3ebOOxdjdKHa7EYXQwwcY4ydAg5EisKz9cP3Pm3WazJwvYLx8oEPzfxnv89f/PqL/a4D3y0JhlTSmIZRjBisVAmKiRadlYxBtkBlEoAZ3BrrCxZUeYipxN5Mk6M7R/Tm9W/67sbD/HxdrHXVwdJAAMoIEnCCDpi4skmlaClk8AoPcjoFfMIReecacgu4bC6imrt2CcJ+eydmkjpGKSbkIjkG06SvTSJwLsTKmlOBr5CbMig28+Xs6s03jkRzLaD1+vQ8XHzw/vtpyKlP3bg/DF2f+jGnlBLBpVTOTs9evfzut7/9zdMnT9//4Nnl5eVhf1BSCMG8lEqQRas0WgxkTHZEAxup5lJENaUEFJ1SckidMit5F+E8wD8Kf57uZ1IKlANzEpQ0gihyMGMTZFflCIoEz160wHhqCY+3MFPo29uV9qOMScekhjzkg1dyICj5YU++zqUf06GJFSiC3DGxgSrno4FFmFHHWVO1s0+EXr643t7IticjK8xEVFQn5KypkU5pVKoiUAPgfZj+cd5PYXVVVe2G0Uzdn/7qj4YxTeLXXISdr6q6bptuGM7Pz89OTmKdiH/4x//8/J/+i7WvvwR/Z+6GaDArMG9SIS9Rzqk8hpyRrUFrFy4Q1vArWAA8zIE8EIBqornf86btiEKne6nG8cPSI+PIjMjur3GGEYGOQ0kjAum0DrQy7TZJGVCe5kZH+cdUFEagQBXGpg6WyXWGHWxLfGDXExVHSpTB6W0xIqqIAyyZqSGLJC0FRg6OpMGhvX1p1y+H7U1eL89jnNVxrfXD5ed/4h99GM8f4vwBDofc7/JhQ9pr6YZhs+/vDofbu82bbAMHDU1VxVVVL0KoiUNSDFn2fT70qT8cQlUv1qfL1UWoz1xYGNchzG5u9hdnD5aLZU79bn89pTmZaD92xMdsoSKkilKIyG6uL2G8ah+6+TnEgwOcK+aIKh+cawaqx/72W0994wmi3kWjumof0PIBEEEKG5C3/e61lEFKGYcEi1U1b9rlbHE+m5/V7aptT6p6Hep125w37VnTnvlm1SftN/16seg21zkdbm9fm2lV195FQyjFhmEoZYQliEg2InUBfb9j5G6/3e8Pt1fX7WxxcnK+mC3Xy9M8yvXNDRnu7q7fXL487Lf9OIxjr1KqyjuPWRu//vrL07O1936z2RIRwRMcgZsmNHVL5A3eNzX7YMxgJvYGmPLh0DftnNgdp3AEgYqUlHNKuZTJv+xCiMzeex+CZ2aQFMtFy932th823XB9GG+M0mZ/O4yHLMXg2QITO2Iygk0aqIR8u7v9qu+/yuPNm9c3d5vM4SRlsKGUksVGkTFrMaSiOWs7W0wWKHAABVgAVexrzzU5Jzo65qquFu0iHcrLV5cca5AzIoKlMamIFDkeKCTDxHsXXKhi1TZ1UzfBOzLAdOiHaQnq347uVQrAUmxMJZVsxLv9poQD4/qTz5tPf1LVyzdCL5y7Y+oMQuZNopWFlhPOZyZryJJ4ZtbCz8DtvbVBgP/E+vc/+zh2DaqUjB0jHkXK78YG0xM+ElVMCRNWR8XMkalAGIWOooY0ZeSaGeBhAhyUjDCaduxGYFTOdgyiKLAeSNBpS+oBT1bBatNgGmBlijD2NuRNnfchkJ8vF5mbODuvV6fzkwuZPS6hKQl61QMuxqae1/CEMvrgfHZjyavqZD6fVcsl4gpDC24nXYBTCapRVXV0nN2k41RoqYUgOED6Dz76pfTbcr65uFi/evk8D+PVm7vNZucrb2wyvTEMJQ8K0Kjd/vXXPzTVNx9Wa6wDsmVgHEUzL89nIDdevgIPbUVBOI1CTkySyuA0g0aoh/R56JRUIOAY21kVTmK9RL0GOZOiKgp4VHABIUbUvjoZZOShG7f716++p5Kho2fy/hi//O7TtiN+I5NwcJYn449ILjpoNvvqi18/fPA0pUIoZjb0BVL6oSuSx1LGcRxLhhTPGoIPcfn6zYtXr15455umKhkAk7LBEUQpOCpgLUlC8EykPNHV3fSUdrsdkSMXmJkcw/HkiyL2zgXHlXeOEBwzk4OpaNbJeqRiSEoEFiYexq1oANj72WKmqpkdT4dINYMZk5Uyem8g9OPYpzwmdWxElHXQAvKOxY/dRsi70BjmOY9sHCiwd5MqB5NNNjin5LyoblyW8/OzZ88uvnr+/WUvhGAiIihZimgpWURVxMyYXVVV4XiUqELwE5DlR+A8vEudI+LpVNH1vWN+c3tNNjYxLRfX/9tf/MHnP2vr5tWQ75gGNlVj0mhlIXll5QzlFNYSIswTOzDDASKQAr5XKBF+dGFPiQJ2vx/CcT+mfHzN026ZgsGI9dgF2HT1TpvnY5kgpuMwgRgqBrCKUQYKaZ4aNsCRTZHZpLwjTkABZ7VhMsA7B2AERpAD+kkTDQA6J/OkDawm9KCkIn3qaATvq2gxrs8RHyA+ruaP/MkjrM6YQhMaIV/gqJq7emaxJUu4+9aUVT0gs3lVLeaoW6BBrIEGokAxB/bkHB+RcDpCe80K1CA1qh2PlZtTqNIApvFZeLrbbHOW65trByN2xppLJhhIlNUVzPzMH8rtd7+dt77qn4TFA6FFcDNfMVxC2ff5tqopSODRUzbibDJCyrHVAqAll3E0ptDW1TL6tfNrUAuawTLigaxAqIhQUUegECBOvXfOrVzQ7WZ7tYWl4CalhVO8XTDfz0EJwoVosFKMVARp1KHXUsbrzZvvvvvm8ZPPaAqESYWp5Nz9+G4y8Xg4q2dpm/b7ly8Wq5OLi4d9lx2cKpFOeMLK0BcaS1H3O1LG+wO1Zc8uBB98pQSxCSE3cRGr4KNzkeBUprMtpTyaqUyxaZPfgsk7r0pmZPrOamF6bH4ndT3MJJfoHZPblrzv+n7UWSQwD3kM3qg4IIgYhzrl/cKd5ZxIoplEE/b1EdROGVQQKtCaxXnOZ+vqvadvLs7by29vilkpVLLkrCKSixTJDmZmzruqqjxzVQUiMpMicjSYkx6J0j9+d5hIVEXEjE6XF+Nw01R6eup/9auL5fJlGV61tUAzQFwqSY2muaaV0xPThVoNBPKep5mNCNQdr+FjUdB7Zqa+awGOafc/ehLEk2IL7Ka3UY0YHsjTBGGKkpoShUiZwDJ1PWqMe1CKCWwQjEz3CfE6AaDAGMxGULIJ+vCWWDeVJzL4DOthW8DDWLEUzLMlAcNqzan0Y+kjySw2j6r2PWqfzS8+F78q9ZxDAzAv176eeQ4oDPJmHkAW0iJZaBDy3Eqp3BjgHAQoaciai3nvquAoBLhJ5B9RmJ3AwqTCIhPigKqOro31xbAPMdZ5xPXt7ZAPgsLKVgrrRBdyRN6KxDnncffD91/un79+8ukfnj1bNfOKK8HwYjh873yhZERgJhUrFguiN2502k4kKWMWy+aqalm151ytgBolTnnKqkUskxlgWcoUcGVgkLJzMUSez9+8+gFOiUOI9VsFIZuyKUFt2kVRIkuT8VEKTF1KKSeTlP/yP/zFs6cfEwvMmGU6Y4bgVYPkKFJBlJjNchKsTk6ff/vNyxcvTtanAMSMJtyKVVAjLozCqjQWD3YOo3MwZgMznEmsrZ3VsZrdbvagCd/EjqN3FVP0LuZcAFZREOUEEOm7CfrR/2MwPfaqoibHqaZNf+jTAjJpGVwdVKkUG/qShYrCezdmzUKBPaklyT6XcRwn1qtz6kgzUDkGO7CB+J4HoyAhrl2MDx48fO/9x//x6xcmlRYWIRWyAgixMlgmPnUdK+fYOZhJkQkGJcYM0mkB55umZXZ932W1pmnquqmbOvh4db0d+7v99vDLn629f4PywvcbYDQtCg8NMrY6zqUsiBYOc9GFo5rJg/wkU4KGe82SHi8+uq8OaiA9Cp8ndtUx6cGO7CYDuwhJYuS0AglwuN9HeBwDI8yxU2UiOko3bFpnQDUBvWE0M5h3piggqwxGPhB7cOJJ0WRgJkUwqgEmMnZTFneG7cG10kOltkND/AhloJzckFN2F5/9cVh+4OYfQBbqT83PKQTEwJU/wnxUMK0+84D+1nQYyzAUUGib5SPE+bt1lBUHR9558syEYkCBM0AmEiXbAEtOB5TOyoG0mw6D9fzU+9lDVKGt/8Nf/jvJ45iNCntRN924XNynIbCva/fm6kbq2Ue/+BM8fJy7S95/s7/8y6TbOhRjYmPyak28LPXZ6SfNk0+xukBfSimjFPjq4fknU61EAigDYmI5DWKDQUw1jyPUoEalYFosm46qDnr+4bNh6Pbd4eZue3HxkEzzeBB4JkcqQ9cNhw0Nt2Padftt1+XN3aHr+yw6pDRfza9vX/2//s3/8PPf+31SArQfJMYQOITgiNU5pOiGcZ+LmNA4yGyx/qu//fX5wyfr+RqAqQBM5MlHkQNyCqanvmp8tYftQkwc5xzb6OoW7XwxWz1TbuLl9tClfhxSSiKq3hypaJl8vaqiUgRTgi8zkcIbmdpoRY0zIMO493HOZARM2ECYECfQAAzNxQn2b1JK17d3t5sd3LovyQMm6zSCBpov27pZwOpS6Pr6bkwtWW5n5+tlU0VCMFAHghoDNUPBOYY5fG5Xp6vTc9Vye3domlNJMAGZ92TwRMyxqhyzcwiOTQoFV0omIpAKGZPlCUu5Wq9iiJvN3eXlZTubTbooFTVRJhLBbnu331an6x5kGNTUCdWQVlMreeax9G5GNPe8BFVgBRGKHBc0/OOu4W3vAJDclwb90denLypIwTStISB5qsVw7u8DE99m8RormLSApuOLHmuzKcyxMak/FnQT2FSYCpBpOtOoAyIwVw4EEVgpQlIFmps/t/iBDw9OKs+M4B2yYH/AyHj4CdwJ6FRtpW5OoeGK4dzR8Qk9yjRKj67P4zbJWAihaSksEOdAq2BV9VbgOXgPY/gACPIBIhAHEeQRebTcIw+WB8l9KT2g0TG7BjBX1fN1E9vFk/cf/fn/4//+5sVrp0hFnMKZqoo5dzsMY7frzf0X/6s/wMkp5HDYvxx/+Es/vgoBgSrybc4yjtrp7OTpz08efY56hjRayX1OZty0S5XIFI9aWjNILmlQEdViZiLZiooqG5gAFWcFampqTPDs66Yh9lWdU+IA52JkSmnIaUhDp2m0NHa7zeFwGLtRwTBvNoLUIOT46vb168sfHpydMTvnmBCLJWZ2zHCuiKiSKbLQrhtJHcDfffv98vfWRwoJxFDUBpED5DBuNo2tmtV60c7MV2ExP6mryIPxTmXY3WrGcr/JXbIhJxgTmYhMYDBmElHVMvGdAWIiZj/5+gzTqVwdx6Zt500b3LRTYNPpZOuPQv5xb2nX9/3QJ1Aw+CEXyllEyhjqujKrux7LEKu4ODt94EI19rnILpXQqic0IAN5aIABpHCC2IJ6F/35g7PTs5Or7Ysx9VICH1H3BlJyAoB5Ik0UgMyOmguaDGFEPjgi8imlpmlWq/Vut5dSsmpRNUERDewHzTfXt9dXy2fPanYLHZEKm7Vqc8jC89L7uXMt3BxuCXWw4Xj/n05Bdr+qeWs6O66F5d4upcccbcO9LVvBBgHY2FiJjsXiKPCmv1cgGE6Nj34RNaHCx+8HG5PVsCNgzmwHKrBEVKAZ73ZJ3qExXUGjBRE18TX5Mx8/cP4TjT/TcO6C52mNJx1m1xgNWgMzuCWHEw5z+AAHkN5vRgpQUEbtDynts/QCH5qGXWOuATxgUJWcTYtnmFdmheyRd+jfIAl0YcKSe80HKZ3kXvKYUlKBD5XUbdM2LkRSc5Yqrjbbm8fPHjx6cPrbv/31rt8HhVNlaIy8L3kv/OCDjz/8xc9R6/Dyi+7yN6V7M2swbwKMSsJ+FwecLC4+Wz/7A8zOUEoe3iRltRiqdayWcP5e0W5QzSlJzgBITUS0FKjxpO67dyBMJ22RCW4unpnY55IP/a6uaxerksY0HDSNY9enrusP/TCkNGSADaxgBeckwVc3N5tXL19G9zYeCcMwjOM4DMMw9OVoD9RSRBRN1bTz5YtXr37+85+bqsGgJZdcZCdyY7KzcXu36RzlZfTrEJezWax6O7zuxsuxoMt3nZ0lWYn66eJXkVKKc47NVKbY7OPqfRpFODeZcVSdB7jv+vkszmeny8X5BHpQJSYPDWKFnYEO+XCVDleHbrfvErgp4sZRsu5VIVr5qiaEGBdVWFX+rIqLLm2T9KXcxdKNRWo9B61gzX3uLEMBV4DEns/P10+fnX/1/YvDYTgaf6YR44+mjG89l/ZOE0ATXHa5XGJyXgKIMbLju9ttymkYxzyWk+WJc5Aim914t4ljXsfQDOWu5ABtobXDCuGMaQ23RljCr6FAVugIK8A0xzIoHa/8KYsJ99BU5Hv2ph6N1dNpYuIzsQAENu9Yke5FDe/8jr8z4p6SOdTU1JEZCxRM3swB0WQqq9NIsrApLIGEzIwAm5watXKrNDeNhtaF81g99fOPUX/I+UK5YldA/XB7Y+O2jJ30aMJZrGqKLao5OGDC0ONtEQSA3PdpHLLkbNa2SxcqUJjcMqaiGchibFnVijKS9tfoLm33Sro+xseSOZc0dQpaci45iw1J23pBXDuHppmhFPZBqfi6McLq/HR1dnp9+UYMQRSk7NuUXH365Jd/+k/coxXyTXf5d/n225NFnC8cBLoZ7zYYyqp5+JP1x3+K5hRCQ3c7mlDV1PWsak7gWth4hGGq5jy9psnzK1LK249gWs6ZippON1EmuttuJw6RAx22O6jkvpN2piqa+tTtuu1mGLrU5TyUIqrCZkcYWRbxPnIuL168njWzum7atq3rer/djuPYHbqu7zxTzjpdsd5Xsa4fPn56+eqFqDITxMA8lq7kg8jB5NAG67q9iRrig/ZRzEDe373+nuqugEXnYsVMidg7NgOMRUQm1Crh79cF76cgSJBN43ZCiGFeV+u6WgJHd54qMb0lx5Y03gzpahi6oU+ESkocRhtyUvREVlTZ4fz81McZN4/GSQAAgABJREFUnI1pN5Y3o+yi8wUpCVVC5CMQcBwX+nsdUMUOPupqPfPOSu6Cc4bJKPA2gBbERAYiDwiElMBE5I7exSo2APx+d2C4EHPJ4n3Y7Q5pzCEE1XK7eWNm+47+r//Dbw7jBz/5/MH2LnvM9ndpu7n9+MOHs7a+fP3K8/bREz4/nRMxecoqzOLc/XIF/ri8JD5CXKf5AiVMNodJyHAMuf57sc4CEqZp9mnHQnO0PxogE5RHQRBSEzI2FtJiMNNqSruCkVExG4l7UFEzaCEqx982gX1dsKoyd8H8fnDvs38P8SGaM2CFGPnupQ1fkN/vvv2b6EP064BTmBcyXxGMjrNu6VQytzPdbcexd55zSeZ9CMsmRhcrR55cDTDUkZKH+eBUTShrLmajjoe0ve4vv+5ub6Ffr9YPm2ZmxpG9xbqKrOAVuxDqWFexqqAC1SGNRfLq5HxMH16+ej0UGsWxWCaaz+ZXfSfe/cHPfv/jP/hDzBTf/W3E3ePTivSA4jFiLC3i8r2Pfx9PfgF3Com5P6SsxWwxm8dqDj/D5HrVoiK5JMkZakRkWlBEixAZ1Oho+5vidUxUh75XzcG5KUOFzdbz2ZvXrwYp0bvUdzkNMnZakmZiqr33hNKnA8EROe+iWHYc5s1cVV++fPXgwQMYb7d7QPu+TzkBOOz3E4L97b/ruq6q6ofvv//www9FyKATuB3kiUNOA6sOw3D95mo+O6zDnCh3t+kgG27XGisLLYXIbooFYDNS1c3dhh37GKuq8p6nX4TJXgBTNSUFmSjF0Fb1KvplSRwjgxiqQPGOQEmpB+1j0xUZ7u6uXr+63B/WRZ2gFmWDfPDRk08+/Hy9Pn304HFRiLkxX/fDdxwGhDDkbZ2HynLFBtuTPwFaABiLSae2Ee3qJjYVjWnniEvqQmiPp3iId95NPgmeAijchDJUJkdc13WIsWoWMYR3G4pSRESd4xhjW9We4Z3P5p07+5//zdfbvfvz/+cLJrt9tbm9Gq3gz/6MHlw8ef78h+vrW6bw9Ol7f/Knv/97v/qkbpxZUUuTXlGtQKfnwfTuOJBBHWx8N4D8B1JSGKAZMq0bBPaj2YT9GJdApJgA8JP53NhgRFaxepCqTqFGvekAKgQHKsfxhx2NW+AV2s+MPyb+kPAM7gl4DosgxuUPw83XNvy28Zt69yr4lnxQv5QqKwuNo4sDOAKjlm0pWa+vhiGZWt3OwC7EmQsVB0ccJtY7JlPTMYDMsT+mFJuoDcmGTL1QP/jonRWGsoFjPakPicDMzjOo5CyWTESyiqEMhev5ebvQk4u8Xjz86rdfHO62r+666nz5q3/0R3/wqz9Fv8X++8P1FxWl4A2DjrfdkOYaLlaPPsbZ+2haCO5evSFy1Wy1nC9RzxDmKFM6ZBYtpSQtxWS6bdI91Py+3JvB5NjFHY+yqjZJTgBSNpBkRyYljYfN0B2klJJ6LZmV1TyOIbpxipcjr3BRijARWMcx391tAY4xDkOfUhIpuUx2G3t7G5+AqLFqFMwcBCPAjiuVEeYJYT4/Sd12OIzd5gb665s3P7SVmFNrWvYn5tfmZuyDY4YxkTdFAXzwOaWiKlJi9CHG4KfoICmliBGzwYHIt4vTxfysCium+t6+ruBBIMQ93BZ8uz88v7v55mb7Zp/00BnImXPsuJrTw6fhyftusShd+vWYxm4cQOnl9W/V+qIwdWcnT31Ynpw+Oz39+NGDPwVmQIMopMFp0GRaysNHDxaz6u7qtm3b4xIahdmm4AjvnSodUdLeERF7V1dNO5vVdX2yvogxeuD4SU4Vl9nNmrhYzEoaQoygufeLuqpfPncvMIxDJ/08d15Uv/qSf/Pr52noSmHn8jff/sXfffl3//j73/s//J/+NzGqmjIcDEYBR1IbGMRT24WRaIAN04lgQtj9zpzyWB3EzCYBEh1hDT8aMhy/hycmtYLZxGBkAvMscxiD90RJtSMayVQJigyYe/crPFxUesDNfwX3M+dOCTNQA1NIj8PV9fP/OFx/4brvs+udiLEhHHK14/OL0Xot+1kJkGDWlbIv0m+3exHM2mVVL8m15Bu4FoT7Pfq96HN6LaQwTO+JU/bcOswZc3BKGhW1Wi2ELFKIjGTymVISLblIIiVyDBfIIR+wWj1YrD3ZjAr2e/5q+9vTh4//5F//l7/4o59SqHD5m/71r1vak4sYNd313RhSc7o4/6k//QDNCnm3319lozqc1dUJ6lO4FqJQAQmsSE4qxUzMpkBq2BRgr2KAmUCNpt0TFJN0CWomRcq0jWLTUCSQJh13t4fDYcfTMKIUM3PwQmbk2EcHNrBJ8eqIcsmFwUaulHLYHzDHVBeK5CKZ7kMAp0RpVSPium6PWj4CKatFs4lhIwQwCYxUx+vbb16/yd671dn6wQdPCi3Ez9RHY2883Tnu88SckQdMci65pJCHk7OTIkXEhlwAhBirGHxs1suz5eI8ugVQFc2AggtcLtgM46v98J2lr+Tw7dXN8ze3N5st9vveB1S197F8+vOTs8d3e/1fbm/24B6UJI4w5jpBKm/ecXtI3w778dvL/7GdPfrZZ9+wPj5ffnpy9hSOYZBSUt+dnSw+/ODpqxfbnLsQ5kYAFQFmMXoXCGxWkhg7rtiHGH0I8/lstTqdLxYn6zNMkqcpomi6Spm5qqqmafZ5nAgLQFVXi91u0/cF1pjyanm+29793Rev2zoymUjO5eCDvHx99b/8xV+dnM3/1X/zTxkFGGDeTGHeJjE0WDFNHpLR8c+FJukh9L682nSiA9Ss0P3dBuDjGGJCtU4uLI1spnb0dJoyyADHE5DJDJQJIzDAiglYyWDkyMxAbG5l7gz8+GAfzuNPiT8l1IAHEmiHwyvdP8fht9h/K911ZhYEdsUkjTpySYhqMlal9ymb7Mk2pqlI8tw2zZJna9ikS4FOvRGMpgO5KkxwfC/KkdGs5BcnLg/od6J+OOzZ4EzVsN/eKkEYxMKcteS+TyIaXBOqmW8a5jr1uV3Gs/P3oput5s2DBw/q2fJX//QfLT57uN/9kL/5ixN3V/MteUXHZW93ey/hwfzsJ+3jn/fJyUhdv9/cbj58+rPglggVMu59rhmack4iSVRJxUynHs3MRNTu3b6kplamPBEzES2qRUWL5GnW5Uy9mfdM0EO36Q47T57ZSzE6NnvOu5oghDyF1JZSUKCM6Ud5FwF0h85QShGRMoVZ/uh2wo7Z9AhTN2IzEitv7wQq1O0TCcXQBh/6srm5GXNBD64ePatLNGFhz4j3P9UBIDCzOGYQRIsZpZLVskjp85hGZTcnFytqHM3ms4sYV+AlOKK7Uy6gBN47f7vff/XN9//29upvHs0Ob7a3+x6bPfpeas2+coGR8tANmUIx2oltcbxS5mfn7zXhQTtf1HXz7fMvu27YX16+fvP6hx+eB3r60dN/8o//5F8u2tl+f3l798Pt7rWvFh998PRv/uqb77+/PTmtaUq7dg58pHJ5F3fdrqqaSesZQ1NX8/litVysq6opRT0RqYqKY6KT5UpNxzFtt3vJWoqVQsxSB2oqJ8WKJkPqy1DNzDkgTBtxIYYQNpsx/faH+ezf/eEvfvr0/QtLnZQx1uGw3Y45RR+aWB0PEMiTUoxM6Sh8mKBMmILACJgCSA3KbGZHjdNxbGEMI6g73v6tEBoTIhUi5snQNkkhZQBGPk5hpxV0pEKIBDfvykNpPqtP/3i5+rNBV3wc1XQoW+RLlB9Yni/zdzG97koarEKYF6q0EDVuXs1Ds5o3pwBy15P2pb/thrFZfDhfPa7mK1i4B4zrFG9mUyk8Ng4yzV6Pln2TYuJUS90OZ4941qw2r4aby5W/GLbbmemo0uUxU1Y6jOM4Jgjq+erxPhGP/skHT5azGoS+G8Tszd0Pzbz+L/+P/y1WK9iuwp7j92P/lSuvfO/RP9R0nprzxZOfL55+jvakauKb29sxr1enj8Pp+zjWIQH20+ZP8iglaRECYOWoX5hMviXTUZ8ybScm1rYeOwi1IgVybwo2EzJjcpG8x+GwnTfzwDHlRC4AxOzJAU5JHdjlMqKoKUmRQ9dNqQpN24zjmMYjH5Vo6qWmt5fNZL/vc8kiaXu7e/jwsXdsZobBMAqEjcaiAVQHD1C2MFulN7fy9eU+PhkfLKvGVcSeefF2sD+ftzmPpVQpDykNnichf1BAqYCGULWS2so/Wi3PHj58HNwMvAZmKOrrgJDAqdjt19/9z3/72z+/2X4ReFdIrZ5rFdTtQzOPzYwcYphbWn/83k+79OWLy79anazNipao5eRs/Y+a+hy8v7t+bpkuX12+ubxTs9iU/eFuv9merPwnH3728odvLq9/k3Lfzs5kOKwWTbcWNSOw9wzHRSGmZqIi89V61s4Xi8V8vlquV1NP4F0sRZn9FMur4qYQHkwHtiktXFVUxMQ0mPOoIiGpQYOHZ3IszjE7Z8wOzlV+wdnT+Pr569ILxJOPNmzuLl/e3mx2hz2An/3kp8c1pRU1MZMpoo5J3qoSiR2MQcpQmApEzaYlLB2XYnRccRhPjqnJi8k6uTCdkYMJkCEJGIBCR5cdEXlYUA3DGHo7qx/8gWt+4Re/Aj70PIXrFeQ9+ldl+/Vw+DJ2L2X3CmkHCVndzb6rT05Pzh8sHn3YPnzEYQVqYHAest3kftBCJ8sLP7+Acz+WgU5R5rCJ2HnPlbf7C2oCEBIGyZlsjLVDGm+Gcdy/eTNQ0ZJzMs3Q4g0+ZSlDoazy7MFjX52szp42qzV0zP0+IZEVx2OsagQg9yo7zTvLG8s7KFJvcgCq9eLsZ835ZwgrqL+8ulUOi+XJar6ETfr8DEsoRU1FsoqoTBnhhdRgojBTUxXTMsHLFUJqZvcrJJ3+ftTsbYgmAGQpRAg+tLMa0H7oJIEQzMDEYOYp9FkdkTIHlbFIySWbmfP+9es3s9nsKPgHE3lGmaLi322sjkp8Nw2kbDoCTQg/eENNRMxqDEeyH258tXj4XnMQvzx7LzanIbYUGl+1anEy4/tYK6mQQEEeagWAcygiRuyrmnnm6tPl6sFqdVHXJzkz1KnmVHYFr1Buit5e3335F//x//bm5kvjO0U/SlO5+ex0/fj95Q/f90l3gSsf25989o9Olw+w79bL3em6+uGHV/2eV7Onlh90Kd7tfrjevL7bvri+uh32BR5im74nZ9XVzXcfvPcwyy7LPsvwzbe3by7vyjiE4NQckZ88R0UVUE+ubdv1cjVfrBaLRRWb+WzpvAshOhccO2aeEjeM1IjoiES7f5AdM/YklxgZkVEY4EjEU8YUOSJPAJFDKm1o2LB7M/z7f/Pvn65O/FkTxAfta6/WOO+9lIMerwchVTMBFYI6EmIBQORJidhgxwRYNiUjQMneRsjeT7ym24bRW5Lfu7UhKUTMxvsJhdFRReOIWd1K4yfKn1SrP/OrT8BrIHrMAI90J/srO7w43Hw1HL5K3bXu9zLyIC6zH4sPWrlmPT99jKoFEWSAMUy6fszqZ4u1X6zg3e8Ive7NItNQZ+Lh/s64ZLqUtIhkUWXnQgxSVwenl3fXy6bd9wfzvoSgFLJV1eny6frhcvXw/OknZYS5GhOxw4RkZM3kEWsPtuFwQ7QvabDOab8sYzWMrOGsOX24OD+nEKC2vdtBbTZrF6sVh3g87JRiJYtMfl5Rme77ExBTTMqPhseq0xU4lYz70kBmej+VeDs/MpOcs0qCCTnnnDtsD53mWbtsZtXxrsQMsXsdPQssixTVohqV7m5vr68Xy9V8Mhf/PRDCVId+9IUfvcMWdFLTUIBr4A1OleXkIrbr5eLsnJsF1yvzM/Z1aOfsvBhlMQYNQ1d0yGkoZRQapz1aMWYjsVBVy8XqIvBqtV7N2rmYU0OxnPMh6eUm/WWxy+ubl9+/+OLbF7/NsiMuVnTsy6wunobluT8k6vepWfDDhw+fPPkwVjW2Z3V8rz+MeUwOsQoXMH93e3u9ub7b3+37fT8MKd2f9rJv23q9XucyljKmnErO+93t0O9UBkYdq7Yo55KKCjkXGM1qfnZ2NpvNqqqJVcMuxFg554MPzrmJBuodO3bMjkmPY95pXERQUGFHzKaa2EXnEQOoOFYFjMuksBJngHB36OtZhaLdBv/+z//i4/NHv/fzT2k5p822FlrWq9l8ge7YGsgkdTY74lnYHNE0oqQjivBYm2AwLdNyGG+xl3bfOEx2C+P7huKoSDWY2kiSQAISVeFQQQI09FL7+Qez0386X/whFr8An+AY8O0kD7K/Qfcm330nuxe0fz0eNsicxSeNwk3VLmJzwjyHOqi95Vb229ttt6/jbP7oPfgwfXG6FI614UiS/J1E43vNCRFN6Yx4C+pjivX8VE7H3ea7zPPBBHAIM43157/8VWwX7ewU1Qyxts0hjcU5o5JIs7OS8+i9IDpYyYddrPb5sLM+8rAiIarn9fK9+vR9+LYUzbkbR/GhWs7n5H3pO+8jimhKefItThZ4NajQ9ASnSaSITTI6KUdGF2SqHdNLUjv2F3QsiAAgqqZaclYpZMrOjWOGIAZtwPr3Ip6MzYopmWJCpeeS1ez169dnZyelFNUimt9yDaddiZpN3YoeZ1goUti4qMH89IwnDaV6g5M4W4dmVs1Ow2zZLE4PyZRD9N4cqwiZqMhuv1Mdc+lVC7xymLiynAWOq1gvT1YP2tl5U5+IBkANw1hus95xvLu7/Zvruy+///77m5s3KXfDMIok74MULmMKfvS+evxkudvoctY8eLIItabcDcMg2b14ddk07fr0QVPN0pj6sUt5JKKcJxgLAiEnhFg/fHD+6SdP+v0ulTuRLsuwXLabTXKeVUsIwbJL2UpOxlIvw2q1Wi7WPnjvjlwl53wIwXvveBJB4F26TtGymi92u91uv9lt7shyiAiRQ8DZ6cP94QZGxZOpQkHGrOYzIWsZE0mOvaZh3+/z2QKXX77+2//33z7wq4dPH7V83lrBbsTtgLb95i//6uXLF81q9st/9KtBC7EUSyFQnwdA61kTKuaJCHWk5ctxyDSVBmIY32eiTIuNqWP9e7EcoprIEiPBVBRsHgi7znXudFH9JCz/EMt/gjwD1bA7UDZJNu4t3bh87dJNHG5df8hdHkubNfYljELV4qRdPKzbc8nOjZM1S8dxuL67Nnarh++hWsPe5mJM0CkDRGTKsTkiwKaicEwuvn+8/U80aWaWT8kWj+R0c3378P2PhOFX69n5xezsga9nqJqpaR/y0HXbPFjpNhj21B2oHOo47L7+cvHo86qMm5vvLO+Rm+hOdhmz5cPq/ANanA+dqUgqxYwvHj0GPFS99yi5jLmUZEc2+eR4zLCpMTeoTG7D6b2n+xCA48RBdVpYqqpJMVGY8L1uhQ3l/vUSwN7RJE2VYmrz5VwJ3aETkBoJbMwlTYXE1LnoK59KqaAuek7HrkHNHJFOuoKjl0bMTE1evX712faTtqnZOSu63W6LlLaZG3lyESEu14vRUo5uO3gn0uvIPlJE3/UnZ3OSXEYhkxjp0KeUx2E4zJYzU4qxCr4+O3vUVPMk1jYnZAvCTHVgP7h2c3v7xeXNr9/c/F2XXm53V/vuACq59DmLilNhAbzXHHJwpXBanpx8+P760VO/Ofy2Ejfm699+9TdAWSwrF8auv9lc9bPZokh7c9OZ6WIxr+txHMUI6+X87LQVuf3+5RdD3sY4xkiDo6fPHh721djfXr6+MmrIeXLx0aMH65P1YjYH4F0MIdR1PbUPzjnnHICcRFX9MAzOO1WVlO+KdP1h7IdSxrZh5xErrmtfpPOecypKKgQl8wYv7KGc4UaVJPN6fnIyf/CT9vGD9Wcfftx6X+5sM2wO17daRPI4pYBX1eyRf+/188uv+ZuTB+vYejPhNjbcOE9OgqSiwH26jr7dbdLRlE2TIG/6uwTELB8bS3132jQrZol0NMrTFSpizhxXF+3JH8eTP0H7CXAKcmZQYphqOaDckty6ckP5jtLB91lHUg2KGVw9XzxZPPjw7OEH9eICrkYRUCmlP+x3sXa+WXGcH9E1P25wVaZb2HTlH02mdrxOpipmoqJynOHTlKLNQHTNenYScgnLszP1HNer5uQC9cqIqRgsa97m4TYPG0eaDlsexlAyWyJJkkbZ3QZW3t0WSezOpLpoVxfV8sLNT8wYrpdURKydzXLfu/twZy1SUpo8b2xQE9ECYKoUMJk2kvcXoSpkmi/8aG2hImKSRVWnSYTeMxrUyKZYEQIQQiDHOmou+W2kgxKmSJVSJOecS85ZYJwltVTFGFTU+0DEUyv2LlTS1IwmTaRZmdZtJRc34/uRdi45966veG5wsZm52QlLgUdhVvKU2d1/BIfuUCYsGElVu6JB1RWL7NrgYnCxqeer5UnJWoZepMzn9Tgesu1Urp9f/sXl9a9fvfmbze4FsaSUczZTJ8WkmAopaLKaAA6wunbsk9JNsfmbm1eLxWLfXe33t8ycUrq7u3nx/Tdcnr333nsXjz/q0w9Xm+0o6ov30bgTs7TZPv/1b3UY92oDODPHZrYSdWrjze1VLquqWtTNqmrqhw8fL5azwB7gt3WhburgA7tjEtcwHAD4ab7ABiUe+05Lck6bNjgnVeQYLQYlNtCxLiQPKOrM3swJLSyumqVf0MOP3vvo0/c+/+zZYl6nQ5/3HQRIzen83JKWXFRlu93mvcxn8w9+8UfX2+e4yd1lN18045uRvc7aGpls7bNLMRFHAu4FIz86kU+949te/e1NyIzY+CgeULWS2MoEz1Mgj7n2aGZP7OF/wYtfwZ8BPZw3aCJJMnjbOb2ycunTFYYtd4MdFB1z1cK3y/ZidvHe4sEH9eICPDeDjCN46NPu5u7Ng2cfLNfnqFbws3vpxXENYSKTnMKO+ciYWBrHijclZUqWXHSiNrvjgWmQHEi5De3pgmoHz9R4tFEymRJs8Bjy/irv3uTDFTsbd2NNrnK+rVoOuRtTKUPp9quigjDOH/DpZ7x4P8YVRG04qIwiasYh1A5UxqTEk0zpSPEGzFTuPa10fK/VJl2TvcOK3Z+P2DSbHSVAdnyZE8vgP/ngKjbsnGrJKf/4nJWP7MKcc5YiUgTAOI53WnIp291d3/dTRfh7s4bjMvW+EjnmcRyrqur7Hces3Ccd05BReVAV5rN6tbI85UCqqGmxQHAkMOTNLdjIKzzNlrMCn5Ura6JfulDX7ezkZFU17Wb36urmNQd/c9uRx/Ikvb792y++/R/vdt9c3XzT9yPMm3iARVgyp1FViCgrZ39/I6nrOYeccdVnEmlc0jfXV98+/8G5sN+NzmF7p7/49LOHjy6SCDkoqU03aVZ26qMo7q43fTsj1dE0pxwZFKs2RE55rJt6tTp78PDp8mS9PJn54KbZYvDVbDar69+pC1PJBuBns9Y5HyuXUhZvvkiIzTAIkYWAGL1ngEyYiRwxiSIoV4LFyLNDebJafXjxZHV++vjnn56//3i5rmd1U+rsz1za7G8vt6FaKvHockYJJ6fDbndXgEMVm/fVuovzlk8WP/z7fzuOu+UsLwYNCNUaCBlk5qEQYEoOnBpXARhkx7RL42NnqwB4igkDerKRTKd0MwEVuCE16p6G+Fm9+j2E92EBouCR0Qd0/eFlQyOlN5yvuNwibXXoOBkX7+t6uXw8O3uvPn3PL1cINIn8JO9G7bb7DZiWZw9Qr2Bx4vgcOxoz02KYODOTJxcqYjLlLKsBDM1lSm/PJkoECIGoqDFULTmSqvX7obdSScpVwThkIseWGH0etqW70e5GGGUQqmexablhNN4NWURIYVpV7cIvn9DJM148gUXdblOxLJpFY11VTdN3g9KkGbvXlVhhm5oeBRnUQDjWhWOteDtZfDufQjETkZyziR7jQO8r4HHWcIyHu68NjplZVHIZQar3yTdTRUg5lVJyFgCiMpvNhm7vGCmN/2Be86M+DfLuKTmXNfkQ9JBdINUySm+SK1vOA9d1ZO8r35DaOOYsosVAbETQXPJAXj2YyTleVHGWI4nA+XVTLU/X87Oz2Zg3m90Pr26+otB/9/zuiy+++OSn5w+fVPv99ZgO0zHx+k2BFRiIHIxzNhUjVh+9lMJEAMUQwUVtSDIEXpi6m9vNix/2AL7Ot6slP7r46L33Pmhn8+sXt4d+s+8OSYaxWEnCKjUjVA68S6UUHcaD5ETQslzMZvOqbZr5+uzi/Mn773/84NGDXb8BlckI17azuq5DCDHG6Z2cCu5sPgPgow/MkJQkD6WMuQySe8eZII7AsOCqGBs9mKPKUXZabNed5fanswdPm/akXT26ePr0J5+c/MkvER24BvvoFD7Wczxe9DBguZo72+42CeUEcAqncOxnVUQFUDp/Or786jeXP7ze3x6WV7p6WrlPVpj7YdiaZ6fe1GCZ7Z4dPWmclABycETT9NIUo9LO7MrQeTBpDYuKMBTu8SCs/sXi83+N8AxWQwMgsA77V5yfn9IBxBivsPkem+83z39bmyeqOdaMtq7O4uyZhEWfB+YU+ADLXbrZHfaHsXz6s1+BZ7Cgzh9T+jSbKiY2hubpKQ9DPyGDSI+6PVLLJmZGVibbPQx2DCbMpKNpL6nLyWb1RaeVWnvoShWrcTik/q4br/u7Sy6pJdKc2+i7sVs/vMDZGZBradJhv+/30V208YL8SaQGIjJu07jNMtxt9zH6WaglpyJliloQHCMsGShFSxqOYxGIZiG2+xOQqJYJWP724lQcicXTC8f9IpNM3vZHUrKVolam9RSMl8v17c02VJXppG3x07Era8liWXQ6FxB7Ilut1mZSVVUu4363A2DsTKkAoiownRKZUBRmpO2sFtHb7U2IYbvbDLlIsbqNRBaDq5krdqGaaYboMZsseAve2CflIjQqRi2urearxWq1iClXMcxDcO2iON99981ff/Ht/zTITdtfz9bL5y//3V/+3d3v//7Pzx7NSl503d12m6CQgpSgIszCbhJiwIVKNRPbs/cev//RU/ZFtD9s8ezRez98f/3FF8/ZY+jQ7XB6sv4nf/Yvnjx+9vLF8y+/+WLf7XeHw/W2L6OLMR52edYynMCpWhKRo4fLH8Q2QGja5vGjZw8ffLBenYmY9x5gNvjgV6tVjNH7ye/3DorLzMTkd7uNakl5AJUY/RQ6oDqCsylLpmxaxgQRL1xbaLg9XS4/x+rTePqHzz6pQl2fr1E3P/ztl/HhxfrBe2F5ipMZyONuB8mYz1HVqLmeNx4CICggTuEVxJxho8TV2dNPZ+3clc3u1Re77Wu5ltkHy9XTpYqq+Qmod5zSIXiHeya1gzGZt+NhY7QyFB2pGLQ1baREoxm59uTijxbP/huEnwA1wOAAEKQMd6/z7W9q3oeqybvLcv3cNi+8FRMosfrKfAVXiUJyQUgigqI5531/GLN+8pPf8+0JXANXGyiLeCmwokVUs1mGTS4+42l4LmWa4U/wa7IySaEcgSaJkJjkQiawRGXQfLBsVF1UvgZXzFUuScsoubfUOytkBVbYSirqXKAYYDCNglrKDuapXltzEesTuIgsMg6Se0njpIcjx9MMaMLkvL2GTU3eJZqImgHFjle/mRa9ZxP/+JZNBns38ZlWGMKg6SVLHiXnrFlL1lJMMv1oPBTqKoRQFGbmnGcWZmF2zvtj5aESPDdtW3f19dWVc8eZTmZzIJG3hx99O9MNPjgHg2SxUkoqRQkuBOeYiFIaxqHzbuYQmhhGFUlFTJgEPMVfMatXYpUQ3Kqen43ZVVVV1TSWN69ef//y1TcuZEfDDy9/+/Jlf+iv9nv967/6zfJl++TpyTjQ5g6sKAU5QQ0xwk/LHMC5oGpVrINvVssL0fHm9nKzzWerkAY3jjklqKKZhbpZ77vy6vLq1etvX1y/fHN9dbfrt1ukUeqQqgAxVrGccxVBU2iT8XY3pOF2GFZVnMXQxtCEEF1waRhAyo5DCM65ScJARFNkIe7z71TUp6FLacilFx0fPT7PZQQl4uwIqmXoSrLekXdgL1YVf2LVHzz78B+999kHywfB1SUXnVe6aJvICJUQbOzjbIYp3Z7AZuh7xCbO2+gMqhCGagFUC6tBbGyrk/XjxZMz3L7s8s3Ly9eH28uzvJjPnrpGiBXGgtosMntmUWM+6j0BjWSFSYVGyJiLmLasUfPSUgurQ3sxbx41j/8ZVj+FzsBTgo0xDEVvXr7efvtlG4en7z0Z9puy38l+XwNGLOQzeWoriUrWaR5oHDSNWvKQaRR/8fjj8OAZSoSLUCLNDo7YpiBSMlUtJvld1y3TsWJSPemkcZD7q4sMJkVKgsh0YEceNA+aHak1baUhekeSC2thzWrCps4UpgUqucR5G3ws6fgDS9FYNT62oWmpbgEHSZITcjItAELdMAeRMoH27tVCqrAjcIfobfYZE5v9uBDIu0SGd4OgPM1T361dVI0YpqWI5FxEihQVMSkmFmJdVWNdN3VdbzYbInYxsuMQvKqYWSnZxB8rF+CDm89m+3398tWrhw8fTr/UMdu0RjGblFFvybSnpyeL5bJqGy3jkEZVYe98FZldUR3SaPv93LfBzx3XVRWSy8Tio2fnclEtXlkBv7vNTaB23fjoQs3dcPPbL//62+//0sWcMq6vu+9++H5zm7NAFS9f99d3vWo6PXdtA83HTrdkLBYBOLp+pLiSneNF5c8Cn80aX4fzgF0Mc1/d+cqHGqoguK+//e7q8v/y089ftXPvohblrkc/QAZQlvXD2rm6FCtWqnD/881fvc7e9fvtsqnXQ1/6voyDOZVJJc3sq9g4FyZ10lQg3n6O+8MegCcWduoJbMxOWVWoAMVMTbSMxbJFZMcxELdC/90/+a9+dvHsfHGOVCwXmrfxyQXee1ZbgVoS69PYv3y5qlsUsPey33eamcts0QJ25D7BQGbORIUh4WQx5bVgFhbXz29vflDtq85d//b5e5+fiOvM+5K1AJ7JvJEDKYgNypPxSljEpIiZOrIFpJKygs7a2Tm1D3H6E6x+Aj4vySEe6wKrgWh3c3f54tWqHt7/4FFFCj6SCgV+Kg2u8oWy14MlMeuyHDTTqKE5/XD17FNohD9BUajwkWqrUIEKQ0sRu99NmBIfeY085u5ef/Gu354kA1SEzUwLSpZSJGcUmTyARBYcW1JvxY79QnZT0pepavbes3NFhNmVnAEsFquMluMcHMrQEZyWZGUMhDpEGE/fdo/gm4Tq7wYE0y0YAKnaUcY+ud1U/6FT9scCpHt8w7E8iIrIVGQY7wwPIca6atfr05P16QcffUJE17eb/W7nnHdOnFPnvHdRIUwMgnccQl3VoTskKcc0x2NdNVHNk88CNAkidb/fh+gVknJXREyJ3eQlYDPLOYN7d9gt51UVzMVgCC5YCOaCvXzZO3hSBvnD7bDx+yruY9uWnL57/nd/++v/8M3zv3n5+tdDulGeZh91HnPKEIFzuL7ehdicnl30+16KpZhyzov54ohNNh76EkMb3KypV1U4qWMdXcbZMJ8/XBz2i/VCqD/synJROVfvu/Tn/+Z/+sNf/ezJB/PZ4swu36Acx26Vb2FBSjYxmL9HFtSb24Ojkvrs2N9tNlV160LjI81PPDMHH2KMb1sGZmbHMFZV59ykCPFj2okW5zBrovOSSwIViBSITc3tqOv1hcuynq3+1Z/9s5+vHs1RIUSwo9XczRssWphAJXVDmC3iwwfYHkAeV7evX7/a3N6cPnl4vnyMWQNTlAzJMGFSZdVSBFYtF6g8YgDL6uTJ09NrkcWrH36d7m43blx/WEkRkwXMJ6aoQdhNlkM1NWRFUirJlOAJczJmqmfnz6AtSm02J7pAmiE6IQbSZBP0KiB6/Pjx1W/5D/7sT8EpnszCIaamGfcdnCtaKTuCWDmM++yDiyxEtOlTvT5/+Ms/AbXQCiUBHgVHmosVMiO1MY+wAinTlQKAjFVTESE1ve8mmB2s4CgsFjKFmRadThdacur0sNstqrO7m9vzKg6HbU2FNff7DeVehl0+3Axp3A28PH8KZogS0yQlTqKIUcizmJg5EmfFZFQt7BpVOUY3H9nHDECP4gUTEStixzxVc0TTGcFMJScAJorjgICn3BMTJTW1bKZQU80OpHafQjjVDJ1QDgY1USHH7Xx+cnbmnBvSSETL9dl+vxOjozNKiunRfSsQJlqvVmZyHGfSVL+QyzitPG1KP8UEdEWWMgxD13d3N9dVHapYm4ABLUVyiVFy12mTa0+h8qbmg/loh/12FqMZjQnI+PjTT7JpGjdFN3Hu7u6+///8xb95+frrIodcxqQwgw9DXTVnJ82h63a7QQSzT9dt3ahQ07Sl5Ovr6yLlZH3aNPNSlBG8bz784OPPPvvJ2CeVuNsObXN+snq439+eni5mCy3DVR5L39Pl9R7GXz3/3jWPTs4unjxI2n+3H0rlYhvnVDSnTN6Xwikh9/bD82sotvsBOubSNw1vtteHYVyuV5uunJ4u3JzGcZwIb03bEJGnoGpStOv7wBGAdyQhUl1HHyC5JyhDp50bqZGyU2wur56dP/5f//P/+lfvfe6+vw1VjUPebm5TxWfVe5Qkv76+3t6dPHpEMWK/hfc49F3XFcmr1er05BTeIyUE/44yboKcJY8OYEdwHs7DBfh62JVVXPzy6a/+7us/778ZAvX1xTJUxXiAeVOCabER5o0gOoodxAoo+ECOhIgcV7nrJrtGwjCnOKWtmBc2YWU70uutmbXzkxXSOB7eSHeJ/q50BzEi8kKe2MvYObDjho0OY09VW0r93ud/AmtBzTHIQ+45sZP+z8pR53OMKNfJ3zP9Sjb9EXNL6b77hSi02PEiy84EoprLZFDIY+9DpeNgaSycJI+aB+13OuzKsM9jLto450D0VkmF4xVJZOyO+5ACSdChpMRN9bbxnuzV9la7OckWyuSP0Hv6+DQiKXIUashblsl9HpKS2vTfVNU0H+eXZkeh4qSbNjFVMlOzcRxTLjmllNKQxpSywJipaZq3vcgw+Lfi65SScyZapjkIs3PMoprykHNWLZi01nYvsi4mxUrRaf0JgHiiuQkN/QGAcYy6uXEkvFpCVSRQt9vvD7sQfNMsz09OVMO8rq+317urS4sSer69+WG7u+q6rshYDKooBowYxr6KrqpmKaaS9fL1jXOnu90+5xJjODk5ZWC322+327qeffLxTz795PP1+vyw3716dX1+8lCKzma193WsGpDu9ncu2P4wJokuxPlsmZW/+PrV8jqy5p9//qvAoe8Phgx0OZszjIPkbN0hj+M00GDRJHoYDq+dK5zLvtutz9uqdtEHACEE513Iwbs4dY7OcURUJwB8U/u6iYAasqmwqWouJSumPAlhwzy2P//k88+efOT2I15uX3z111eHfbWef/ZHv0+3Kb+4ux57Xc3yMhW36XOpqirvBk5pvV62dU1tBc1IPeI0g1CoIg+WxkggNjqqYDwcb69ubi638B5bNN3Z7ZfPx1TOqaqf7cntmZi5lmNgjFewqk2x98QREHBmHov2ailbMGsH6JwTXAK2TBRTgJJNxgZJft745exu2C2dXV+9XFZlHMcqzoqxEkON8uiMHIN9BOHNdvjo9/8xTj+BOFj80Un7nnlpwP3WebKWTpfoNIYkwEhBk6JzQmHe4xuOdnUVKZISNEvKkotkMyn7w11z8jANfR4PTKUMhzL0w36nw04O2z5lCT6ECr4q+yF6h3eLvbdZ71ZyljyWPOaSPXRSqB91Ckp4u4+UYiqgt4IFmqZTNrkpRPR+Qvn28CCqE2H9Ppld6b5IMVGSoqoqRUW1lCJZS1HVNJZxHPthGIbB7Q9mpmpEFoIDqukuUte1HJJicvzllIvkNI4986ljnmTR4zjmnHlaoIDfPudJMeWzyyUffbeThEcll4Jh7G0Xvd/vbivfnq3PQ1X7qIeDMNLQH6ACcXW72G+v7m5fbYdLROUZXd9+v9vfduMAu++FAFVkwTB0VSVNPVN0N9fjxQMD0HWHUmLTNK9eX5naYrVcNvH9jx5f3r74u69+PfQ5hrkKVFAsNO0F+xibhh1i5JRyzohhXi+WRrTdH26vNp7yew/fPzs93+7COPYCyYVySezFgfZduc85VvCgZEWRk06tottJCMzGOUtVVc6F4CvncqgCs5sUDdPuya8WDZEN46BaQkBf8jiOaZRZE60oKUfBz569/89++of96+sf/uab5uubx3F5snqQnOu/fbP97fdxvXj4/hN6+HR/s7l7fYUqHEg128VyPXvyFOMIZhTFkDBrps9buZBKYAORqahlLgSfIOLq5vTB49CPr1/+sGxOX37/3T6luNbZUw3oxMzZYSwwDaZztRpUwSIhQh00GatQNurFSlE3yjBYC19NV8i0myc1kMAyypjSyFXVLohFAqHfH5qmKcowsKlCvGQyg4NY7oudP/m8Ov0Q2h5d1aaYNBd6j8C1PPlKMfVfxxHahL2kafSIiTFwDF/+//L138+WXdl9J7jWNsdd/2xaJBJIoAyqUAVWFcUii2SVRJmWukdqSaPWRMz80BETExMx/9bEzA+taZlpO1LLUGTTVJHlUPBAIv3z1x23915mfjj3JUDKnB8QLx4y37t579nr7L3W9/v5XquGUERJlEUDpwASKRHToBZLoW8rIA5Ju0aRpOtS33XNlsM29HUf2OHcmwyMRSEED8pqhnkeg6hhVWWijmnL0siglxl6n7sCIMMQiK93BAO7V1Vw1zzd1QUWflnLBmP90HocJBsvZxa7LQkCADAxC++mNkJD+RAWIgohpUgxRhcCGgS0w6oe7lFUoKLvg0Gww6tKqQ9dS8RDXVDVlGjHXmIAEG+t2SXQyrDBYaaUdo2S4QRlFIATKySFbH+PiY12Vc5Ns27rVLcXfez6vo9Z22Uh76rRdBK7Zeo3khKKCV0jFHdiGtjdKTtFiELfkUEdjYtIDYCZTqdXy8vNZptSSlHGk5KYPn/4sOvauu37LqrY2zfuXV02m3VblZ/leV6MaDIZt81BrGvhlYj1LrcmY1UDedTYNd2f/fRXr75yqyrz2XwsXCqVArRddara1eBN3g3RDUAKhqVjKoSDJrQZXi2FE81ms7IsnXNZlmVZpqre2yzLjDEpJWOMC/0GEQFYKZ1eXA3HNMOwvdpoRz7h7dmN7918o3n/aRdDf7r69qtvQEJI0p+dpMDjg2k+meB8Xv/8PWP9osq0FKxyU5beO1hdgTVACFgAI9SGuHc3D3CTNCgoIIpYtdaSdLyt8xTseLz36qv9xdXRaBSePZkX97ZNvX2qfn81va3GMjjl0LCOhUrRDE1ufZm7Knd2u70wmKzpFWv1HbOGNB/tfQ3sDGQKmhm0EZMxaiWhJpCUj0oUXS/Xs3gZmw1CPx7NKA65BWABFMRgJA0CRYTy+OAmzI5A/HUQznD8EtylmwoIqxAIKYvsdun6ZbGwCKEOPmZQERQcRv4AyiyikSgRR+razCKoy8qsi+HmnbuuzDbLZRajxobajcRAiSJJx9wxT4zLp3PgZIQvz05VAgjF1DtDNpEzBJC69pRkKbBWtMCkKIA8iJuHl0eqKKIiqhqJlMlYY9QaC5GYabDo68uYGdgNKQcSHODggsUvqkOIgWiYK+4u2P0eTkREFGMS1Zhid3XpnZ/NZ/t7B9t6O0TN2jLnVHIKdZMUNHNG2EKeq0pZZM5m2+02tP3QTB1+51ADhtdwsLeXUmw220HMJKKUeMtbFsitd7lVidv1ZZ57Ivv5oz83xnVd0zZNT6EoCuLep7YLflM7QXAoxOigGGez+WTv/PK5y2AHEjEIrAqghAISglQj3N8vnbXe2zzPl8t0cd4TA7ouRTg/g/X2hXcu84V19smzC4rnsU8p1cZdvnLvMEY6edouz5ORSYYOwfc1C0JK0rcSenj6fHVyuppO/RsPXp3NR1l+IKHs+m3fdqHnGAQg8w4oDPWUm7pRLsFokl5knDtfFIUkGRVjHYM3fjqdEvEu7FcNADhAAUThNEjlh+9aNA4gAzdGe9fN8KorC3f7xt35/W/C8zVcnK+fnV6u1sdvvD7Jpypw+bNfFYIGkVYmeVx8+1vgHaAFBhAFi3C+hsxBDO5gEk5P8sUC2o5JVYmBt12IqRcRDJ3PrVa5zCfO2nw0r9YNcdmeXPgDyQrOJswuptSTIlOnZuzzypkMrQFnUuwtdmx7sF3dXQa24CfWOMgsEEm0kBkwqKSoDJIgs9C2k7Kcl0rN88xbZptYQB3sKI6ig6nBhoR2NH8lmx6BLwfVHaiACAgwJ1E2QAaGmSXzFyM8ARAQHVR6OniZdxADVB1QEgIAOEiklBUiagKQ1CdvM5ePprOFKzwAld5s2jpsV01YpdT1bd+lvgmpD4ymgZhgbyYUgHrmoJBAwJhOUgeYgyaljqklDiyOOFogMqiivJtF8MuWpLCw0HUfRFRxePJ/eTT4pd2BELOKXispRYZq8aU/Zq7dFio0+C+Zrm0jxsQYWdEaIyx93zMRMQsRMxuLzhprDDN479FUxiAA5HlOiVPiQZcxjCoQreh1c9QgEYsokfJAYbu2GIa2Y5cSJe+t9xCT6dplnufVeBpjDCGJCHsDIGTYsSMxoIaNYTR5me2ND7/y2ldF8HR5FojQidnll4A6ZZK2hazo8sos1xfzeS7QZDnEBKMCyjIbVZlI3YeBFaBETGnLkVkEJFwuH/ui4+RCYzI7DyYZkBipyCwogjpmHMK8UeFqnT785OPj48Vib25RiRxxFlPfdxJCQ2wYUMWnqJt1G8MyL2YV+DwPXdfneedHfui/GGOHt3HgeWdZJizOqCAgkRgFhw7AsCoqjlw59+ao12+OjvKor331Psz34eHT/uETvtq2dZM5P7lxK5xeLF90tspNVRZVBaMRFBV8/gJUgAlEYD4DgOe/+lVvNLuz2H/rdToe5z5Da5MMPeUUIw33iXF5OxN0xngjANP9o7RuujWlUJ1/tCmrytuePMdgEhqCNSFYRS9acJYl7nljsbbSqaSYNCQzrvYXe8dAK4Zz4/dUSzM4M0RAInC/PXmOGr2zfeyzLGOmSAnBOqOgCjhkd4AgJONms7swvQ2ZgRhw1ywYjMDDkuaBXCA7esgus3wYuoMqDP6El27RYV+uDne7UUYlEEZNAsmptG1bjiZ7swOflRJiRw2kuF5fxWZF1CXq274PKfZ9DD0b7U6fPzmelZwCp56kF2ADwNhp7BRKhcSRmZkSR7EmkWrUL3K/9EttRRVh2CW2DXXhLwgWBr3DdWnY1YVrn4X8xZzCl42YwawFoqLKRLHtGhU7lMUQAhoPADH16zUZa4mIiZjIGmOsQaPEKbPorIU8A+S3v/n2kydP1+stM13XBRxaG9e3uwkhqTJRIpbrgarJVAIEBkqSvDhZU5Y5720Xg7XZkO9mDMYYvVcdIDFqFI2AY0SrxcHkxjfeKBDcwWb/+dnjXhq1Kor1Nm03EgkyB2jAeWTuwIbJXJ2HvIBJ5ZzJQzJ5VtSbXi0biWjMcLb3FmwO9bq/srXBwkLusrJDEA6xDywNg8YY27ZLlJwF8WAc5KXPKp9XYBBiXSftWAkd9ivpeokEkZu2p6Y2TLnPlBPFPqSyD6GA8cuEFyF6KT83BsG668xLEVFFY9ww+/GiB1rcy6pXZ6NiE7/9W78GxQgePnv+0/emEUv0xWJPjDv56U/dZHx069CMFjAdQ71NLx5vNpt62w7tpZCiqfz+3t4nn3wyOT6Ydq9ElXtH3wVEIVFwJKRqs6zIoAAAQWk5i8a4mCRnKGBe7XV1xymdvzDrI5uVYOeeEiZrGmnY2BQKg1RkxhvKILBGCwJqnNubTfYWR/ey2RygsVgrlSiIxprdNCHBdnn67LGTmnIwoM5n0SZJCQbW6HVkhiIm4wiLcnoL/AyEQROg1QGpPjwMlRRIhwPF9X7hWi8ou3yN4aGMoLvvIOqAWlRAAUmiSSGJMgqrRGfQoasme32gZrNpU6ep32yvNDTMPWuMkWIU6iFFQW0+/ejDxWIM1Av3yoE1CUhmgnAQTrv5QWRiJFERJaLhZDC42kXVfKF65qHRP6ghX/YOviR5kJdbhpd2pmG/8OWwMtEBaQWCu8kUCw3bKhEJ/QCAtIhmWOEhhKZpptMp7zjNPDhWrHXOWlE2CM45wPzy6vJquUyJxuNJ02z/UilSUTDAtJvxyM7YagR4SHxVVWtEJCnHlJx16J1fTBcA4Jwd6iURqxnkw8MaUUFFwszlR/NjeEPeKt547+HPnp8+7qUDo2fZVUwaEownMB6bqsonE/B5nEyL6dTM5yrJ9p3E7daA4wjoQFARxaHzhS1zax06k3Gf+aIaVzZFY0wSaWNM3fqCAWMMTc+iUJRQlWAEynGJFtquiVQrxciEDpBMnuVNE1dXutpSVnhm57x1DgEkxdT1fZF1X37HhkkYAHhjAMEgupOTM+99WZbGoLOOmCxAGeUO+3uQHaF/87UHUBb0/FQ+eDY+70dZSRQHVFlZ5hU6frFMT05DCG3brtfLEBIiOucgRuvNdHKrMOabd199enV+9emT7377LasOwCNSNd+rWLrtFg165+1oBKXfKzReXmR3Ed77XD/72fq8nvjpZrtpr+Sjnz7DPH/l4BDCNgIkFVdNRvmtzI29j7mJsbtwoMpus13ND4/u3vsK7L2qfYMlAbRKtQxZYMPS1wihqywaqxw65xywseh0kDXjDlsExghYxtH08L6/+QBMCRRBebdshjQWJRUiZVW2OzPSsA/fgdh3LOsvXRaQhCgJSEIZlg0JB5FhJfdMXd1sy2rv7Pn5Ztvlk0JzodAkbpH7mNqmrUPbJUoo1qL2Tf3Re7+cTYubtw6MJuEehEhJbEuxFdOjtSpIERTtdLInYAFFJMk1Z2Vn4rgeK+ziCVgUBRENyHAQiBSMXrvmdeip7urCyxOEiqoIEQmLCqcQQugsalHkXbMNoeu6kBKJwHa7XSz2nfW3bh9vNpsUU5ZlXdcx0dCM4BRVCUW8dSI6GlfG6GazulxeLdfrSKnr+2EBK4AFHKbBRCx9tHZIcBuKnEhSy0oxWmREGFLcrMM8z8uitDYBgLMuUCIiVrDOKYKwGOMQrYJVkGa1sXlRzkb3bt6+ak/eeOV+VZhNuCLTJFmGqFkBB4tsMhn1cRkizt1oXM2NcRdx3TedMybPYHkRhUAUwFrn8iqrfvDbP1Dln/zkJ1YsUG5l5J0LXX/zxq3zi02KkVUpSkysDHkObQ2U4NXXYDFdJNpu+pa4dwacN2gwtxMj5ZMnL06eQ59gPFNjDaD03TqxYckzbzrvm03dVeO2qvuqMmqstdaYkMLh4tA6+8WuAQCMNVatihRq5g0viG4cjmdZlZ68aM7X/mwpV/UGu7woqtnYVsXz58/SusEYhbhXYtDC2nyc9THtHx4e3jyG2Rhevwk3b0BHN54//eiTD4rxFESh67AaAwJURXlwE05Pu7bBVGuN5a3DDEvYbtqn5x/8yU/NyeV8MRaRAqq22Z6/6Ce3o5lUxF0+Pdq/9ZU7d38DTAm4gXQF4aivr5rNFvxi/+A2jG4ApciQA4EmowEBFb1RA2CBeojd/nzspKftBndkBWJVNCg8oMYVLTMYyGZudBPGe6AGSBRZQJGBdjVhODiA0YH/KNdDvd1ZHUSGwzeADu7GAYesQsqiooBkgJh7lagUiZKk1jlj0EsCUDcZzzrcnp2cEXWa2qatu67t+374OSwKIl3YXJw9n0393v7URtu0bQiSfG+pi6nPTAk7ebNTAWMHPLv+BQrdy6c97zSRL7nyw8Ucv7yDGL4eyMN6bb5WwWH8IJQGeKQqW0BV6fsuhNB1XYw03HGDMNVaR8wsQ4KcMYi02zTwQJRn5mEg2nXt4OnYbusQu0SBiYzdbVR4IEMNNYV5eGlDS3KAtokxACLIg1hDVY0BSpRi8pkPIbDlL0oDM4tYZ52FYWdj1HTNBrpms70whUm2a7uWOt5u1o0+yyv9ytcWmZuiOGvh5GyrIsDj1aUk2sY+oaAC+0z3j4ATGARjglFezA7v3LjlfP7ZR4+ZxRpDyXpvi6K6uLgKIVg3hCSba9olVBVUI6jKMiUmQUpKDKxAJONiPJnsL8/qrgMRMAAU0XpF2wOQmtwamxKlRG3XbuvtaDRq6iYFHk/Go9GorCpjDRO7L02hYKgMDkwGZJvooz04LkC8PrvCZS1N69BkmbeZ5ZTaZWdZ+9VyjLYqCz+ruMqySYFVPn71VZiNYD6F0kOJMC3ho8cf/eoX5Y09mI5AebvdTIoS8hJIoF0D2swXxJyDg/MtCMJl8/m7H9Omv7t3hEafXzzLRrJu6ewxjG+2R9/YjynsT+/eufsdOPgaRIL0HKQX7K3fy4rRLLfV0WuQmro9ERzlgQBYzRaA0VSgHpQgBQit9gE5ah8lpcghUWJQiwrGqlpAY6wQs+J0vLgDaq5VTKA8jCAEQAwi/6UkTr1Gyb9UE4ns6EOD0vDaTQAkMES5IAkl0SgUlPtEMfel91kfZDqeZb7YdOdNs4bUxrbuurrv+9inwac5/OS2aS7OX9y8MTNaW2e071AghMa4zlK0ebbb/OPAttgJHuRLzFW4dtcMA9ehIbILIgUznJGExSgIyMvGxJf2C2boUxCTclJJysIcRcRYpChd33ZdNyR3Ig5hdwgAZVnsoC1EQyYrXV+cEnPilIhpkEITJ+dsCNuhR0WccpcPS19lVxeG0zugwV068TXOGxVB2KSXpQFAIqU+xSJmTdc551JKkZIqGuccJWddlmmeGWtJUCh2JMwGpFPwhliByr4hM9LD42yxOFAuT55e5b6aTKq8HJ2f8Ga9UejHIz+qUCFmOcz3/auvIRAzFZCKMs9DuNqscddxUicCau2zZ4+6Ntx79RXV7Kc///BLrV+YTmG+yCeTSUpCJDEZYsNJAGCcFwf7d977+a9CP/hhMCVlJTHilQHAIqSUE6V6u6nKopmMmmZEOQ0gXwBo2lr4S6UhRc5ztwOQGYTE89G4zAt4/CyrSmQV53vo1m1dQDk5OMymE3n4yIDNjSvne+W3vgIZgkfILRjli7PTTz4477Zv/NY7lUPo29P1xVe+9ipISn1IScA3sDeGk4tnf/6Ltm3vPniAsyrl1iJbRahpe3J6fvL81//GfwG3jviX+NPP/oSMqWt5/Lw5/PbrWVlW4zswPobtNvbb0D5L/SWkZMBbNzFYQHWnPX+y6T1YO2JFYJUAKJZll14PPXB98fyR43qaEXFMKQVKaiyYgYTrDHhQqfI9nBwZM4aXht8hgYXlP4SU7M7t1xqh3Q4ChWIAAAWGwTksLMzASZiv8bmkEJUjcc9CxLHKR9YBt+3e/nGXNv16aVW29TZ1Td/3iehL2DvDzIlS2zan5ydPHq1uHh/khfW+6lNruLXc2GSG87ZRQVFjd1isnbwb/9K/YqhlqrvImV1YiYq+BAsP/xdVeJiwKAxaaeakwsJRmYjjoPhGC6rc922MvYigsQatsBprnHPW2piIRUR4GKpftxrSUEOZmFliSiF0aAARY4oppWt7KH+pgSpEFGNUVXQed6JpGRK9jbEAgGItmi/+CqIwcpI+oEmQEkSCIdUJ1IA3zASa8tyIpkREIkEjI0hEU/myKKbTMeWoKT78+OP1Egw4Yvf4Sc+ykQBM4DO4c0fKbERCVVUeLCZ7+4aoC41JfRU7/eSzX9UbZaaUnHeKaFAhc358NL5x6/bjp2coCIp2+LgUqsrPZpOyLCm2xEoJiTBFEAbUajY57rt3hQ2oGONSIotiyCQYTO5KlKcUovVt126321E1yvMcEWOMKSULFgDcvVfut13b1E2imOclIiCKcU48m1HJKhLT9uQihkBdoET784PJm2/AdAovTiX043FZ5gUY0fff7zm1oW/6umcqR9Xl6jKNsuqdby1/+f7DH/90NBrhbMQUQs2V9TA28D/+/vkf/fLZT99/cXlZ/q0f3flb36/HJq+cDQna7rAcPabQaVPSqnzt1u3R2x89/VXCq7M1Jrj5+hv3Jq+/BaNxd/Y80ZLoMUg0sDBmj3DCtkhdZif39+d3AEzUEjQOBBTLEcCQzRzG5dlnzz97f5oXs7t7kgY8kYBBAHbOivEAhQGvPDLsQRmEEHGXOq6KINdHbUaDKMBELPyF11jSNb+QB8mgUVFmZUJVO8CMIKmSAVEklSjcU+zbelNfLv3Ct/3prdu3+vDs6up8ffa8vTpPfZco7g6A3qqqkCGhkGLb958/fjyZ+nZ76Wy6e/NQ0ILpKNVs10woQiCgKCxiRQ2AGBkwLV8w2r7oFlx3HOUaocdkBksYXBNfBofDtShbmWVYyxJBknCvLExkjA1t2G7XIXRZlsUYJQlpZIIyywdZdAhhaFEyhKFhwEzEkTkxcRJiYV/kXexi2/d9N+wCssxlmWvb4JxV1bpu+raF6zmFWEE0A60KVJm4ix0LeFtkWZH5AsDEGPM8d97ffeXuqLq9Xq+bBiPjkNWEJrM2K0c5GI2Bd6HZyMYjSeikQ3Ymx7v39pOtQ1xXNtsb5U+ebj98v4s9xACg4D0oweOHyQFbn5eu6rYljYFFQ8erq21o+/PTbrOKoMVifuSsFZGTk6uub/MyW64uzk5eMAOIMcbNxmIyunnr1v5e2bbr7Xa7e94ogOL9e69//zd/sLqksxf1eiXCwJIUQMmyVQAhAEzabAyIwgyrUTWMpS1ivdnkee6dR7Qs4lTVGuu8Q0RRMWgUFRF8njtnKSXsU6zbpmkg94vbh5MHX4GjW/D0+dn776e2j8ZsfCtbZGBhHnKKysyVlmYEWTUBl2+en21W68Xdm4ujPYNm7EoIxH/804d/8JPNzz4rGr5fTF/84v3pa8f5g5voytR1PgROgYGenr+wsH7v6af+cPS7//i/MRPz+cWjYu/B+PAuQE7bTd13yj0YA5AZLTOdjIoF5pWfzAABhIWYmUSiiKIOUuaMAZzF+eKgqMah74u8CsHsoPVqVCyrBc3AlGpKsBPjCrQelAXcoKjUXZdxF7iNokM620BNfvkU5QFawiy7cCeG4e+QKBNKAk1DvjgCCSdOkWJPiYqiKqtiMs0T15vNanl1Vq+uUtvCSxP3Lt+RFVURBE1IjM5Ym8/ne2VWhtBxTDafEHUx1c7lIGZ4YSiqzGjB6Jejx4efbF7uCHYlAhQAhkf3X+xHsOz0UXLdeiQhEmaVJBxU0qD1Som223Xft8Rk7MtWBcSYqrJk5rpuEicZfiLtjGccIzHBTtDIxMLMIaQYEqISf8GMSzGq+hhj2zQvhyyIhkjREBodvFZDy0QFgggxxCjOmyqfe+f3Fnt7+3dG48P1NvUhBELnAFCsR5OA6kY1GVQ1tIOvMROmZBLHGkCVG3Eti4o4wLztt307DJ3A2Gs1LMPJs7osTWGne7Pc6Hh1+fzivO0aPHmx2qwkBsg8zKYwBDsPwvCriwtSevz4itkJGXBQFMXNu4vpdGoNDypGFjFqVM3x4e3f/P4P796597/8D//v7TYmAlJgAePgS/Z5+cKc9h80mAbVU1kWB7OZExVjTVVWxCQMgyvTGKmKokCXd8x10CaEEEaHs70378PhHlyedp990rR1YTIS6fouCjEwInqLxlqX+6ikmTs8PIQ6XH72aNO1bz+4H2NfJYLz9fKjj3/1Rz85+/zJNBt969e/ffi1r3743i8fv/veNw4mUmIKPYQuxj6E7vz06cwffP70M/b7f/MH/zc4ODgCiWkNUxddkxKs1jQZHywO7uTVFFYCkoMaMAL1BZhBYyPKPKiAEayCFRyLVsK5Gd3av/O1yycfi0UWEUVQB+gUPWimkKlmkI3AluhL8CWA3Q3wBja06i76RJRSQhGBQRpgUEFBBu6mXvcdBAQVdkj/62EeAAHQENVD1CUKHIlS8ojT6dwbf3Zy0vTdZrMJsbtWE/zl1qGodn2PJtvW7Qcffv69X/v6ZFaNcsUsW6eIyGyIXQLMUFQMsyQlylF3KEr90tnnZZkYLFCwO1MMfwB31AYxCgaUmeAaeKuqwCQclEW5V5EBPJ1CaNsu9L0wmSHeOpIkUcEYpSohxrjdbvOyGBoHxGmgxXMKLDKgyoYNFnPs2hC6YIwOCr3hssYwSYoUQirzYigMqoN/WIYDCBpVMIJGUUAhMScOnsnZDIzJyyLzWUgxpNSGhlUFDDp2DCjRsIhERRFIApyQNApZAs+J+th1rTZBGzbgMDeAdWe6HkoHKmAQjIIRa9BslqnbsJENiN2uN8TNdpXWy9C3QMEVvpqO56AOwAx12fusbbekkmXQt8JCRvXgYG8ymTR13ZlkLY0nE2ay4DJf/Pqv/8bdu/cePnzy4Ycfb+tdV8xauE5YFQA7BKx+6WGwa9PGGEyJbbuNkR48mN179a5TVWOMs86KDX0apPIo6NCCCIByG4A5y7LZ/h7cvAFnl6c/+2V/vl5MZyDYcwKOwmCNzfK8LLLcZyF2bd8Zb7LZrPnFr5qr1Z27t/Zu3Qh9gOXq4pPPf/Unf3bx+BmncPxrrx/+7rdhOnvNdH/wb3//2buz27Nv2RiBUyfpStrT2Iynd8LYL964x4u5dSVUk8ztg9aZMZlzb7zxGogAEhCDYWjWcLVO7bbPlc2OlTBfzAERjAVjwWZWwZsSBYnx5r0HoT7bthsSVbEATsAZyBScoheTqxuxG6svwXgRoGvZ4i4fbKd9ZlUenH/XI01VVdYdBo6FUJiFcWgaCsGOX0CgAZEAyagIRY4pUWKiUTkxxqzX6/Pzc2KOXS/0xWJAxL+ULb5cbXzm+4388Z98Psoz+Mrdwz2bjUo2DplTStEm76wMQn8SdMpMFgdt4ZD4YQThiwIhKiwg17TFYf6qgoMHQQZxE8F14rKKCEVgEo4orJxQNYauadvQJ+YIIMaazWqZEktSVSjyCTPVdV3XtfWemYiZUto1F1IYtlrGmCHeMlxfBvGlHRMAqqoEAGZISYrCAAzJ3Nc5QSLWDga+4axk5Lq2JubNZrNYLETkar2aW4yUBIdl5AhyhkzQOW9AfJReFJl7VkxCaNgwC1CIbRPrrSh6yEv1RvuOVIAFitJxGkTGYIzzhvpOXzxvmqYPt2YP3ri/P84/C4+NcFX42XRxeHh4dnkqsnuB3rvReJyXxWR6/Md//CloLMry8PCwrq/Wm3MwcTYf3bxxxCIW7IMHb379a28Lm//tX/2b9ToR7wIjnfkPHyXDPSQDWh4AjMq23qLBvuvPz8/v3r07ny/cYjo7PT2tqhGwGAAWBYKh2RJSqsNa+q7r+8N7t2dvvQVt+96//8MqQYYYut44m5TFqi/zy9XVtHB7i+neweGHv/plz+nG0RHsL57/yQea4lffeJOXS4/42U/f/fS9Dx9//GkJcOPWrW9++y3oNxdPPzu49+rr9+989NM/u3Hn0I2KUG+r4/3RG3fWe1V9d/a3f+//evxrb9v9Q9AKSGE8gWCBE1ydQHgOcQWDq7dr++XqqJjZyLKOsLPt4/oMhnuuZXnla2/Zct+NCpDkLEOVWcchdEyqYnfUSXXGlnk2ccVesbhRVAd2epzUUVJFQRCzi75g3H1JQjtIAeBLLdBwCme41kd/SQkpQ/tLlMH0BiKLdF3Xdi0wGIUyz28d30h9Wq1WytI2TQhBWXb5V4jWOmthPJ4wy/OT06dPniPYFy+uTp9vYw9/+qcf3bl1lDuZ5d5koCyKokQMPJx32IpSRPAAFqwdvFUIA7p1l4GtqshptwlnAeGBOoMGdx0IZmAafFeoxImICYVBSDipUNduQwgq6hwSadu1Xdd2bTdQhrwrVWW7rQWNc65ualWNFFQHIxaHEETVGhPaEGIXQuAUVdU4DwDm5cFH9Wq1WSwWRTUyddN0QYSss3mW96G7c+vm/v68rIqL05Ozs9O2YecwUUIEa5y1Ls98VeXL1fL45o2nT58+ff5sNB5//a1vfe3r39vfO64mlUhwBRD3FLvEzdmLJ5vN+eX5i83mSriLyy1GnlfjWG/NyB0sFs9P1l7k1k27WXOeQTJgAFyGWW7Q5CSh6zRr5Z1f++F33nn7V+++X436i4tn3qNxXhEGd9OLF0/n8xlYddYa4+az8a1b0+WyfvsbX52Oxx998K5COL6x/6Pf/tHe/vzHf/pja/3R4S0V///9F//De+9/TALWAw0JSkMstAFUY8ECGERrwFhAh8Yihq5fXS1H1Xi7Wn/yyccp0Y9+54ex69xmswkhGGMSkbMeAIZGcUixl9CLZ6H53t7s6AhWG766NH0S3tHeSSACxsIYb6b7ew8evFZU1dXZySa0zrnjO7cvf/Wrh599duONe0a4Prn47N33z09PXpydErQA5TvffQduHPH5ybt/9uNXl8tXv/7G5fLy3/yv/+rt3/g1Py3XTr75N3/3+3/7h/D6HdgbQa7gDIQIfQ/nL2D5or16wc0TufoYeBNEg5BCCCHt3/q6deXYZrIrDQYAmChh8hQff/DL0WxvOj0vFrfBLwDUYzKciEDBAaCKEXDGFXkxttXMFHPJJmQKFUCD17k4rMCDJliVB/j6MLD8kjRwt30AvdYRy04qjENbUod02KDQpS6EPvbb2toid3nlcxbZrDZ1Xfd9H7peRSxiFBYRY4xz3lijqjEEEamq8tnzcwSf5S621LVwdrI6mM1UREXFDH17FomJEmAyJoLhpMkNeaLmy695IEEaZUZR3EFoCGEXvTX0/FUBhayKEqFQoiDEOkjwhYSiyO4hL6JJuGu7rm9CCDFFazNEFf1CUqE6nD+YmAe4tooaa1HEOmcoDo6Krg0G0VijaAcVhTUWjZmMy7KYIKoe4mgymS+meZ6n2N+9c+crb76xf7g4P39Rb1Y///Ofvvv+h9tNB2BSoGxcHB8f1+tN1/fWum29PT8/d96/9c23//bf+a+r6siMpgCi1KMXQOJYWxvvvHoLwkbWZxQaCc12e9GGrS3cp6fP3nv4yZMX576jEqjaGx8c2swXy9Wq73uH4jzuHR6enV6A7f7a3/rrv/mD333+/PmHHz98/PREjRHgQH3T12iBEzNLpGTBAJgUKVHnMnzjjVfz3D958iiE8Or9e3//H/xXb7754KOPPmiaAJC22+5f/PP/6Q//4E+Wyy/0qGaw2v9Hdw0AxNR3fWtro3BxcfX5w4dN277xxhvDB+e6rkHU8bhq23AN/QEA6FNqIFlQlXhUzKAcySePnz55oqEnAWRAg2IwWkwmK0p3OJsXNw6g7Z6ePQ9I49ksoX7w+cd+Wk5m48/ee+/q5Kx/fiGSKgsum9y+f2/x5qvw8Sfvv/vu5tmT9y5XBzePD792/1//s386Wt/51je+9/2//h144xbYAPUlVBWcfwrQQHOl23VaXtByTZveCbWrKzRsjc8NnjVbHO+n6Vdtdaj10inBS2wBs6aEVE82n8DmWbt9rvWT8sbXQTzVV5g6BVW0gChoEBwYl5VVNlnAZKFuwjZTMKKKRu2Xz+T4H3MM/Cev3SBz+FpQAMRICGFNHcU2WQWngAoIsFle1XXb933f9yJiAQeZiqLk3hdVmfms3jRd34vIZDz563/jO3/4hz8+eb5a7I+aujk5u/rmNw6NtVFEhUVIkNQYoaQmGXaqNMTOGISX4ZEqMrS7YYDHXvMmUIfjryCAAQQ1L5sswMQUhJNSpJiGk0Dsgwi3TdvFoKrMHEKgGCUxqFFRcYN6encTs+7qAlEiZuBkjDXWWG/QOSRgpZiigBibZ0XhfF6NqsxneZ7nPrt9+3aWZXmeA0ie50loMikP9w8ODhd1vd1sV2DMYrH3zW9/6/Wvfm29ah49Ojl5fn51fnV+fjmfjPu+n06n2+3WWPPrv/4b3/3138iyDJ2AI0ARSAqkGhKS6a6K5jF0l9RtNdT1xYv15Vnsepf5N2/cfPM7v/buw8//3U9/cef+LamK6OymD3acX132IUiUetn35V75G7/zOz/40W89OXv2s1/87HK7HE+LutmSpqZfi4lVOaagAihssixjlj4GkmAUjg+PSCCE9ODBm//wH/7D3/rBX/nFL372kx//7OOPHvaJ1uv+k48/Xy5FBFiAh4G0guBfqAxfzrXtux7RCHHf9+fn5ycnL16588rxwWHfNn3bONY4nY0Pj/Y36/ri4gp2HxVGpaAUAUmSr4r0/PknH35ESoMaUAFRDHsTASTLXOlnB3OI4ezi5GJ15Yu8nI0/P3lSx/7w+GC72Tx58oib/t7eUWJCG2ubXvn666Dx3V/8/NMPPuqQ19vln378y69+/3tv/43fufvtt6pvfxX2Cjj5TLQ2hxV9+unJs0cU1tpdQL/JY8xZMnLMkuUjRMzzUjIHPWXV7WL/dVjcwcefoRKAACIIWxa1bLksXaT+RddeXp48ulXtI+Rxs1JFW+YypDuKRczRVVhOYDqDaopYIjhGgJ2zgBUGz+W1y+BaAaD6hWTtSzwrMTBEfBrFBCqAZDCqBoA+ddsU2tCm1NFicpgScww9Q6IUQuj7XkhANAnFmEIIeZk574q8yvN8u25DSCyprMrNZoPofF4qWpvD5VW9rtWNLBRohNUkhQAioj0qCyNqZDWAzjpCANjB3dQM+yB5qcgAAHPdblBFAUUABiXUJBpIgnAAIVCOoWGmELoQkjA0TTeUBmvsMGwVvObK6A5UocDDBIRlF1XJRMrsnFjnrLXWX2dVMOdZWRSjajzJ8zzLijzLR+NxnuflaGqMLUdVWebr9XoxP5rNJz73q3VflOPR2Mak+Wh0d3I8mk4sunE5rbf1s0fPPv3s488/+2C1vjw6nnrvvvH2d46OD2K/fPJ4O5nuLfYP/WRsJVBcKTdCG5OuHr//713cKkXhEDabzflF6jqXFdQ3e3dfOSz8D7/37a21FxQv+ib6aArEkb2M3AU4PC5v3r7//d/83ouT5++/+/6nH33mrXXOICIxxRRNC+NyAoJGPaIFMMIcg4TEZTkSgeVydevmnX/0j/7RN9/+5ieffPRnf/aLDz/8tGli1+vPf/5ZDIAIrFDXOwArv1TfyV9UsquoaiLCvpNEIYRnz58dLva//vWvTWfjEEIKwY3K3FtQkhSjsuy2kYiMuG17jKEg+PTTj1EBgAk4DeBwQATxWT7Zm47uHO8fH2XG9tv62bNnkWLmy3VfP3r4MMZ+WlcnT58p8Hx/YfemxzePj3PAaeEXox///CcvnjxsU3f84J7L8d3Lzx/c/Kt//e/+P4AJqIXVcwgn1L/oT5/3bWfDLNORs96VNyDvJLQhBqEIFrzPOR+hK2htrO5rANzWKcouXAF0ZxtDB3bKSKwuRa+yPH/09Gjv6Gh+fHp6WpSOWCInl1fGVpJPumK6iTz3mZhMWQzQ9VNUYNc6GBbSML4czH8wSGsQZCDBKUZAFhBgB4JGEIFUO+VW0zaGbQptbAMyTMtKiIBViIk4hhBDEE7EQ39DrYGqLH3uyiz3rgw9X12svXeLcrJcbz/69PnlsgeALvTWmBeXzbqvbk3utaEWSMo1p85YA+hQUITK2cxYck4BAgIo8MC6IWHmyDvptyAiqBEBFaOCqCBGUQMLMXVM3PfbdttU5ahrGqJ43ShMIUAIg5xLQwrCwmySGBExoMjAyKIICgoGDcpwPFDDRgFBDIFFMRi7Zltvuq5TVTUur0bz+f5kOsvy8voxBm0n0+l4PDmYzsbj6V7f9wBlCGCdbRqglOfl7cMbN+um6WPInW178ln+4Cuvv/nVV7ru7XpzcX5+vtlunK279qnzm7ycGDH1VV9sbVlZXT55+vDPu/bZKOs0rrabzXq9nY6mRo0gJJVEsd8sV5+GWvWsD2vAzlvOXGVsnsysmE1H9XmKU5MdFOVHv/zlalmfPD4Z+zyllALNR4vVcpPWZDOt9vJI3cRXORShixdXy8Q8W+zdvPkKk7zx4Gt/7+/91299451Hn3/yJ3/603/5r/4tc0KT5TllHoWIGQzieGTWa2YAuEaICYAqqqAa2BGlSL2Bvu2W7VXXtTePbn31a1/dnx8Aw3q5eu/dX7nJZNQ23bPnT2KQYd6kAjbzvnKpoz5Fq0YVZWAbgypYg4gKaLEYV7Ojg/07t8xk3J+cn5yfrusVepuVxcn52SbUo7w8vThnTsaYTddCn5s4mk33JtNptJCYRvPR7GB++5tv5j6986PvvPJf/i5cLoEaTVcSLp8+/LnFOndd6SdFtefNDLwCEmgfU5tSHUNHKZCx6Cq0VTE5tm4kQrbfJOpQwexCaK+1wEgIBZj5aJqPioOzp4+3ZkNKdeg2V1BMJovpjcAGTaVQMmSEGaMZ7JKgQ+aPoIruqEg6kLFRBHgwJIlRI6oGdnoAVQBlHIytoioBpFNpJW65X2vsYtMhQ+YyEMPMnFhIUwgpdkSJRYCFxRq0zmdoMMtcnueg3DV1ljub2eXq/L1fffTirI0J+yjG4qTIbO6fndWvRieMmhIrGUSwBtGBsaCpc5usSMLWuaEmDK+WeYiT26kG5PrZBSpexACAARLphbtEgTmCsGhQ8azx8uqcUiJiSkrsVCwgDPsAYSUZ2q9WVNkIsgUQUBIEYGOccw6NydAoAFlnAIU5rter9WrVtZ0xGSWmxCFKFqSqMgAY2kl9TJUAWufzEagJyMZkiBj61MdQ5KPZYn5w41VzebndrEQTWgCJKSWDvXMwnhSAi8V8pKJokIRCs7oIoSoKLbxp5cXnv3j08U+3q0fTaT6ZjEbV9NbdG97koU9q+iBXXWghiXPchtS33cPnIVvA+MbhbDLB3DnFKRZj05ajyczmhSvyiZveq/qmX61Wdd16wanxHSj2CQIZ1iofqYW+7hOzy4uyHGe+KKejv/t3//6r915bXl78u3/7B//z//g/h8BEQVUBrAjmuQ09x6Qp7nRqu0QOs2scv7wSpRQjhdj3fUpp4AyHtuu6rszyi9Mzo+Bu3bz59OnzJ0+e5dlIxA5kP59n3/2tv9L+2cfrTx5plxwYBOGBdQWMgOqMy1x1MF/cPDLzCbRd1zWnpy82m81ify9JXG9XYEwdugDtzIzzcSkIy3rl18X8aN8be3l+hiT5Ynrr/l17c/pbv/vr8N03QZcgLzRebbeP6vWpmq0AGn/ki33rZoAZGAVFEhLjBXMBTiRDKhQ4Ho3KxNT057Llpt4Oj58v2g0AAGABc5+VWWWyRTnug3ZYSjLp5Dyl5+0739y3xQi4MJJZcVaMFRArbhiVXWNXBpOUUwA1g+zJvuw/DIk6aFgYFJ0aYlAW5E41oURNDYeaYxP7NoUGRDPnEJHSoDDWFEIKIVEajNMxskN1mcuz0mcOAHKfhVhfrZ4Y51IyT55cPHnS9ARgYVjnJJKYP/70k2++/WZZ2NizRUW0YNEMe0Lkul4XlPI8Z+sUAdTgQHnkyDte+wCsEwMIAqKkao2CAHEKiSKnSBz7vm+bFkTbpm/q+rqdObQJjcgwi9xZMK5NWTiQcHa7XgVFVhZA5yx6b6vRSISatm6a9vzqcrlcU4LxKC+8tz63zmZl4YvdrmHYIqM1JJJiTKyJVBESUdN1zDyauPn+Apyzmbfeo4LLgQNRTBQDUwBE56dlYZwxTAOBugn1RdiGjelUuovTJ8tm66qbi+P7d++87l2JiH3fJrcp8oDhaRtOnAFi23VptQqaYK86/Oq9t+69cm8xqgpnhWXTBZtV5WS/nMyNzTlC2/Wr5aqt608++nB5efni+WkXAveNCmV53lBKTC7PyrIEg/PF/O/9H/7BjRt363X9B3/4h//sv//v26bt+tZlw81vh0c4mCTchyQ7/tvLFsPgK1dFFkZGsjFS33bb7RYRF/M5M69X6+1s5fb2bhwe7c3nbv/gIEZer7ehZ+Hdtg7BfvN3f/vRhq4eP09dNCAWUEAQEEEtInqTTcvqYO6qQjabbV2fnJ+ttpvMZylR3AY1mFfl5/XjKVT53nQym4cQVpsrl/vZePLRBx93EnpN01t7emNy8NY9+NY9WD/VPiJsJJ323UnTrW/fvA2aUciSFMpmyFdTSEQpUaRI1DMnQVSJZBR8mYU2dN22b7vQtQbAfgkeMDiLQRiLUeEPTDY5evDO2ZP3+j6Zyf7V52cfffjZbLb/xhtvgjqjxrA6ETvA4/Wala4KagZouooaNWboooEYBVAQYAU2IgaYlVgiMlmIAj1KBOqtJkqthA6ZgMmiAsAgmWa2IaQBgsqsxJxiSolc7hDVZ67MvQgD9V27DP2mCXR52T8/29i8MBAFDAkBgvSSOCXunj55/sorx8qGlA0KEiIiWgDQRB2zEKU8L9E6AB5AlnqdkX3dNR3aDYN2a5cs2hMNrgZmXq1WTdPGENqmGXLunPPelZttIpHASXjXshzOXsw6YKCt7gbuioCIqjxUEOdwVI3arhkOJuv1tmvTEJQwnU4nk0k1Hu/v7ZXl+OWuwXuX+SxRulqtyqLQgVUdo0EUa1yWjSaT7XrVti0AZJnPPCaKCU0kTkGdz6qydN6iCKJkUFbV7JP3/4xpHcNV4gZEJ9Ob9++99eBr34HRHnQdbddg66zcv7p87kcLs2navj2+dePWa4dvuRzLiS+r0XjqrMlAMrDWoS8qxgzZecq8rRIyOJvPvY5nx6MJxbDZbB4/e/rn7743spZAue9K73yGiuxAf/TbP7r/ymttiD//+S/+yT/5J5tNvdnU0+lYXhpo1VjrrUGSmNJfzAkZwinA6DUkRI1Koq5tt1vOMkAAIWq7ru26KdFkMplMJu7OzVsXpxdlXoZ2iwqoaBD7GN9/95evP3jtj/5//84bo5IM4NCgrsCiNXZSHbx6RyY5THJDvH62/PzzTyWkoizQ6NHREZ3Jqqn3/OFkPn7r17+bWfvzn/+io9S13Z/95KePXzzpvUxeOS4P7tz4zpujt+7C8lErNdeXF0//vHDozPzG/qsIUwYLngFywBIhl9QxYzKJMWMkRiNgkJUocYqxb4xzV8ulJOIUZuOJsqzX66EuOGPQpCxLfWqw0REc54ujo/vf3a5PpVjdTyd/+MePLq+2B1eru68dgpKkBr2L7cZkuTHGOAciQ7C7iAyqahkqjhoVpph4MGKaoWWXRANzEIrCHVOjsYOUJIa+XnlEizobj1bbDRNFYiLoW4mRKTEzDC5kEKyKIvNuNp8spmODSLG/vFxenp7U69V5HZ+fbq820iUISQHYGAAFY6FrYVx5RNu1iVM3xEFTkjzPy6r0eWkNxEikmlic8cYYNwgchGEgrwAYVES0Fq011jsEx8Ip9dPxpOv0dHn17PmTq6tlXW8RcbFYjMsJJa7bjlJnsLC+LH0VmSnxsFaHHiQLW/F93zvrnffO28GYgkbzMi+KYrXdbLfbugnL5ZZJ1YAv8izPrbN5ni/m89F4XFQj3fEsRVUEITEjmrZrBLTpG1Cz3Tb7+/u3b99uu25Tb/u+RxVn3Xrdlt4YdCRGTL44uFGNR4moqxtKMSHV2/WdW2+G7cXJKTYbmoxne/ODBw9+q79sP//TP97W69OTxweH07Kyzmuz2pyfXvzghz+a7+2P5/t1L4GA1UgL4KxYSQBkEE3hXIE6AhmDjLLMGcNkejS9YPRGs9F0+tobx3v7j09OP/zss5YTxdYa8WXxjTdfX0ymTx49+fTho//Pf/ffffzRx2jQWNM0nbE2y/OyGllbxCBtzQjWoshA1jKAaBANKKigIqIYY4wkuVytUkjj0pRFGQMVB1XuMmezo6ObKXFK7PK8HI/GKoOCWkGdgIQU//SXP8fj+5zbUDcO0IAKoAXxoN7Zcj7NF1MtXDJwfv7iV796t2+7UVYYNABwcvLiartuOZg8H+3NyUAbuyY2m7Z+evLcsbnabsLY3bx7/ObvfGf0g28CblMdwvlFv36eAVs1Dj0REKP1uSls5scOp0pGnTXJAgNaq2aQ55BQJJaYuFcVSGhN5vzdOw9i111dnG/WbVEUspNLB9DN3v58PLnhCwfeQTGalGPNVj2NvvqNV9rQrrar29JbzDgsfeY55qqs1iA7VeThbeO0owAoWGOsc0P+vEgUGdQLJMAiQTkI90KB04ZDz6GHxAhJBQS17wkAEqWUNIQUEw55sZRkAK5574siq0ZFlpm232oMErvMUpG5y+XmxWV3vuqb4EidgoEBy4ZgLABADPTJJ5/99M+vpqNqvreYzWZd0+d5XpbBF91kOnfee0CmYCG667hkFFK9ZhyoqPaIFtFNZ/vCQsMAVUJdN+v1erPZiHBZltY6ANPU7dAHszYbTaZtE9frTdt1omDQDA4dMwBUrLHWZVnmvbOZHQ7EPsvyskiJ26ZbLeuLi6vNZsuKzjpnPaIZVdVkPB6Nx1mWZZnTIVkn9QND34Cg8BAGryrW2MlkNJvNYoxN3zVd24fWqChnwLGtY9fUbdfduXMnH83RuEhdx1Y0T2AwH29XG2f8wdEr43IuSQs33rw4v7y8/P1//2+t1dn+5Kfvvjsq/eHh/v3X73/vN35YzeaJtUsSUwR2ZVZkvnDGiKadmV28amFkLDImGZfTfZOSta3xnVcbtst1d5bqzvd8Zza/8c47F+vVzz78eRPa0WT01XuvOMUPPvzkn/6Lf/7o0SM0qKKJEzMgQogSk3VOY5QY1NmiKDy3LRgwYK+PubuOm3MWAJqmbdskBDgkBhrbt13rfN/3bduGrqvrxmW+uHPnlaurzXrVxNiBCoDtE7z74fv2fLvq28yCigEANeIFANFmfjQd7x0ddoYenz5//PHHF8vLfVuhqCRqQ9qmvuPgsny0N92/dZSsXK3Xq77uoL9aXVkwHSR/sHfnna/vfedrMM/Sug5Uu67OWyKYYOaNKcA5zLzJSpdNrBupGhYaMI0KRsCQceBMVjCHGFuKSaNYY8uqmI+rUd/idpXaBjI3N+gShdj1MYizWVVkfUf5qM95w5yBG+fT+Z0H2Wtffe39P/tD78ODr94eoxEBi5XGksGo2IHUtgOVcq8QEAgAGBEJlTSlNGgiUYdxBotE4n5gN/XdFomEyAE6a1CEGZgSkVIaXENCCYiBSBIxgvXeFYUrSz8a5TE1fd9r30pzadBeXTUvTtaXW2kiRCUCNhZfWmZSAmOgj/rBBx9vV3E2N8fH7f5+75zLQkqsPnAiLMsir0rvPCp4UkpsnUGJsuOFsO4OmM7a7PT0eYwcY0wUcofEERGzLMuz0jrHRE3bU4jWOLDWWWnqpm1j2zRdDNb4oSQwMKK1xudZWZTZoOlUqwNp3znsuma53J6fLTebdrvtYhQcRpjWZZkfTyaz+XwymeS5z71jEmLxFkOXKCUQ1iwzxgx1B43O9+Z93y+Xl32KkVLf98PkyADFvlPWohzN94+KouojR4oxGUTrfG4yt205cEp9spDlHi3q5eXDELqj29UHDx+eP7/sAr928OC1t3/zK1/7OljTN3XkSCy5L21WZLZ0PjNowBoSiEIJLGGGWAJMCMYG96JJgLkF7zMwmXrfl5ba5nJi0ZX5bLH36g9+Z91tuxDujKYPP/30X/+b//399z+01lljIsWuhxiBFazp0UZrsiFVSsGoYJ6Vsjsh7lQqcG2iHeqC88AKeZ6NJ+PpaPzlxsTp6WnXdg7R3rx5u+tovWp++Yv3B/bXJlDbtXJGPtb3Z/scWEMy1qbI4O1oMpnMpmjQoXn40ScvHj3KfB5UoiahtI4NOm+zfLI/3bt5Y3QwJdW6b9oUwPhOGEBjmd/77rdvfvdbUGW6PlufP827eqyJnK8pJ/aiI6BycesuRdcnGwiQ+sGwzCky94m6mIKmWOWlBCKRnhRtlZWL6fx4Mp2vl2us3N2je0fHR6Ftu65rNtu+a6jfiobLq7ajZRXAZmMC8TbbW0wODhZJ0nJ9sakvRrPconAqSC2QGmPEOVEmCikFhQQY0ezAh01bU0qUEoo6g4hqQERZJLAEoYHOwsLi0FjjrHECSikRc0rcR6IkRJSSChtmEZaiyIoyK0Y+KyxpbEPd9Q31Xdg0p6erT5+slyvpIhA4HoaBL8+VCkxgHRDB1SouZt5Yt637mC5u3bgp1lACa6DvI5O0fcxzn/uMKDnnnUPQNDjzVFWZrHFDDjkJpERDYM5ytc0yl2XZfL4XAznnttuGEme+ENEQqaOYqB+mrlmWqeyQLYhu+DrP8zzPBumHAgFKotAum+VqXdehazhFBnWgyTvrvHXWllU1mUxG4zLLrHOIRi2KAImKRSXl2LeobK1XY9WJOEmxb7qAqIJDB5kURMQwJ2EYT8aLg8O8GhvjgCKLJhbnvHNZloHPCuGenUBEUUoU0cTRxN5/486Hjz46v1r/H//x/+mvfP+HgBkk6ZqQdITFvKgMCKpYERPVOJtZn1tnPGCKiZgBnUXjDNZ1zZw01DZ1PgVgLKtZ5ZyJHNvtpt4E7sTE2zf2BDiX9sOf/Pi9n/xRqR7ERsmbSF0rbQBKsMs90h4ADILLnXeZc+6l1EmEX379si5Mp5PUh+l0ulgs5tNZ2zRVVRZFUVXVZrO5vLxyo2LU9f3rr762vFi/+/P3QwiItouxdWnJm6NCvv31+92j0/rFaWkNWnVlPjucV+Px6vzsgw8+PHn0KKaQ0NbODHByspDn0DRtacZ7NxaM0HNYbpaX9TrLvR+V69TP3rz7w//7f3v09htgl7i9cM+fQbequyb2JrhjWy1yf1Dt39BQsjgiYE5CW6ZWY0gxEAWKbey73EJLNqUJY5WPCnD5rTuvumK0bnqpFrPJxDt/3sa2NXkxN9PReJw2V2cZsDOYhK4u1Nh+NPIuowSbo9ne6hIKFz748Ffjidkr5t22NaMStbIuBxAHjBIBapIAagzaIQQ2wyHKRQAEiQEGkFMijjLYK1hQgKOCteV4qoqqwJoYEmlHwiREAqQCCMYbZ+G1N1/Z1mufu7OrkxC3YLkN68uLTerH7z9qz04oMNhiIsx91xNppuoMOAPW7nLHrEVr0PkyxTQAC05PLmezGavtA/ss8976Ik8pccZ55rwj8joA7wFE5IvsjKF1KQwhhJh64uSszfN8XM3P2/O+61XQ2kwQSZhJQhp8vNcgFbBo0PrcGj8ajbKscN4bYxPF0ahU65q6brpuebVuu54TrratwSwvi3I0iqkdj6rxuBxVFVqjKMoEYoGp7xoAscYqR2Vipk3XLuZ7w0zZWKjXK7Rus12BNcIiSgAQkL13i4O9oiistSGEEDZdH2MKxuBoVOZ5TiFWtuq4ldSLpGlVSmp6TvUqYIZvvfmVuu2/9/Zb0NZdG60pyvlBWe43UUMIrNz0XZZno8nUFFUSUFEBUWutBoHUyZXrVx6sE9YYNIY+tobZgFiT+8nRNkgP9bbr53vFenNZ5mg28Z3XxmdP9n/y06dn662tDlLXtx3FwUH1Eq5jgAVSSz2S9y7PvXVOVYyagcszAHKcQ+98DHS4f1SNqnE59i7v++Xo9uzGjVsfffTJx58+HI/Hrq67Z8+eCetkPHPWr7tGFRkheNTIN/amwaMb5z0nL67I/PRwkU1GF8vzhw8/Pzs5CSkgWnIYjERlURGVpgnzxfzwxg3rXaJ0fn6+Wl2qgWD4vNn4o/Hv/uO/c+Ptr4Ct4eJz2D703YV2WwqkZmZdlVf71fQIzCgkTSSoViVxChJ7SjHFGGKfQnTGG5uJzxkZnSny6ujW3Z6h7ima0Xxv3/ksUqr7rZtU1XyeOZu6enJ0KzTb9fKqq2t0zloTxWEULcosn9x7/TC05yk0zeZsVDQm36Pu1KkDHRvNAUSlBw4oAcDtOr8ohtkLkQooKQxxr6SchBIwAzGwKCNFRQdECOhFEdCIogAPmZmIERGGzbACN+3V1fLMOLNtN5t6DRaafrPchqtLOlmmugdjsan7pEAAFjDLnLdgQBA1y12e+7Isi7LYW+xJGs6TJnM+z32MFIFsSNYZF0LubMriAFy3DhXSNUJaXpaG68i6AdCgbdfmea6CKWnmC0pBNWU+T4lUiWEYfP6F4ZlB46yz1g3eh2ETsVjMjcG6X2/rbdeFpu2abSdq8qz0Psuz0nkLOJlOx9PpOM/z+XxRlpWxIEJ9G9brVUx95jNOLCyg6oZOBqIZorWHMBEVULYGvLHD9NqAiTFdu2ZlEGkRsbMmxbZr1xxaaSkGAWNdnrEBtVbEKJq26W4e31iu1+/9/Of3778J6nyOGnosFIxF65jYlbnLHBglIQAQZFFF7ZEDYDAghsgQQWJOgRNRiLqD9xpnLeReGisW6zZmXlE4Uq2if/f3/prXn//xn392smkkcmZABZJ+6X3+AsAFMZKwWBedcy8/xyEf5eUsv25qFraALHLjxs3FYi+E8Nmnn6YYU0run/+zf3H37t1X799/8fzkm2+//Sd/8uPzs8u8LLQPs2r61373h3/jre/+6//XPw1KWQiz+Xx+43Ab+8+fPHz27BkAoLNgNDFFEdKdGRYt7t04WhwfCoNTXT07XV8ujYEOZaPwve9+7Tf/i98G19DVQ16/K+uHgV8oE5qFcRMzno3mE/BOBk3ekI+eGk0dpcgpJUqgxhWTUVUJOFOMOJCxfrJ/aKYHGNM4K8aTmXHeZxklsuNtWZVlmaNob5cClO8d3b3/pnUGslzrzfbqqttuKHfHr33lH/2f/9vzJ++Nq/ZgrByuYuhkXACIh33QMajbLXUBRYIdfVQt7+DRCrvAaGUSZkkELNdcWVRiRmYm9H5gBwgaUAc2NwaH/FhEMI4M6uXy5OHnnxhvSaDto8+KxBlFs7y8antKChZVQK1zlfUAAsLWmsloXBTZjZtHRMOgEpk1K3ILFkSNc9ZnDrELfeg6RMQOMufLvM8y57xxzgzgfHjJib9ePyklADB2t31om75telW01hbFSASFh8iVgQT7nzGWyMup6NnZWVkWpCxkLi/W63WTEo+qyWy+VxTVZDIpiiLLXJ77QdDh8kIVutDHPsQY620NSpPJxKEfBB3GOBaxDq5zPRAADIhBTERlMdqdvTmlIBTRglK0TEQxsghF3caolISiho6iIFqfO1ESNIxOIFHiLIOiLE5On02n0/F45jOQuOY6E5MZUQ/Jq2LsgToCkJ1hlilFkQSQAERA+hQlMVHiSLwbNopRmEwmxgSBJAwtiYozpsp9ASh9b3/v937Ui/n3P373dEkIUOZA6T9p4iEWYkjERv/CB3JtxYaUknc+JaKUVqvldDq9cXR06/btru+9965umtVqk+fl22+/M5seXFxctU0fQqiMh0R5UXGWcZlvgXLMOfPk3eNnT06WF5I7UWVhYopD4CEAWisI8/minE0YDQB223q5rENiLUxE2btT/L3/y98H10L9GOpHafMo1U8obVUKa0dsytl8D3wWObDAgFAUShI7if0ALWeBYjLLivFottcGTmrQoS/Kvdv3i8neZPDF+zx1vZ2Mrbd5jBACGBu6OmGWKJXO+MzZzIerc4M6nhfTWQG+kjO8de/B/hQ+e+8PttwBLX1VUHghCF6jz/dBCyVVCswJjYpBALHWAIARNkzDmII5CrMKG4BhXrEbX4iigIoOkxUEC+qsRWEQM2jWBI0qiHF2fXVxevpiUPixWkQDUIDGtuuHJBwLUJal9XleFpm3yunoeO/+vVduHh/uLWYffPjhxcVF27bVeDybz0pfhq6vimJUVb7wfd+/ePYkhND1HVviFPI89946tzOFXlOYv7ih6rq21uV57pxVsXVTL6+WdVNPp9NbN28VRcEGgeE/dSHiNbrmGh+CGAOFfrvcrC8uLrZNRyRZludZOV/MxqPJbDYbjcdVWb7EjaQYU4whhO16k2UZpeicAzXG22uh+kCQ3+V3q4qDodWAFtUads4PqofQtc45Lb0yCJMSKdN2Ww8TVoua+qCio7zIckd9Y0wGhpUTWHt+fu4LP5mOVpvLvLAKGSdlNQn84LXlRANHU4BFaPdNJRS1A/ECZMjmSikRsyYCuPbdYUSPLjNqbOzZuiqHmWKZOd/FLoTNX/3Rb15t15dXn55eQgY7DeJ/5mIC3eWKAQA4u9M4GDXe5Vm2Y+G1XXd1uYx36c6dV05PzsejsfsHf/8fXlxcrlfbrk1Pnz71zk+n488/vxqNRk3f/T//2T/54IOPxyrVrTub8+VI+LOz0xfLy3XfddIZQItuyHjkgVXAMcuKwzt3fDUJgB7dyfn6cr1dAZQgqwbuHUzuvHEPsIXNFV991F8+DPVZs+mq8pWEOdtRha4P/cu3TyjFvgUhCokoJVYx2WhxjK4M4HFczCbzspqW05mCw3Js0CmCqLqRF1ZDCVDFWGIGm48mE2B10tlUQ6D+8tHFyVNr9NbN25lbGECIMS+Kg/0D6U+yfDSaFhf9VqONKUHXj8aHXq1QgBQHAjcAsDFodj3FgSXLnAZ7MSkLJSESHqAnWnhfluOr1dpkJZisKsehjWzEWZhN3aY+s05TCufnVxeXZ4g29AxG0fjQaxu2jx6dtI32HYyn5rX7bwLmWVmJar1dF959/etf++47375z91aM/XRv8elHHz179vz45q17916djceb1Xo8Hg9Bk8TU9+2nn31a15tbN24eH+wfHh5Wo6rv28ury/V6eXWx7Pp+VFbDMmMi61zTtKJNNaoAoB/AtQIxSSCeFKUvyu12m1gQbdPXl5cr47y1Dq3J87IAldAXRTaZHIXQrDeXKfFqteq72PYRwLi8mM+mk8lkOh3ffuWuc2itc07rbhNjdN5PJmMKKZLEmEaT2Xg8GlflqKqMtRyTKl7zeoFJ1aCKKshmtYyUmFmUyzIbjydVVQrFlEizrLcqadfGFxXqa0lETCqYiPLcocvFmGIyi+1WSAgToi3HRUq0Wl2JxJOzfttfjsoFukbF8XXesqqiUWYhCsQkLCkN0FDDoMIycCb5LzzyhTgtN0sE64tysjjIeq2K+WgyL8sxIvrYNP150zd/56//aJRV/+v/8sstg0FI16XhP14idPffgRYiCrPJZDweAQBHsjgMhu1sthCFDz/5dG+xGE1nr776qnvllfuLxcHFxdW/+pf/8sXJyYP7r62urjabzXbbxBgv67p5/6dzyXDdzQhMn22fha6pCYjBAoBq4t0vBRj2t9PxeDHD3DOaLoSztm3QEEDLgDk8eOPVvr3Sbms3D/uLT2l7pYE8jplLsSOwk56QDQMSCHPqgBJTK2kIXgd0eVZOxOS+mo7mB1kxyfJccMgdMxITo14z0sTsWoMwdF+EGJgdIKozIiACXZ9JxNT3l2dkAxNxugJZJkpMDKiexGhK4QpU2UEUcVnlVEgjMSpbGZR8CJESEQ+GNiIeQuJJiYmEmFmBh71fa+yGmTUm6x0rG+MM5mpEhKqqUuzarm/b7XrVgRajUVGOxiFKH1O93SYiQXjl/uwb3/y1b33rOw/e+EYkvry8fPHi2Xa9eu3+nRu3bw0U1v29PfOVr9y8fbssx0dHR+Oqms3mA+Q+pUDMD954UJRFSmE+nU5GVVVVBlFVZ7OZilJike3l+dIYY53zzokkUsm8HwJBrw8O5vz8cjBZTGfjy4uL1Xq9qbchxKZjYUgCqnD7zt5sNpnNZoCyWl01bbPZ1Ezatb0x3rvC+7wYVdPpdLGYlWVelpl1xlmLiCRCJH3f9F0ggclkcnR0NJnMrLXO4CCsFGuVBq8WABg11wYClpek7PXVVe3MennlLXpvx1WVTaccEMCkRIMiq95uRVXRIKJxmXGZoOlJAZDUkpjEkpiEmTkSp7pZkbSRa+ZU+ahieUgVJxaRgWTnnY+J+i52XXDoBIygYQFWHGwq169QAIAH7LWDDMlbn0SjYM6G2OVPwC44AACAAElEQVR5bkxyNits6jf13/zhj7Zn3e//5JP/BIrhL1/GwDA/rvJiPB7leZ5SIhVKqWlaFplOp5vN5vz8/Inz+/t7s9nMbbbNaDz95o07ZVH9yR/97x998OHB3uL09HRdbxuV4KEPq9NkC0qHkNvUZtvgQQwO+D3dcVgBBle4d9nNO3fROBLo+ubp6enT9aZBkwZ1UAHf/vY3tW/77kSuPpXNCfQJpfL2gHXf2gX6SZdEnCAQai/cAvVEPRB3TVBb+nIy298fLRZQzqCYqcubdmtAxHhjC0LHOMhvxaIOpcGAMA++saHTU6lmID2IqbK5ryJ1G9PGpBfMkXnDtE5JImEy1iYLkEJXO7BggLouz0vvLahSykj9UBoA4PrRJKo60NGFhVS+KA3q+j72MUXWvKiMWsFgLarm1jgwTsTM55OmSyFt1+v16jyU1R6KW7a1SBKLBmU2L8bz4v6Dt/7K97//1je+vZjfKEdjY03b1uvllVBPFLZNJ5JcVsz29ieTubUmd05UnXdJRRgEQRFms9lwL3qLDk1eeEoEICqY5+VkMmc2sYspEYkYQGJtQ9+FhC4DgD7ENsQ+xD6kTdOGZ8/9mb24uEgxJlK0YCw4B4UzxthX772y2Ft4b5dXV3W37kNMnFKScjTJs7Kqpt7le4cHZZWPx5Ux4DM3xPRyGs5ZRsAomoODg9F0Mp1M87xMMYIy7cgzZqDsDHQYRFBRESNo1Fi0IETjyWSH3eYYu342mdabdZZlzmaqQiq7gq6ILnPOIqKzFtDGFBGAiXtOlCSRCDOnxBwUlCVEboV7HQURO4xmRSTG2Pc9kyBaRccEzIYMWJMLWEYTrPsPDwICAxYQmVwCTEwo0UuwHKhPymxMZjRSx11a/d2/8VcfPX9++ryFa2H7UGXkWtj+xY8VcM7keT5oQ4qyVFUa0gpSEmwjp7ZpUqI8z7PK744ehzduX51fxHjFLPuLvXfe+dbJ8+e3bx6v200n3DMnA0l5C5AgoPQl9BWYzNrd7xY1igiACIV35XQ8P9gn0LZrXpycPHr2vBbtkUyGBPra/erO3YnjE2wf8fY5hBa4UJ4I7GF2iH6mNmdFJkENKr1SqxyIg7BpA/qiLPNZNT2YHdxok/YpdF3Tby69NS6rjGvBFWD8sFYFSFUs7tgDuAOQG2BlEAa0YP380Fc5bS779ZXTiMCqRk0Wku1SYY215AGElWJKVmuE0KUmy5xxeUySlAR2QLTBccjXodJDaRgyEZiZWQ1K30WGFAkXrjRAinZQ4CTqRBowTTWeRhYiaZrYdwLA6/X2ctUuDvxsMZvMpp50snfz3muvzg/2xOK626D3eZ6DwT4GA2Bc5rxeXTYUUtd3zGwBN1gjojNonR3220LEKTk03jpE9aBeBEUMq1ASEQBTFMVisacqaK0IrzaNScQUu64DgL4PXRv6PmRZRiltN5vVmr0D58Dl4LzN82w6nS729yeT0XQ6RYP1drut13XdWuNH1Tg6mU0PiqIaVeOiqI5v3rQOvbfGgkACUKKQkgDmzmZ5OZqMpzdu3dr1z2K8zt/FIRZMUEF10HeoXrt90ABaNQBob9y6Fbt2Wy9D3zabpm77q9WGmYzxeZ6PR6M8z2MkO6gF1XiXMyCLBEqgSkyROCmxqrAOweAUKbEGFiHKwIOAihUEBNv23aapmy6BFD4bV+XMuLyqZgrOgU3GqLNszJeNf8O5JqVEiZKIMgZRx5KYk/ScBCQK9aAoRInFOPn+97715//0j/wXuw4kNLttCKoZvIUGEMBaO5SGsiiMsTHGwAlEBZkSishksZ9llOf5eDxe7O3tLRbu+YuLEDsP2nXdp59+enl++urdO28+eP3F6em26fKeSYQEAsAZAEF3kNsssUfJnMuMtQKWBIgztft7+/O9vWdn50dHRxfrzdnVct3WlxozD70COvjh3/peSp9vnj/m5pzbHrkCrQQWAvvGHBg7QpsLqgopR0pN4k45qaJiMTq6M57dWhzsVaNJW7eCAByEYmYTogMWC6UBRYyDu0EHaiayKqsRGaiNaoxBVAgKqIIWsBxDVrjR6NGvfjItrKrpAnQ0mswP54vZZOasbz797H1OHALVdZOpN2RBe2/V2gIQQcCoEdrpzJllwJ+ysDDsklZoWIyahNumW2/re/dfny3G3mWho5rW4M4Pj0ZRTtabi9Ti80cdMeRFKkej1/bni+P9dVuDsQcH+4uDW1k1vlyui8n6/r2jwKFv+tj1xllOISbx1iwWB+v12vlsVI1YmCPFFDkGjgMiMwil2WQ0zSvlxNRrDHG1DW1rhFPbDxzn3Hm/2Ht51/q8LMfV1dVyvdnGFIkohMAsTRemU82LauGoLDLimCgCwPHNY+csc1pvllfrK+9dCKGuQwx2Pl0s9mZHRzeM8WVRZWXhrJuMRjazxsIQL9x1jTKCQRBTjqrpdDqf7w/yiusD7A6wB2gHLowOrngRNEYlKYIaVHUIWk3GTRdVsaz2ymrP+1nTtIHXqnx5dWGd29ZtNarG4zEqWgBV7ftuludojXM2cBCmqKSqAobRMBpVA2gVWNiEnjmjKq/YYNP3SenyatukZP08q24W5WFWjYqiQOuszVyeKYIYKwhgdtqyl5CVi9MzdN6wJGY0GpOsm7Vo9BZT6Nu6aeuNUASQDpp7d29972s3/v3PTvIRgPd1IAAnmgEKStTrRgYaa7Pc+sznRdP0uw/U5Wi0KAoAOD4+vnHzpjWm7/vVeh36tFpuHPr89/+3f/3w0w/n4/K73/7Wk8+KIvdpW3vrSuexNOjyk+UGLQSGJZMojQyW1pUGq9lU+75veyVSgI5o1fdGIYhcLpenq+VWY+l9B4kcvP4V9/Z3HiB/ws1T4A3qCDQjKQnGDJXH0qDVIcSYRRIRc4wxMSFmRT6tZrfm+69U41KAEnWJeqJuyDQxxjqbGxVQQshe8vZhx28mHiBF143ugXHIoIhorHGZydx4NJ/Wy7MYU5Z5X47FZG1AWdFomi8Wrzx6/LjwZVFmxpjhoYroDOJ1KvYulEGYSXgAHoiwMhBxYmLCFCWSEjEJGEnb7TYrKmuNNxmaZDMG02/Wy7brPvvssfXACmJoOt8vJpNqMjfVnMC6LJ/u3dg7urlY7MfEm3YDBDHFATTgsqLwPnf+4OjgYLutN9vh6SoiFTGKtn2jiRJFoRjbRpkMk1VFBYMIoqkPmUU25lrpZF52srKyLFSm06lBvFhdWeMLa0V4at1ms93WcVQ5N6l2aVTeZFnh3DAsEFSpm20IQdiOR/t7e8e3bh3PF3PvcmudzRwiWoNDXaCUEkURHjKVFdx0Mp3P97MsIxm6R7xjYeDLFtsOpb7L4sLr3bUMnHmRwd+pyEMqVDW1rixH47Zp2z5QDE2XEtdZXma+KIvKZ5lx3nmXe585u970u0hxY8FYASfgdqMWAUBlwRDYQmLFPsj5ciPGVpPDYnRYFPd8sZdXlTVmOHqzGfymCAiKg/zDDc06FpnOD4bQcEQ0CrEPXbNdrhrEYFEQICvyzaodnnMJw3e//a3PnpzUETZNAgMIqAZB7V/qSaroEFDed18EZFd5kee58246nY6qyjrnvGfhqizLqnRf+9Y7gSjL3MOPP5gt5qO3vj7KsxDC4ydP67aTpiFFbxGMIWZmIAO2Koq8mhXVuJoEW8dIFFIPso2R6ppjguWy6buaQgBwyTWQxhX8N//wvxxNpFk1YiIYZHQCnjAjdGosG0ADRlUSS4qRIgu3PSmY8Wi62Ls5nx2MRiOG1LR1kl4hiSTmSCoGEUWNgiga4C9KAwzafAU1w60OqIAEQAADOB5EVAUd8p03Xl9+ji+ePdtsVpmzTWhWy6RMVeGyzIUl1rG5eXw4FAA1aIwTQVYWYRUkGYJbOcUYY0zMLAwExJSYEwMlO/RIFaFv2xdnp+vtxlp7fHBcjQuXj1W0b+Xk+fnZeecczsb+1t3j41uvWldFyF+9ee/G7fvVbG7zAq0hprbeqipzEoouK4qiyPPS2UxVt01fVZPD+T6ILi/OENFbZxBfnLwQSiYmoWR9nkJHfcOUUmQSCUbZgDM+29U+2a0HAACIRIIgIKRsENVanxlrzKgaJabNpms6OsyzYW5TjkdgkARYEqVkLPRdcM4t9g+ms1uL2fF8b78aVaNqBAC443OLCLEwEbdNZ4w1xhvninIyny9cnn0B5NQhQ4u/+JRBXwInjDGqii7T4SNQMM4NVnqF65higzbzNrPW+8BpeXnR1HUbunXdHu7tHbHsHxzMy9J5ryog5EBB4bprmIGJYvxAmjBAIKKgXSI0xGr7KIns7OBocXDDF3OX7YMpjbNDY+7lYBgQAYxRUDUiQx/fWFBwLstN5jNUM66qZrPd2E0Im8urxwiRmR0a8J6JAUHRHB0ufvAb3/uf/tWPCwfMICjmC3Lf7iIia01Kzhjz8m00ANPF/M033wSAmNKLk5PpdJrn+Xg0zrM8z3MHuX/ltVePjv9Bt1l29erO4VHfbM9OTl//yoN123WPHq+XG+ccRcoACAAzN5rt7U1ni3LkBCgx+DZCr2hqpr7vQteLCAkTYARcQ2cBvvHWzR98/5shvu9cVGeZ8iSeOWdbEGQEZohnMJxYkkgSkkhMSctqvNi7tdi/UZUzAOnajjmxBDUEICLETDwkMiEaBEG7O1CoGosIOJhMdqEyIGhYNaFRMyiCRYSVAEKKi+ObxXh8tbwcj7LY9ZvNJnRtmeWocP/B0fnJiRgHIsbuMiAZZAh2Gxh+Q35MHDJahWT3LnASSoSJQMWCQQDYNnXTtYlImDe311/56v3FeMwpdQ08fHiSZdAF/eo3X3vltdcXe7cDubuvf+Puq18b3XoFXEFtHSlQDEJ9aNZ9pDwz09nIFRMBB9d2VMwrVt1uN66aOm/LLAfEV8bTmALHpBRD34a67to19c3qlBLFTjUAeGcdG7lG17xsbg0tlQFdG4ics947Y52x5ujo2GfLF8/XZV45b12eWQsDDCKlQESiqmKnk71bt+56P62qwjrrrBt2s8NSqetNohQpDkkUzqIvSmvdfLHI/K4uqMH/jJjqpbkQdkmWMLhZrv8ZRgHwOvxLAADBZn4xXzBx17axY9X44vT0/PzcOf8bv/Ebh0f7nMIA/oDd5GPoiTqAnZBJBK0iIYREaETR9YSz/VsHx6/M9g5FC4YCvgT6+QuPcVQDg4QZh1g6ALQGnfPO5ZnzgG40WYwmC059ki50q7Zrompi5N1NLtvN1dce3L9crv/wTz+yCAqCBiIRgiruhI+iwCwpkfe+KIuXAV9HR0ff+e53t9vtj//0T5u6mc9mx0dHVVV5646Pj9263thRsT8dNVVef7r545/+5Gix6Pr29QcPnp+dPT05pZTAWIsoVpkBjGU04/n+rRs3qAuJNV6tegBBTLFXVQNorCHERMCgAmaUy1/74XfxZm4erhAiYMGAQaqkRb0OAdrJ/pAKlbwxA2SYRGKQ2Ju9xX5VHDuc9n1USQosQoPDWiGJMkkYHnA8LHzjBA2oEU659yicQmOdG4gpiAoKzlhV8S7PnEWjiYJRcfkIDJST0e07N8E6UDlkhhQgEVgHsZ/fvv3ZJ5+Gtsm8r0bl8vJ8SJ1hphR34W6DEHVImNChxbBDngAlYNY4hDgTJ47DUeT58yeb7dX+wWQ6HT97ft410PZwdGPx67/5213ShO7ugzfv3HvdliONioCYj63xguC8mRaWxrnG3mSutzmYIssKY4wqJwC0ODoo7TBDQQREV4ph5hSEYsbTyT5JCpD6gxs369XlyfNn69VlX7cQ0qDcSiTEFFIk4pBi23cx9SKpKjIAQBWh2PU4m818kbPIi7PTd955Z4ixDZiEOPTQ9+n8/PzmzZtvfeXXwFg1djwajaaj6WTuvCeiEBJRkF1CMLFQURTn55fVmF9//Y3ZbIbWpSQhRdiJbWVXIHBoPg4yTDC76E0dTNkAYuzQk0BQwF3kt0EgQCO6mw8YY6bTKacAAMvlZVEUuXMp0b/7/X9z/9X773z7m9aYgV40MIERLIIfaMCgLMM+UKQDAQsuy0bTxcHxa2qqvi/U5gCoyANNf3gw7GrbEOL9HwwpUEGISI0ZiNsGnbUu98c379Sbqnv25PLisiiKl32EPJPU1V957V5i+bN3P7lsyBUk3KuxO0iOQYu7aLHNup7NZtbtQrCZ9Ffvvv/48aOu7+/eujmbzaqqcs5tN9vtdutM4TlpFOkoHty80fftz372s/3FrK3rtu9d4eaL6XLdAID3HiCFJGfLlbdPmSkTc3G1bGJPxnTSGzHWWOdNlllVw1GZQZime+ZHv/cO0IWkFaRIKYvJC46SZGorxEpdptajNWAVDSoZAMNq9w9v7h3cqkYHoBmxMgdSYiZVIo2ApEIoDGaIKXLXersdYaxt+1Hpbt1aAEbQJJJAVAVVWUmtIesF0HgUFQIQUAFIkAwkgZRi7IXUu/8/aX/6bFl23Ylha6299znnjm/OeagBhSoUCiAATiAbTXaTrZAsR6htS5ZCrQ+OcDjsCH+y/wA5/MUO/yFSyPreEbbbzabbMrtbTYIkAGJgo+bMrJzedIcz7L3X4A/73JcvC0CTLR3cSLx67+XNe+7de+01/IbKQQUIRPTee++lNBBoHbw9vL9aXZyfvlitVtvNpZnuvB6K+pFw1pRSVs4inF3KUHoQwlzyBQDIzKtVfPny9LPPgIhEcmL44Jvv/eZv/+7hyf1NL0rBTZarPgXoa+oC0PTg0Enjo4O8sX6AHC1uY5atq8JiPp8uaD6H1MPVEap8lcqaiRAyiTlCp8aDAQICzRZTR28t94Z2GwxfPP/i+bPn27bddn2MUcwQUcAC5+C9D6EfBgBw5ADAhxoAmqY5Oj52bjy64yAUQhzai/PLi8s1ACznx1WY9n0XGm9mKaVh6FQbHX3xCIC89wLBsmihe9f1DtyIgEhEYoamZKgEYKOLoFz37N31+RGRgMB+8bTWQu5A3KEgHDVNc3h0BADD0DmiQgxFspenLx89enT75gkowqhJNT4QvYKoMahDQzbIkkNtgSoMM1ctABdAjSIZZFOWouGqUAz2dhmZlMhlV/ZFpdAwZBkgqfPsjMwckvmqmS0P35hMD2+snzz5YlcUKLKQk+Wsfv+dt7//gw8VwPLgxxzKHGK5R8SxfySqHtERAcCnn3366NGj5XL5G7/xG7dvnpRcuG3b1WqVUvJNM4kqiVPbxw9/9uN7J8eK8Oc/+KGxPHv2jDNPJtOYpO0Tm1ZVxQpt33/2xePNZnMwma/OzlPXTieT1KfKh3paV9XYq0MilCG1/Dt/9xtgp91HP7S8lqSc51marLVobTSrmz2qG19XvvbkEbmIL3owf3x0Zz49BG1iMrZU1N9M2cbBjCoyIAMaXrWFdtliCKSKVW1YD8BroMFBD6DteYejN4p34gEIOGJOIAwqxe8ZVDizMgN4oznUczCjocssdeXJkaUIqNOmoqPjvb09FbhcrTKzCPcxqyoLc+aUmJmzSmaQHFjJjM1B3/W7RYxEXhhTFhFhtg+++f53f/d333nvG2cbO7597JuJUhAkIhU3EFWAJIiGBGYgKjly33Ucq5t3fNVQ1YBrIAAYFx8hJadmKmJghiimGRmIyFTJGxm6UM2XVRV4aDNnYjs6ubm/f9D33cuzs/Pz89Pz8xgjOmemmVlU+RqfwodQdu90MmmaZnW5ccFvu0FULi/XZxfr1QqaChbLZdNMY8xEQUTSkDfaej8gEhEBQMEHhhAANac0mzWz6WwMDEhIhugQSyNJCUB3B+44/6PXosNr5zDitdq7COCZmbGYA0RE592kaQ6PjkS57zsTJcTpbH+9Xn/00UeH+8tJFa49myNwCoDIpg7UCSCapswTIXNVqKbOzxQnatMSPhRe2c/azpoHkcCIikUBFLLoVe8EAZCVjctpS87AEWgVAuHeQTi/XF8LDTnFPggt5vW3vv7mn//VJ5sIgSAB2EjSAY+AiAiKiCLs/dQVnglz27X7+/vL5TKEsN1uV6tVjHF9uRJhH0LIFIS7lNI3v/lr58+fAbn1drO/WO4tD2aLA++rn3/4MZxftn2naAiQWYZo23jaTbvcDQDqHITpZDqZzJazyWS63W6NM2CgnFwNrooXF58Pl0+WE9RMojOwPRECmDq/qKd76CsXPBE5VCMBUDAC8/PpIYCPMZqBQB4R+KhmbMXXARQsgaKRQDHCLmvGqArVbFY7XLcXX+R4irAFi6CmXJmSmXly4rxD1JSUE0pypsXNsZw8DkDZRRls6ABg6FPxMvF1GIbBhZBSijHnnO/cue9CfXp6qoZp04/gS9WcJYvGLMxqhqZOC32peM8amUFMDEDez0JFzaz69e9+9ysffC2rE1cd336rni0utmsBa6aTybzB0PR9n7NYbCHlYBjZZfFdtntHR1ZNDQxjCwjFdEaLVtPOHUOByr8LUFp0JQOn1aZ3qMHXy8Mb7empdxUhJZa7d+5M57PZcnFxfhFz6vpZPZlMp9PDw8PitWqGYoaEhchY1/Xqxel0Po8xP3v5fOiHlACxQPEQUOd785jZzFhEY8wJyVHJDsrJjw5dCIlzNWmaSWPoDDyhw+J1PRbJVPT+YdT7JLFfTd74ZRchKqIjGrERauBo0jQPHzx49vx5u96oKiFOqrpr27btJtXerkGwSx/MwDwYKXgCVdPMlBica3yYGpWURMd2mMqotYnjs+yKIRlxg2aFML4rN8gMyBEroDlSNB+AEBGQABxVk6Y8IYFimgKqJhWG3/u7322H/oc/fhYVyFSQ4HXsU7ly5iLDc3G5MtP1ev3y9CWBbrfby8vL7XarLGbqLeYnn372+Mnnb7/54PaNk9vHJz/5qx999MlnD+/ce+Ptt05Pz4+OjjZt++mjR6FuEgsAkCdSEYPnXVdudr3d3lrMMlgWcyz1ZMptlzhKHqoK7tw+FN4EBI21pQA85zQ1maGbT5rDqt6bHxwzimEEy6a5qtyAbjE/ImzAyLBj01HtFEQ1F185BFHNZJnQoSCjLSezi/UqcV7M5nvLJc0B+KxJFxwfY+4hgacpU5k8ASIaAzNLVlBxlo1EAEDQzEDREFRBJG5iz6ZgRMFv+hX0ZEAwDAKoAgZBVPcPj2aLfWb52U9/enZ+HpOpas6QxXKWlFVlQF+ZGKsYkAKgYYqaM7jgMdQuhLff++qtN+6Lt6cvzx68+XfELc7bqFiFJlTNJFQzdKFdb4VZYrQsg/otN81i8eDeA7d3DFAgzKWrUrzjuEgBExTjGTVmr4CmWdJoSIW42Ns3YZbMKc2Wx5aHods2Bi9ePtu0LZAd3Tg8P7tERBvBMxNCBOcQse+Gy8vLto+rTbE4oi+evTi/XO0SIyCC6dTH2K8257PZcjprUlbOnJGYpa5r8lLX3kFtIAox5oG8R3RKDp03DSYeoKj1yrizDUys+ElrcQaB0QEad5VUETgpwcREDUswLltU0WEBSyGOQpjF3nw+n+U8xH5w3ldVlWP/xZMnTeVDIHAEDApm5ACEEE1dQVaYVQaWkiNfO+/MskFvmAGBOUJxPbwKTFBoKfIqWIwwnFLwlDcNOZknIvQZgEft/7HBcHywf/ri5eXlxc1bN0JTC3KUCJynlfvud75+8fLZhy8ACsTBFInIiEAB0BE5QEk5inSbtmDq1fjTTz46e/EcAABVRE2YWdz/+f/6fzs6OT5ezLer9cc//7AKYTadPrh/71/+q3/VVPWDBw8Xi0Xb9TkNzBwzG5oBmqko8LUkPqWcchxyaod+td2stpt118Zsiwn8nd++fzRvNa2CNZqnkacxTQ0XdXPcTA+aybyZzdABYFRJKQ9tO5CF+fxoNj8UQMUEqABopqqixqZsJmDZLJlmUESsEBxRIAqz+WT/cO4XCP0zWX3erp9hGiZYTWkZwqIKi8pPal8HDGQEApQBRKHAJhVFEIRUTNSpahZRsVIrFp8ONhAFUWRR0fHrLMBsLBojp8RtNwwxx6Qyaq4DC4hIVhG2HRqKkDxSYEUWOLxx8u3f/vX7b79lFYprjm+9FzUIYmgmoW7qeuKoziwEgIDeheCr5d5RvdhfHt0MhzdGtDoqlC5+gRmLYklPVURYMgOzB5CcUQWgnGajx7qWXqoqkaubxtdVaAKgDXEQ5tlsPmkm0/l8NpupKDlX+hf9EDnnIcVhGCQreqeAItYNGQDQwBCqSm+cHC2XCzBTxZSVDQFARJwj5x05N20m5IkxizB5T+RCPW0mC0+Nc5WaqIqOYzkDMOPdbrHrigXwOkXZrv0OXOv6XZk0wKt+BGL5PZURKnq5Ou+6raruLRdVFQixeAkXHqWZCssYgxTAPFF9eHBS1bWv6zFdQ8nMBoC/8LJYCpNfRjq/mYEU68/StzJTUCgWqaMxuUoR2pHMzmHfd0PXr9arHBkQg3fb7QZN7t+79fTp4zaBKBCAQyMCJELE4pZaTg0AmM1m88W8qkJhZx8cHNRVtdls+q5XU88vn/mmWSz3P/zZzz779LMbR4fL5f6vf+c3z16c/7N/+k9ns8X3vve9Mqv/wY/+6nK9dT6oKXmHKq/ECAEYoGV12w53ovdmUAEoQOX96nLVQNdM52amomYWQlVPp81kFpopIopKVhbNkvJ2tZ5NThbzPSA0HY3PDES12L3Idc4/KuHIm6AQ6lnT1DNykwT5Q9g8idutk6apDhxWgBUoIpgb5UmEZRzTqTrItZmDoievpupGwx8ENQBzooVmTWWGXqydikIBs2Y1ZmHRUM+OTryCPzu7SNxm4ZSSSpmsmKqyghbOnQqYV6Ft11ez6Xf/7u+9+/VvHt2+fdmu7xwdqHNkft7MXBUQzVc1ABkLUajrqnzGUPyLnQN0O6uQcvRImY7AWE+YqhYuKGGZ92Y0ISIAIyAzBgMyUgClAEqCGepqgss9hCRy+vwFgJCjaahDCCqQcrIYM2fOuTw/EalZRa6uaTIzuOigAI128lBtu40xV3UGqlyoQ/Cz2SyEajZtqqoKdWOWc6SqqoAQIfjgffDjpM3+ZhpRGSIQoprtBgpfriOwTLUBAFGdMzP0jgV0l/NXVTWZTGI/OKTJZCI5vnz5/Ohgbz6fhuAzO8m0ezEkhmBogAL4pZgEI5vzalyCVyvWiqqHXiEgX/VKC73lWgQx0pFofhXgShIUnA/Oxxirqrn6/cOqilnu3L/3H2L1x//i+x8/3jIDGDhXBjSIRKJaBBsIMeUUQphMazNr23Y6nQJq27XtelPXte9XmxBTc+/Ovdv3Ht67P5vUf/79//6nP/nJu199r+vaHNMXT57cv/8gxvz5Z4/OLlY8djQMaedWsIuKDFDAmbh7lxTACIIP23aLPkrFmTOLEOBisSDvgw+IKJnNsmrKwjHGUgiVFX4FiTVFUUEdv1MA86hGRgYe1YOjvb09nNXgI/SnunnSr1+QzKfTY4AGrPQpoT97WfI4QvTopOxyccos6sZ3v3z2CKYjbVa0NAuwAPJMzMgZkCJY6TUxZEFhcGGyN1k000Uzffni+Yttu81ZAKztBwAwIFEVNlVRRQNYbeMQ4Wtv3/ru937fzSoMi9mymS5vbLswmy6qSQMApnrVMiBC8t7VdfHyBCMQAGZABASQQv3MzKNBYWEIS86i48nDOe2cIcY2PRlkUTSAckdogAEA2iShmewdHKaY15cXypxlKA18AMgpJTMWiTFeWYSVo6lpmuskH1HImfthcMiZwQWtkYhwb2+vruvJZFLXdc6spphosZgOfTLylfPeecNxNdl4AORiQaz4S6rov+V15R1dRO4J0YrVPJCZVFXTNA3HdHJy0gR/eXn+8uXLGzeOl8tl8CHBYOOwRwFAdlpYIhyunVjliCHnzbi4bFy9P+Xfzdc1Gl4PYPoqOqAWZYXXqRZFWQcRl8vlcrnsh77dtjnnzJlAnz5+8pWH97o+Ivzw08ddFnCgowmuEau6ohZpMPQD55x5Ute1Ij969KhYGd65c2cymbj/0//x/+Ccc97NmqaqfAjh5q3b9+/d//4P/vLRo0f37t1//+sfrFfr5XKvmUx+9tc/HWIUGXNPLAEUoQBRr1TqSvArY4N7+/AHv/teDS899BU1JvWQK8N5zJ7cFDAYAINmjYlbzjHlSOSa6d50cVDuR4GLpouZoZU6hs0ymSBiU0+HQXKmo+Mb0xs3Qbrt9nTozoPmgJPKHYBNLCpK0njZrl+aZInDMLSxa1M/5Bg1RWNWBRPLLCpoRmCkhgCuONeZkSmYohqYoYBXrbNVCpWaKyOGMtMwgCwCSORosZg3zQQMcy4mr2BGZh7BQaGeKLAqI/zH//l//uu/9/fIVRSmYbJnblZP95wPgATokJwBAhKSJ+fJ+52PPQF5IAfOF286NStWGcqMowCaKIuOaAtVZjVBJBrb9gamQxoQcOzAGihQMcpG79SUnFvOF7PZdLNZb9ablFgl11VYLvfm03nbb9eb9Wq9VtXJdCKiaiCqe3tLznEYRDJMKzg53J9OmuADkC93EYJnNVHwoXLeTScTM/EeiCCnvFm388V+M5kDegMQEzMxMDNBMDM2M0MtUOOyBrHgvcaAN4KnzbSAkgENbLQh1yud5fIuGmJhaqmUP1UkDVGUg3Ng2Lf9/t7+/v7STMstsYooi+SRyKEimS8uL9G5ZjKp67qZzvthQHIEpS9XpBFHuh0zl665oZpqSbvKL5T/KA8oIhSiIqJaUDQqMp4Tqrrdbs/Ozrq2K5D/QE5ZQuVzHN56eC9uNn13Np/itoXtoGpiAIDU9QMREmIhRqY4xH7IOaoKICCiiqSc3T/8gz94+eLFjcN9ahpC1243zHJwcHD7zt2f/PjH/+yP//jZF18cHR5Mmmk9aT786JMh9iqyszQCcuMBq/pKSeaqpAsAbxzDP/idr1f2tHGZsDKYZJkIztRqg8ogKIAAi6bEfZZeNQO4ul5Mp3sAxGYCrJpLHmYoZmrAZoKgYJgG8b45ODw5vnMXSE0HgR4gOXUeZ4AzEAfKlvthOFduQTJIVB6MB5BkErWIjnJWMRF9NWAmGnE0hoAE5gAQwCE5o1ppDtgYBsAKyBFWiA6QFIo7gnkfCJEIq7pp6snl5dbUiaCNEYeQnJFrFstv/+Zv/MP/xX+CPlA1xdCYmwBV5Coon50VJgIBEVJxji01FCIRgAOi8Q03UBVlMWHVXYtOVQrgTlk5i8p4cJUwrsIiow4kIpSmGqBhkf0wNhUFU3EG3nsV2G7bOPSmamghVIvlXgjeDImobVs2RXJ1U/kqIFGO25xgUsPx0f5yPnMhVFXjva+ryoeqbqZVVfkqkPNVVRMZGBtISjkmns/36nqBVGvZICZgaibjvjB5tdCuTyjs6g/4cpJ/7btj3wHRVHfvRBF4tSLN1fUdIXjnADH2Q11X0+kkhCoOvRQYm0qBwFoJqCDT2WQ2n12uNmYY6iqmpGYiUgQBzEz0Wo6ABZ5lv+I1AlwZfo00nVdfEroy1FXV09PTYRgAzDuPBiKiymCauu7+3Tvvv/fO7Xv3+9i1XWuOKNRm5oiCc957XzYv2M4ZZLxALefs3j4+NoD33nvfAUFw56ennz/+/PGTJ7du3bn/xsOLs/NPPvnw2fMvfvbTH4tqlpiSpMwsagiIDoyQyHTsENHrjwrg7RP/h7/7fo3Pap/RguIk21RsIlIDNkSVIQkJ25C5y1L62jiZ7E8mcyUyNAMVy6CGKEWCwYABZcx8wc/m+8fHt/Hw0IatQgLKhEQ4IZyZEihz3KT+0njrLUFqjXvNnfFgevXII3kbFEYXBhOTgo4p2SwSEnpH3jkHrjE3BdcQBedq7yfe1UiN8y5L1AK3N83Calaw7n2X+yGrKZALofE+uKrydbM83P/f/O/+9zfu3a2nc/MTDBOkmlyFFIBG0DeQK9mgQplfgZGzMstCh0hAZaEJiKqyadk5tnNLF1UuiwaxEBAAwQq9WEWtQCCK33eJGViIKapmYgoGyDKrGzVNKQ2xF8vMWUUPjo6m89l0Nqsnk7bvVBSIFCGEqnCOcx48wfHRcjGfuxAmk4kPIdSTqq6nszkFTxTMoJ40zhFAFskpxZjyfL5fVTMX6qvbMJVroUGvhYZXzqYjh2LsNby27Ub0VEkddj8pvw+vnPesBPQ09GDqg6srr8I55/l8Np1O+6HnksJq0QEp68RC4zKn7br76OOPfVUdndzS0dBTDXQERuNVXBqTGoQvdynw2sNeryNgxyhTvTqwMA6x7zsRDSF456Skbao14dCub9+68fUPvnHj7htPnr98ebGZzuZmVnlXVZUPhGBEWASpriIDERWVYPf2jRuHB4cPHjyYLxZ9t51MJ0DU9t33//Ivbt++++1f+8bF5eXZi+dfe++r+3uL7XZb3sDCLQTEQoMt6Rm9fmMIEAC+crP++9/96sSeVy6JklDDOs1aiZaZtAcyIFXMWXqWbCBmNJvuNZOFAhmYQjJQBEEwIy09WwVVMkWa7h0dHN8I+0vgJJoVwDkffIMWQAU0kg79+inmywo2TjqTwXKnPIAOoNEwASQw3uFoFEGg+FaiKZR4j4RkQISOKCBVQI24qVGN5J0Pla/ReUJPhKK9WjZRA8spy6jCjAq03rSlB314eNI0k3oyqSfTP/wP/oNf/+3fqud7VDVGAX0FLrjQgPPjWihzOTMEetWjQjRCBA+EVvq+aqBqyirCnF414UxUhVlMZNeNH+s/FWVhUSlbr2BIcVeBl2RWofTMjQByzs75ZjqJKRZJKFUprmqT2byu68mkSTl1fd/1Q1XVhEgEhMIxnxztLebT4P1kPvfBV3Vd1dPJdOa8UwQzaKrgK2eaWFJKaYhpvjjwYeJ8rYYl2P3bQ8PV/rddIIFfer0eMcb+XulfaZk4mJnmnNQEDJynpmk4ZSKsqkpEpRBkSqpfbMZQvcPtdj2dzw8Ojvoh7+/v13Vj8Cor+GXkj/FbOroE/+KPX3Ns3f0m2OhTBgA4nUwKBjeECgEBrIDnJEZNCYAV9f79u29/5Y089D/58cfzWe0rXwUfqgoLtxaLmKErmg6mVgC9/lvf+OZ0MplMJsx5Ml+AczcrrwCsdn55eevG8a996zv7y/mjj39+cPjm199/79697T/5oz9uux4IyuS0BF/Aq0z8tTeimCN4AgQ1Z6KsqAqRLaOpM0SdEczIgQdUg6wGJuTIjAGpfG5lJGGkULJmUEaCymNobr73LgAIKKoBBGcTZxOAbOkTyCuNm2HzrIZLwjNLp8J9is6UqMS0q9NIg2YRC2VBESFQcI5EHeCEsDFCRFJyYA5dQFeD8wjeIQGAc965IMAX7aUpqpT9BF07ZM45x5S4bsLdu7fPLi6HIQHAZDKPOd2//+DrX/8GKxArEISmAd+AD+B8KYhL0ggmCCTGNFYTCKCohCSggEjFRguUUU2VsUzxS5O8SMqomKorGjcAgEVHUWwEBQASWlE6KHW4220YdYZOyatXqxRMHPu9vb3zc3YqInp2droUnS0XR0f7dR329w+ePH32+PEXm7bdthvJufbOTWm5nJ0cH4bggSBUVQghBO+991WommlVVbPlXHkAAM2yuVwB+LbtJlMDAAeohGRYHEbLynKAV5aviK/6dKqCNMKnX7X0d5L5u+V5ra/3C3ApQzC12XS23uSUc4x8++ZJzrmP2cipQHmU4ZQqlL7vMAybdpuy3Lhx9/btk6shWkq59NR5N229/pIAQETHaFTO110IuIocRruB3y5A4E7XjogEYL6YAwA54pxDVQVveYjBVeY0xn7SnUFHbx00f/CNm88/xFPWg5NjH3zXdkygaohhPlvWoSpeFfPloq5rQvTf+c537t27pyx91zcAYW9RzWaHJ8eHJ8fr9TqA3bp7++R4H1RWq8uhH27euvmN97/+5OmzuplfrDZqBkgFJVlAal8Kf3sH+03TaC95aG3qDRWQzTKgAVaAg4E3qzxUlQ8GIQ1pB/0GM1NgBdkp+ozvFAsms/l8eePuPQuNAhEwGng0EAfZg0VIrcWLuD3VdCbx3MkWNItSgpotlPOisAnNzNQZVKjB1NDKQQ+sAkQgZUyZCHfDYXUMYg6vuQMV3TdmLqaQWTJfO7UK6h5ns6YdqovzFUKIMb/x1lvf+7vfu33rNjkPAM578B6qqnBzr58yRWcPTVU9kRo4UEPUnZrCjuqjKpKKROovO4X01RTNAExUtHT7r20bvf4XCVEJERHIKTn1wSSQr+rJdDLpOmGxLGp939aTZjafNxMR4Rs3j+u6/vjTz1cXZ8pcV0EzBUfBIZGz0vRDRI8UyIWafEU+gI04fxG+2jkFTvI/4LJfcQ7/LS8Bc8EFX6WUFKDtY1VVZtZ3pdEwah+IqimagrCpsSqrMlvOmliYJRO64Mj7UEJAuTXYzTWvxjp2LXGQMYopACjuzt0ruDeMK/fVZ0RU1/UoKQZSVZX3LvaDsqIj1TT0635lfrF4597Bf/gH3/0nf/qxeTIdfRKIKIQaCVWtaPMAwKRpAMCnYajr2sxWq1VUPpzUNJvMF3vr9TrmVDX1m2+/88Xnn0zn8zt3bn788w9/8pOfvPX2G7/2/Bs/+PFPqqqyzEmKSsrIa7veajGDddtv2h7bXmKaTgGpAF+lgEXHxajszDlPzjwiKho5KFypslR3ifRoTg2hWsynRzdvLJdHgI2BRyMwBEhgveEFplPsz3j7zNIFYM+YJTTOLc2mQfed1uN86GrkpipCKFi0grqulcyJIwgAEI1vInpDBAEyRVRq1LsS0JMJqGXJiZmT5qySRVURHdioH6Giari3ty8Znz1/uVzsP3h47+jooIiyOXLgHAQPOOIoSk8BTAnUwAqnE8gQPY3CYQZl54zCgGJWlAVfqcWXmywPwtdwN2PK/YsixLu/iEUVBNVRAABQByTmg6vydDqN/bTvWxSsagcAQ+yaSdU0lcqEFXLWk5Ojy/PTl8+fefDFBS+E4IJnLTemiBiC98GH4H0IuovUrxYPjnI7Y5MAf/G1/pLrCtHwS6ENf8urmNz4usIezezy8uLwcN9EYowAIKYilhITASIqQlYWk6QZtRKWnDkxVzkjqgI5xwBQhhNXoQGuJQ76t35hhqNj/dXfdc7VVJta27ZF4o2sjk3q2y15nxiGPm27gXwVfPWVd976058///zFWTOdmGQiD0ZEPvh6f3mw2WxUeTablmf2f/H9Pz8/v/g7v/93X7582Qydn9R7wSuCr4MCff7ki9Xp6Z0bR4b0X/83/+07b7/1jQ8+qCaz97/+3seffr7uY0DSxKVf9Utv5pNPL794frZIbQWApojZWfTojDxCCQEGapmzo6Ll63YNdzVjNbVRup9gHIsSBn/zzoP5/l7X5+niAK0C9QAKHiFv1Laoq23/Qrg1dIZznRw4P3H1XvD7zu85HFEifdsBAGjhUJcupBEArDf9MOjQcepEEpa5ZfE8QXOQRIMICwjQmPMjjpKQ5Y8RF3+V0CqqmaPQTCaHByei+vLl2Xp9WSzkvPcQKvChzBoBaIQKjRt0FClQVTQjR2Bc2ojjTAgdiJiq5MiSVRV2dAPbAet+Yfub7rLrX7rhSp11lfhQaYkRFpkjCb6eNJPJRJTJe0fOWPu+39/fn0ynWWwu3HfzGzePc78dutY7ckTOOe8dp4KhBTLwzocSG0LYHZ+vdg7uZKFhbHQDwK5svcakwms3N96u/jtEhDI7vH6zV6+BiEIIzLHrtvsHe7PpLMZYbARKnshFT8VG/2/vnHcOvcs5i6TMybu6j7EcljHGK8ACIZbzeYyGf7uot4sjBnKttwJASFVViQioETkHrq7rHPvMyRRVYehzFaLWQm56sL/4wU8/XvB+Vc9UCZ33rvK+2Wza7WZTlk1d1QDgjfXjn394cHS4d/M4hBBj7IbIpntHRwdJuu3W0L08O//Wd35jNqnPX55+8smn3/z2t99556vvvvvpj378UzVx3jswHR14wJWVjOPHpgT7x7f9am8RBE0CqiEbMjjHpfFFkIUhm5FCGcqYG9qNqfPNDJGETAHBqGpqRADCG3dvu2YGoZk2+6ANSBgxd5xUUt+tNqtnrjHXHCjskT86PHrDNYcwWQAQcIY+aj9kziEYIaKpQ0QDVZUcNcv+wqZDbNv10G9iajkOQ9wqJ2YxiwCgkKtp7YJzdY2IzXTCMbGj5XJJ6DdbWq/XGoWZWTiLqaF3ta/qEGrn/He+853HTz6vGzeZBj+fAjlwBGqQGUwNaFShQYQyaAYjUCkQXYfbVQsAi/miwB8lqiuydJKU2URwp+AGACaKAARqaAijRoBAAW8oGChoqV1fO8pGbpagKoJCofGaAxLwzrOr63oynaacEccPu992e8uD/f39bkgIrqq8JGZhh1g63jnlIcVQT8iA0AjNEYUQgg/OO+WMUAZQCIJEBECuaD2WLqwajtRYJRsnP7rTb7qKC2CCAA4LuQFKRMERblR+DW1XN5kp7KJ4CTcltYadHFPZKm3X9n138/iYCDebzbVqpUzuHbqA5CkQBe+9F8l923lfYxWIKOdo6NCNrlGKICJAqLqrGK6Zzb0ewl8LVVBSut2/vvtzjC8+eI/OASLZdBpyrvrzTRYF8qvL9uLi4uBwdnL3jft3j+fTMAluf28ZJsvJbO/Tz5589smTZlJNZxOT3HcDHrqvvvuu//jjn4emvvin63/0v/5fuSpkkbbrqqYGtdlsfnhwbCk9e/xZXsxPbt6OMQrgz3780/ly/5133vn4s0dxvXGqROScM2MkULkWBAl6Aabq4b034mWraAiCkAUzYiWcY4xktXqvbOaMEAnd1VsizEykpkykIpuL9WyxuPvG/f3jYwgBqgrAg3gQAMsgCaSIrxn4eTarZvuL2X1f3aTqSKEB9mpsqRWWLEGFCt2XUIsOnxkLOvFKBkbTuprhdN/noR+2GPvMPW83DhhAEXxW4JwS56qqxBQRfQguTM2kSlVVNZy1iytJOWZRsdliWYgehfL35psPHrzxxnI5B0mABMJADAZspOAVxJX3lMJVFYCqiMopVqWdmLqrPryhN1NlAZUCzbtaPSWvRiTYYYFHC76R6vfLk9mrs/TqO1SmUYjkHDrn66pq6nqoVTMYlSohpTxVdORDCNOmWcxm03rS5cycu7Ztu7YKDVWv0QFxxAE7gB1FougLkPfOee+Z2VFpjGQ02JEO7KpLcpUvcJF5xr8xZdDre26XMWjRg3n9TRgVJ73zwsIizjkiR6RG5MiJipk578UI3avL0BGRCItw6Rjq9U2++3evhwN71VL9GzKIAr9+9bcMCpeXDFS4G4bV6uL09PTgYJmVTVHEvKtzSqvVBTt/eHDw9lv3nj0922xXc6j6TrarbjqbVxU5IjOXcqrrejFf+I8++nk1adYxvvm1r/7O3/u9vaNj9A4AcuZmNr9x40ZA7dsNIs6Xe0Pi7XbrF3R0dAihfuPhw/VPfpqdelUt4o4Iej0/QlgcLGgyTQbT+bLbXgYUQXEoqJI5p7StoEGsFBAF0BHiuM4ANHMSpEwkBFEg1LPjW3cPjm9BqIpaD4ycFDbryCJLFFbv9/f2j8Cqqlr4yQyoYkHJUbWHgjYQYS2eiO61GRhALn0gBSQHYaZYU23T2TGSKQ8nwDhyymBz2W7WbbdtJeY+5iZUoarqEABCVTXBZ6LkyJcKPfhqNt33rg4VOoc+wHwxOT4+rGYNpAGUCrU8e5+VFLwhCZEzbygeHQCW81Q4E1EVAgBIjsyyW08C6AqUW23c1+OPxg684lVhYqYq41tsY4f3V6zCHYkTHQIYMjkHRj54U980TZxEjlB8IgAg5VTIFFVVwWx+sL9/Np+1mxVnXq/X68Vsb89Nd1K0v2oPKIALAZ33IXjvYxYz1ALi+hVF66u4cO1CpF85v/ybLny9L+ODzzlzzlVVVVVQFRAnKLs3B73z6K+uitATkYrGGNEFuOKQl+taS+Vv2UD5VR+NmqHarpzxl6vznPnyYv30i6dqqWkaTxWMYhBuyGzb1f6dm+995cGjR4/ywIvFjTpMjo9u3Lp7Z705ffLFZ01VHx0enpychODdvQmeX7x8/vzpy/OzO/fv33/wYLm/Lwqccz2ZuKaZkDvYX758ebrdbtvNZn2x8iHMl/vT2YxFv/jiaUpckjeEUnQpIe3eNXhyllZP/80f/vbXAreaO4cG5pNi1CoKZfZqHnwg7wzVHCogADVV40M9JFaEjMaGvp5+5avvH997MMKpDNUQFU2L+WoEze12DQCTybyeHIflfXILUMiRJSVQNmVQRhGQ4hMPgFbUGgsGRkbuW/G0RRYzJEPvm+l8b38630fnQz3x9bSqZrP5sq6rqqrALKWEhGjgiIgUDYSBWVWAyFdVtVgcLBZHk8l0Om0mk0aNE+f53vzozl1JAjDqi6mCKSszcEJh4uxUCDJQBouOB9RsmnwTEJVjB5LQGIDRwMyJqgFw0bUuKspjBj4SLIpcWplf4EhaM3i93WDXVt6YkpR6pGQZZjR2MIUQJLMoIwIhApGqzWazlEVVHGFKw+XF2eryMqfsPU2bpplOprMp+eBDU9XNZLbwVeN88FRmtKx5SLEXYeeqZrKom1mObIDKrMpgZlBGPyNiwL7UX8Br/Z1xfHv9dq7+fDW6vAIZKljRByxZCYKZcM6JUxZmJFoulnVdF1+R3Xl9ddqb85CTBD9ZLJaOHFIAdKVGUYWRWlTmEq/F3C+HhmvfoWvdoCuU1AiiHH9StO6RzIwAX5yeenIxxcvLCwOZNJMQamGp6iAaY9waoYCbLfaeP33e9+ng+Ma9h2/duffgzTffMuAvvngszA8ePlxvNqdnZ/4b7z18eXb+8ZP0l9//yzf+6P/x8OE9VTs4uXF2dp76YTmfVXU108VXvvKVdrO6f/d2t13/83/+z0/PL0M92Xb9ycnJi7PTZlJDD+SJTbyvU8qjhLORB/3rn2+ePmneOrgHulJslZJSMGPERgHMpHGOXFAnRO7gYJ9ZJMl2fWmuClXlXCXg7jx8uH/zFkymAABDBwAoCOU0AzCp0aCpFyzJoMo5Uzod14eaMxMWgnEcQmqh1KUAuwH4uBq8GY1OpuaDHxePpnaT1LhUvGpiIMjZgOr5YjKZO3fGManypu0O9+eAOJn6ppnfuHHH1DLHEiNCCOAIUPN5DhURTvK691VjAMqZ1IKIV2DW4tpIDpx3UCEEABPgwTL3fQpwiFUNeTAEMDIExUI/I4EydlcwA0TFnVCAFmSUXk8ofnFRFjhv2WMqUmxfCFXLZlBDRChwbSLn3MH+fupbHhWRDRDI+/39vWfPeuZcVdV8Pi8ldowxK89mU1MlhGIrJZJFs9eGRRygCAogkFMgB2SGktXMbOztj8OaHeJYr3q9BQcFY3UwZgpX7cXrx+z4xbWCq4whVUcedCnHVAs9VsvXaAA7WWBCh+gUxIBGWJoKokObkWXAAORYgCVLTGDUNFOiQD6Upgzh6LxYRLecQ0SU65/Iqy9HjZLrNZ+VJtL1KSCrgQrz6eWlan764rRth8l8muKQszQNKqqZENHe4lBI+26z7S/fevP+zVt0cPPh4vAIaXKxPrt58+Q73/lOu95UVfXs6dPlcunv3Vwspjib4v3bw8d/9Wd/8kf3/uP/7OhHn3x068ED9LOyZCgUi4vas/zhv/fvb9btv/hX//Jb3/712/fuv//B1xXh088/I0dIqFyqUaeFSQA+Qt70+LMPL9/7/bux/xCsN1IjBlFADYHABV9XWAXvXWiCvuq+agiu7bbWzA9u30cXUoqhIOedK2NwAFe0YIuWpIL3xVVLWTWWiQPo2MEak+ddc95UUEeciY6QP1UEMywkKmUueIQxRusVzK5gjMVUQERNvUcyn9mQwnYbzcBRCHWNRMbiORRBekRUADAiH4Y+Dn30rkLyaKrAoAqqKOoTWxYVRY9QISQDJ2CR85BVNKkFw1xbzz7UAN6AlDCZ49HIydAMUfHLKgHj3OHV0nu9m3CFuilKBGqjmcFu9xUQhCJ4MCZ0hk5B67qWvi/70NfeeccKSOScD84HciE450DBcs4xRu9rrzJKxDIri3Iy8wXc8eq1QXGeZyjshnG366hoUNIFuxou2I7aqFdIiF/IFMY8Qgtb9yo0XGUNVpxuxkEVXntuVTEjuzpOro51RCNnpgDOFFSdGYqhqIByobqkxN4BGZBzo9Y7XnUKlFl3OPdfcv1iQVRCIxlc9WVYBAlZXkeyGK3XW0InrFXtVcmRAzPNrBqDq24cza3a6xI9evSJQrO3f1TXs/fff//502c/+uEPb966dXR46G8uwsFkcftgEgU+ffz00Q//1V+/dW+b7OG9W85qAgVE8KEKgesaNJ+/PN0/PF4u95f7e2+/9c7nT774+3/w+//3/+a/7fsewK5MTUZouhEBnkf9kz//i9//zRsIVQHYX0FrnPcu+KqqMFTowXuPSGAKmAEtc3zrrXf37txPEMTVBpSyAkCNO62+HQB9d1oQGBiwqUIBLomgFtrbSHGD3fYQ1R1sAkRedd1sR/Hb8Wf9aHmiqjaeq6oMqmZS9CN87QUBkFkwpRy7bR18CFPnnAA49TaCmcc16n3dNNO9vcPiHznuBVWQDCw5Jc2qqiTAjN4bQBLpMw+ZMxiCR/ATGNjXS9AKkJhAHDGQqRWkM4LRdZgtOIACHZN/SwVeNkKJC7v/LFwBRbNfWhdPZ7MYo6giYRWqKlRkUIWAygWwEEIgQhEZhmG7betqkjOD58wFIpbJZzQIu9BQaLu7aDyGsEL5AN1NFOAqa7ja3OOMdtSS+x+Bdyp7HnZwOP3VT1UqgvLjcj+YkTOLGIAaEo7Q1cKlMyOH5amvlRJmrwUcwuvKFL+gAVHW4TVkZ/Hw+MXP9OaNW2qSciZvisFhqSlBcu5SGrgf5PKLs+HpWTtbHH713Q+qQB999OL5sy82m+0H3zg5PjryZHEW/HI6BeeP581nX3zx03/1RzfefM/txOoAEXwxtqkk11n56Ytnm67bbDZ1XV+eXRzfPPrWt775p3/655t2i2aOCEbKCioQgWPQn3x4+v/9sx/87jcnihV6yDEDagiuTMsDeXROrnHXSxZZ4D1hNgvTA4lMVdE4L8gqBHhN3qNEIgBFJEBLecAxP9TCRyvLCHbhQFWvwoSKjOcG4s5M8Woz87XnxxGGaLrTeBRERRJyaqoegVmyZh5iVXvwQZRlVGGjqza19+7u3bt3794CTyAZbBRzRNWcE6c0vmZypgAsaDFLn3MnnIk8xQpUKTKgB0sAHp2agaEvCFtERHrlX6QIVIQcrtr7arITKC144zE7l1eB42oiKKogbKAlEQHcsR6RiMg7V1WVaGKAELzzFah4700dojkHYZzZQc48DD2LVKYiXOS1VVlF/aiQaIjoyKkVx4ndx4QGIKhWmsdWmGM4xgUwufqM/scEBRpxEzAOCa+Q5iKlt0rkyjL6UhBBCqKZhSNnVBKVMu4wBEd6nVmpKjvVOXTuVYB4LZX7twKgSsZ6rcfxK68PPvjG6enpZrtyOxMMIpRoXRdDPV3uHbnJ/l/81R9X04N79+7cu3/no7/+aL1e55zruq5CIOe8CzUZmLBTmTj56u3DlNZy+Wy1WnmcnV08Pjk5mk0mJnB2dv7JJx9+51u/BoQuhNls9v3vf3+zWa22l7Nmev/O3R/95McEEJwDdTvOLFYhSM7PWmitORsycn+4N1EzIvAKCiisL0+f17NlM6vZvK8qg4I6zX0ff/7XP/vte2/BxFyowVcgCp6A9aq/BPbaJofij6AMO7UsFVZRk50H3S47kF1CATuks5nuoHrXI/ZVj8LMSpVUfpnLnlJUlWzKSqKgzhs57bbrzP3R8QERiWbFUkc457wjwqzVxNOi6S5OJyP4TEGNJatm0RSH3kQdkSdUSwgRNAMqoYHly4uXYITofLch8oRVdtNwcEfUuABsAQzHDUmODECuNn9JdkqE3dn8lf1v14rzMRszNlEQLSI6bGac1MThuI3ROVH15BwVzyTabjbHN26dnMjpsydmhgaL+aJtt8PQt/1wfrm+e/8NRDITECZQKJmXQY5pdBLzFaEj8qjarjfB1wBjfxGttFfFRnbszvXDRu0mMxu39G497JqR1yAbirpLWrX0HURNVVWK7LDDkZlZnl+10C4X3jvmXOwLdwc9jXA2pFR+pBp8fb65CL4ijwDqK1IwNBuRnWCgYoSFHE8Fh/7aMPXV9n4tgSjfASgQuyun5aaqU0591w9DP+yunNJqu+niIGCI0HXtYtYUiR0+O6+b+ZsP3ug4HB+e9OYuLi7+4i/+oig7vf322w8f3vvGN76Vc/afPno6m9TLxawJzpk2DqsKzy5fPH38qE7+r3/2s9/67d/sJpPFYnH33oPj4+Ou27z59jv/2c2beYiPPvvsj/7pH33rW996+vTpweGBaP7ok89UCjybAMABNFUYMijAD//Np9/+5rssVdsPtZtlo8IEZkmJIcNace4ntZh574jQOaJ8LYI6B5kheGB5Pc8q2HUpQMYiOaiZCRSgmFaoaVlSuwx5bJHKNfTIOPKDnRoPKV2tHtrpTJmijAIhY0JS5K1V1YTNDJSRrK4oemLpu9ZPmsrA1ITVrLeSvJB35xf++MY8VGAQSxxCM7QMyD6A81PvXOUdoCkPKmTgy+Z7/vT5lRrabD5VNVFN1kwnC/ALMpMS7BAQSYGKHCkiKphpkasSMkAa7WNHmReVLyXPVMYZqizJWNUyqKgyGbAJqBIoXjviinJRAd2XwGGiuwTslX1mjJF8qEIAVBM2ERA1pzmpaEJQIvQ+VKFCJLJiLVb2uhSC+YibxFexjuDqcxzFl35pULgWLOiqq3IFbChhpVDXrshRpQ85KjKN5l3C8suLMu8CohuGJKxg7IEwOOboXGUoBOBcIdQj7IQfbaeLdf1thH/HK6UUY+y7foh9uVLKL1++VM3ej5TzUehGoGmad9565+HDNz9+fLa3tzfF6uWqvVhtPHoAYI7M8vHHH65WG//8op0M3GedVmESaF77SVVVVL14/sWD4/vLxWw+ne7v7RV0/mS+QEer1QrQVZPGhfDOV99WTl//2rvnl5ePH3/+6Mnjto0AhuVuzWazWY49UfqLH5/+z/+nXz2eH3D/ImCRIINRPF4lxWgIDYFTEOGASOQBrhJFOn/+PCa+fe+e5Oz8rtew6x3YqzIAWHIhuoAmE8VC3ES9+h1UQSS9JkMMZQq6K/tK/lA6Wld9xzFSwMh+MZAiK7nrPgiCAoJHqiofnOWYLy9e+uMDIscSuzgAGTlyzonpk6fndWN7+3snJydlqwsIgHgPVFXkKwgePIExRc7JVNWZguDxzQciaJQAk9qQuevzJqVa1kezeW1gUJjkBdh3VXORs1GQVMr2Gu28dpXRKC90bcULAGox/s6qCirlv9nGni6WWy4QIiQkirGfTqdgYpLxeo4MRTRLFXXTbSm4InjJHDknchkhmCGYCAqAee/rJoBC4ZMDAOBOvOcVderqVV9JBH6Zufi3u3Q0MdhxUkcDm7HXoGbKnJkLsiGLsCqbidlOb6/Ulc6Fuiai9WorRZYKGYDEzBs6MHRERs45Mm9XUjqjyP6oADkmBv9OcYFzzLmLw1AUXFNKKaeULi/PmmZiRuQNA109fxWmbZ8fP3724x//GwC4vLxYX25dmLgGV6uLH56fffzxh5Pp1BQ9kO9TzmcRgZeT+tbxAVLl6vrlF4/f+eA3fuc3vj3fW6w3G3JOq2p+eNRUtW8mTx5/vpwuhqFbrVZHx4eh8sv53Htazmc5c4wRQL13KYoiuBB87V+uuheX6Z033hxe8PZ8XU1RFMTGebWKi1GNyDcWvFcy79zoXqIKyh/+m58J+pOTE3K000eV8VzTbMAAYpZUk8qgEpUTaiFoKQjD6HBWVPHMRuWWcQERGCuXzYNqVsaXu+7Q2PLSL51CigWTp6ZFaQaKWCATcFVTTLK+PO+nrmkaM9v2q9l0tlgsZtPZcrl88uQJIPtAJayYobAAkEdPfgp1VUjWIBFy367Ox962+r3pEgyAGBDAuzqC662XtL18Mg0TdMEVfWwEVFcwIGZIGMRelU4wdoyL1/Mua9Bdjj2eX2pqhZ1hygSqxQir6NNINi0q26NSO5pm5mnjY8ygQqCosrNmfUWgjDHmlFTFIUpOnKNzfSZz5BUEQFW1rmtEVJBRg2IX3Is6fiGegF31Ic1GvQm4ev1XBJbX/nx1g6/17a7ifhEuv6bvOj4JsxTdNjPLmcfwqiU6QLF1BwDnvaoMOQGAc4ToDMUjGIIKOHBmJqZERuTKXh2J8OO//qrvgL/i66vrKrmIMXZdF2NUVRlrnRJROecB0DsihyCkTCgESeAHP/rJpv/RX/30s9nx8arPgh7FzCSlhABV8s6n4IP/zV//zjC0F2encehOn36x2Wz29vcOb9ZG2x/82b9I3/i1N77y7uefPXrznfcGtjk6mEx9COeXl08+/yzG+MMf/aVHd//+/T/49/7w9773PWZ98uTJ48ePvfcpJREWSb6ulFKzhD/7y0+//e6bMExX5y8mOWKVBaIaJPZJjAdo+96FyWQyqYMjomY6Q85/+cf/RMP8Ut39t99VZu8nJTQojuxMQAZMhr1aAskiUTWrMpigqCmDGcio4VtmP/L6FKpwk2BMOsokWF9LGsflJ68vNR0xNrrTmQVVyaLRUfQuGcRuezlsgyAt9w/feffdB28+gKrqzs+Pbtx0zhGioQNCYWVx61WcT5rF4QH4AOlCcpTtWXv+InAPoD2CGuZV50m9jw6jA/YEe4Ku58yn6xeDbyaT5YEMLOgBCMwjBI/VGB2QAAnGjE1fOUdf5US7RAkKrwmgzJgLwKD0j4yTqCrnwiKjkXFrAPaNr7039Juhi7Hddtt18UA1s9l0lpiz2LYb8hePgw/T6exydbHcO/LcewZ0mXyNO1NSIF8at1A8B0cRp6KvKDBKNF+foti1l/03IyBLewXGadSrmEKl/QkGAJyz5JQz9317fHxwcuMIQJHsGr1qfIYswsqZIwCwQhYm54CQSiI0tq8NCopbjUDLdt1pPCkiwe7sKYSIXRXmrgeD3YuHmHvnPXrHOcUYY4zDMMQYlbOWoo/wcr0+OtoPFGIeeknNEp2v2i598fL8/Dy1Qzw4OhDy+4vJwLrt+jBtwqS+d+/eO199p9gUe05dXfkH9+50221NOAxdN6Tt4y/uvL23Pn328x+jqnz/Bz+9/+CNZPDFJ5+c3LoRAnGW73//+weL6X/0H/3DP/nv/vkPfvDn73/wdXLwB3/49z795PN//I//8cXFBSI2TZMEQnAAjhz+1c9Of/DDz99cUho8BQlk5kWUQa0MklGx227JgKaT4IlZAAYSE6P5/MZkMn1tEVxT7wVkQFZNJtE0mpSxojJnEEUDU8GrxPN1joDtqDU2gtdKx2HEz1/9Tkmhy77aKcAUD4Jrhy2qKYhIFlGUyLHR6Y2j4xt37u3dOD66cQSLPRiGyXQ5Bn7vAStQoGQAun/gfZhDtQ/BQbxEyTL0FCO3HQV0oXbeB+8IDDkqxH67CuichcpP9xuM1sXYXzw7U6qqeubDBMCDBbAKFAy8kjdwilTuUwDQvtyd3c0FSntPdq0WedV5FS7CEKX7W6KFAwM0T+oIFNWh8NByGrQINjsffN3FvuvaerlX4imZKifloILKo2CJCRmCjf0CcY5yupoQwRiarwoKHecUvxgUvnQ71z+j8ut2Pa7o+HquWtAImtPQ9V3fbwHg+Pj4/v37iHj68mWRVLre2mBlFc05G5b+eOn1eHZaOo5erEzfSgMIzVSE0JWc60uQyHEROnz1Nb36GgBkNzfJzKXpGGNk5utphSHUVSWAioDOOR8Y/Tby5bZvI8esoWqq0Lh6aj4kNVf5d9/92nQymc5mzHJ5cSmqfjEJzKzMTRVu3Dzuu77t4/l6++mHf+0nTz/9+MN/89d//c4H3zo53FsP+XK92a7XBydHv/nd364C/v/+6P/59fffuXvnLgD8v//p/+v3f+/v//BHP1ytVnfu3BLJp6en5NXMlTPKGZxv4B//k//+D7518937987ONweNOANP0Ep2FBjUzFKK23J/EwLHqgAuCfjZZDKbTJQzcLpWj5URr4xaPcXWvOgjipgw6m4R7ToStOtmi76a1dlIgvklBequ07ZDyYCSwW6KboagVEbLxe8UAdBcU03B1WHW51//rb9z7433AckkYeWhGzglJHK+Bu/AT4AqYESy4BAxoKvB1wAMRshqfbIsbddW9cS5irCpm0lO28Re0tC17IyNMxLX8xmRq5Ak5ZS30m+xmvpqAtAUMJigF/QKZEhXPQgavU9ehYbrW6vsmVE0c2y+iqqYsKmaFrikkAGBAULsNx5p6PvUXfbtJg89CBeEf3G7znnY29tToDIcyZyq7MUhohNw5ZwcNUcBEKhkNYWTvat0djF9FyD+xhzhb7p2vYbC1xqp4JBSLqfxcrm8dfv2crnsuy7nrJqv1pKW7N1UVNlGtrSaERTxQAMHJS6U6EUAiGYFoqrinC89jdIku07But5xGNku18T7WQFUu35ot33XbfphsJ0X1lVnWJFYddNFcxKCW61S33ePv3i5usimoalqwBHa48l7dI8effb06RdEdP/+g8ViDgB+bzHPnHNKObP3E+88kMui2g3d5oJd1263f/CHfwiSVmcvLjfbO/dvby8v5sc3Pvjgg2Dp6eefnxwd37pxY923IYSTk5PPP/+8rutbt2/FGM8uLslX5a6imSX4+BHs+efzydKDS0OuqAYHJtmQiJyoolpKaWsdABmhqppXBX88mY5pnGrRz4AR3JZRTUxdKYxBEBRU0aS4IpeitHxNBq+KalUVsauG9qul8qplvcPpX+kXjKHkOsV/DO1IhoBAbdtPpmGxv99M/Ld+/denhzeAcXOxrid1JaSgWYCMAMChBwpADRgagjkgVwE6QAMVYNYuamIyiMnIe09TV82MKiXJ2rK4btCioQswXKw2k/l0PpvvTabrtNbEeeismkKoDbxQEAiC3sAbOQUaTy2DXef19TzczEqVpLYzrVcZh8GqxlaMm6w4smERyd5eniHi0HXr1SoNW06DaAZQZiPyLlTDEMfxihEAGCeWWkQwsUAGIgQgR4BFwQXItHjN717U9RxH1IyovIbX8oXXsgb9cq1xFVhebUMDHI8F3UFfocwCAeDk6Hhvb69r2/V6Xaw9S9vZ1ES4ADOgSPUgSGlXoSuEGLp6sWoCo5Y3qBq48jNQAIdmir84qPzVrjyF8RljbIeu67qUEqq5YkQz5izUDYMgKULMQ13X604vLy4+/XxNCOgSdbGeTEMtzXQuJjH1T589ZdXZbHp5eVG8YHzmbGZELgQYshnhpKlyro+PjwX9Fy/Pf/7pkz/7k3/+4MGD7SCrdfvXP/3JZtvdv3fn1vFB0zRd156dnb7xxhtf/9a3/rs/+ZOPPvro2fNni8Xi7p27F+cXZrruNggg6MFcAlmcVC+2aXpwP/Bms1lTH+f7R6pi4s1ARJ33hZKkZl3X1XVNREg4n04r5135EBF2GnliqqK5aC2UCTlaySQMdjLEynKFaxgXh5qpjNJpuwX0atylr0YVxZEadrAoMykaO6ZYgNVjPFEtmII7d27cu3+ruTkHZFCFoU2R6rpCdJkNkZBq8s7QA3hjQxbAGp1zHkFVch8lUuzs8iJfXHQXlzm2wsAQmCZV2GPTxEMU3/UKbg4gRt5El3v7mdNq1dJqKyIx9jFGdD4Z1Iu9+cGhqya3b9/fdvFitenb5FwNQG4H1/sl10gE2o3xlMVUNI/ICB2xIQAqBuScI9puLjimmPo45G67YskEOqnrtsoGHqx/+SIeHQ6r1bqqwkLmi8VCcmTn0IiN0JFzgIiGReRKDMHROHAF2eGUUU0KNENGBNyXxfJ2jKSrg3cHginlIuAVksVoHO0VjgmSKQBtNhsVJYO7t+/cvnVLUm7bbbdtldl2fWNRZhFVEZY+RREumraKpS4KpXDg8eAhMhIsyhoAIMwEps57ESgqOUhF5LLYlQKA4S58ww4lKaYxxrbvu65r15vNZhOHTkWDczHG0koUQCCUrJth2LT9+Vm77QAAiu+lIwAnjoB1WPqJMGPwwbmjo4MYY1VVi9n01q07AOC3m831N7CQEBazKZs8vPfg3r17x0fHL549/usf/fnNh29vLk4//vxzXzdHB3v5YPHwzbf6dvPi2fMXpy+fn1/s7+/v7e/dvXv3/v37VVXtPdp7+uxJVZEhMHgyahpcR84JPn+2eePQ5ZRSP7SRJ3vHZlJkvsshn/LAIkAFW+McpuBrh1SOfSIHowyWatFoUhGVojWNVjIF1aJHoiNh5mq+NbbkrzlnXFUcsCO67nICEJVricSoUmmmIAXjUBCS1nf9crl88PDe8a0jmHjIXdycpZQQAuE0hCVADeYRqSqDF0LACoGKSguIgIkpi/SSB0gRhk5j4pQ5ioJXqwQahialISYaEqTshR0yohBi1UVACJmN46CpS2lIsUcHvSW2Xq2rZovtzA9sZuxJNGfEYPYrLaAK06QMaxUL0KeoVwkUOiEAWBnlcI4CaimnGPucMgsrJCQNwdXgDg/ql+drzpAYXrw4LxKQvJdnk1rZCWdCBCNvjsAJAiLoK8rztTxmnEy9KnCK64q9Dq+AHSnmtXC/myvptR4EGYDxmPeBlnlKSqnrur7tqqq6e+dO223ZV207ns8lX9CSPalw5iEnEebi/lPuA1FUSdSIVETAGUmxfikJpqgCjFHDeQ8AYoaGhEbOwS9DN5TaJcaYcmIei50r6kTxs8ocObNDBy44X4lg1jxkSGVMr+Co1GmkgFl0Mp9VIShCXYfcDSH4vb29/f398i/6zaaU9oToXAh17Z2HCipIjKbLxeKr77zxNT/dXp76Knzw3q99+PjFwLZc7jd7hxC7r3/zW1VoAKAd+k27/fzxE0B8+vz51772tW//xq9fbi/Xl88ViDCA+dimo+OTkLt/+Wc/mXz7NuStAskYGgxgtB9iZUmmEhExZWFBEue8oyIzzpmq629cAc/atQVUwG1afIXMrMyJvjT++R98ldCDAKAkVGh52jh/uNw7PjmGYCAba19uL14IS9PMZxOHobjrkBnuUhIizKpAlk0RUFVT4m3KHacOU9bVKl1etpfrIcV6tq9QqTVmDaeUsw0DxAjGRbbSI3jJqMCcFcQLe2aXGdEyhtwNp9u0CtvJwFvnJ+hqEA/cmLH8kvuj3dtqYKTF9wDBrKAleMcHLphiNc15iDHGNMScE/OVsAI7R3UdqKqH2G3X/XrVaYazM5hM1/NpM2umnJld9i6SEbiMimDZGb4StnSEvrBrVUFFXoky498s2fJvu3bBYie9e00YJsZ4uVrlGJfLoxBc1w+c0jCkGGPOyZDUsqqKsQinHHftBlQFo1e9KQASAVego4pGJZwagpKjAs0q0YGcK7GgjEt+aXQouKacUtt1fdd3fd/HLMxWuBoGMUZVRkTnnSK5asJRB95sI6hAsdtB58krEZAj7zwAZObEGQCKazYR0Y7r5bvhypuAQxbESXCI6LyHR48/m0znJzdvHd/YWyh+/vjJ3XtvfPDOO1+crdpt+/yzRzcO93D/+M7Dh5vNZm52E2Bv7+CP/9kf13V9dnZRVdV77777/T+7QABA77DxB4s+ZoDqrOv+P3/+4dffvTVpGiJfumLOGFCVnIpxlpwN0Bl4cJkom4lqFjVPXoRplEWXHUjuqm0mV/LhV9XmdZnG1xbHLo94tRkArqcMME7Rr1P0CriY0AjLoIMMgA+OFofLCvIGhg1UAqkNyjkPGDxSAieUGcAbi2jxj2UTJSMSw7GvmZh7TQOnCKnP61W/Pd9sL4aY/XTPin2bQeackuRsYgFUEACpQggKJMJZiZlFSMWSmCdTFbGc4tAPw7ZvJ83SV01dLTwtwKrywV+tBjB3jfYzmi+K6Sst2Vcz/2IWCsxJcoxDNww9x7yDb4GhN0LvGweT0/Mvnr843WzGOl5EUspFR5OFWRLiDoJBqFbkTwgRQbly9agoKyO6ZDzwXaEt7Xy7vvTh7hhHr41dRkTDLl/4ssSVAmpKQ9dfAqbJzN24efji5RdEBIqZsxTpXk2iyiYAGmOfOYuZsAI2Yla8jABot1RoxNCqExHnnKpeOelcRQcPgIQF7FDG6uScme0k4wAA+r5PKXVtt223fddnzimnlHJw5AyzcN/3TdM47wh8UlQKQMpKKYN3gK4iF8gjeQ2OiMhV7vz8vGTBR8fHe/PFZrNNKV1ero6PawBwv/XwlmGdmVcX28V8YeYAnEhhf2qWfHZx0bXbru2nk/lq1R2f3Do8vuHIeefVrF7Oq6qa7x/4ENq2q3x1+/adH/7wR59//mTezGaz6Xw2ff70+dCz7lJ9FsmIqapvvvne8YO3I5sBVA6CDaopGrBCYsmsAN7IO6zAVW+++1UXKnKOkHZm41yGRyLJNJlmkwQqIKycQbVo37Nm5dJR1yLXbKbFd9B2A+rSQwA1U2EWUAbTkiS+6kmaYmlhmpFhBZ4AssqQuxu3D9584+Z0z0N7NrQrGXrN4smhwNDFrt1aTBU2OfZpuEjxgvOFykbtwvhC2pfp8umwep7W59pvbIi67bXbSDzPacU5KXkXmvnyEIPnHIWHOHQpppwELDhqyFXkasCpWoNA3rt1t1m364Ez1m66mNnIkAunL85STGmIQ59UTHIq0Aw0KApoYAXhJEVD0tDMxBEVRYiinYsGwllzHrq277Y5xr7v+nY7dEPb9jkLRxmSDBnZ6m2ffv7xo0efP+27zGLOwWwJhFBVvg5h6LoQXOWproKaE9mtO9yNJ02K8REiIBoCqhRSDLuRezAqRYCNA+nr8iq7BKO0Ue2K6USlsBgX5FiSIBgYb9vLi4vn3XBOGG/dPhKQnNPlap2ZC8eLRVgT59y2bYrJ1BLnxBZ7RvRFgKFwsdB5LFTDUeJoJFaBEgIgOAICQzR05NAQd46mppBiUjHOOcfYx6Hv+5i47fpi/7PebLdtF4cowjmmtuv7IVZV41xACoYo6Nxs73LTv3x5PgyMDogQPTmPPngiRw6rqvYu5MwsYgqc2Ttf7GnquhJh91vvvC1G6+3m/Ozi4GCfgEa7xBFbJSY2mU6Yue/61WaLLkya6Ww6A8TJbOLJsyRq6oAUquC9B7OvfOUrm83mBz/4QfDh6Pjo4cM3nj55trlYh1BgPsgAEXEwbLvh4vLicG+OJpUHA+wYuiyjBQh6BIfOgQtvvPO2C8E7B1TmjyzAJTpoQUYLm2RjGZH5ymomIiUMXBGoRE1YmFl4/P54SfHsKZJBpd82+g3oleuAjDaHZOYMFIwxh6B37h7OJoB5a6mVnByQJ+fQN83cozNVUnTgNPacWk5bja2mjaatxY21Gxk2eeg0J1Izzhwj5z6mVT+02yHFbBQmvqqJPIuYShyGFHPOgkbkK+cDUUOuceQI0UBiGvrUJ0noik+2VVUzn87JuaaeioKySFZWU+WimpALQZozq7BkYWXOu7eEmYvJBisLZ5acY4oxRROOcRiGvu362Gfvq2Hgto1Dsgj+cjt89Omjn//8i82WkxgRVBNwDnICyRFRptOmaergHaFDc8VfgZVN1cCKcG6BwhdRRueQuWhYye5EtWuPks78Ag5y9y3bZYVF9uUqwxiHlyZ9367X5213WRT65otJPwyZJfaDqQqoqrBkzhxjFBUENMPEnDOzoaMKkAi9c8Vmg3a2AKUCwlc6naW58Trz0nZ6MiIiIpmZc04pbbu2a9uzi8vLi4vLy8vtdjsMQ86ChqqaMqeckbyva3SVIRmSUIgCp+cXl+sNi0ERZ3SEjjxR+QIdEWBVV4dHR0dHh94H731V13Vdl1fk7u4vBpZ26NtuO6vrSRPQsiNTyWqKFJxznDOzFCZ/3w9muLe/v1wuDDDn/OzZUxRpJtMwXyDnPg4ffvTR7/7Od31w//rP/nWO2Qzu3r1zeX469G0IDtEEOKfh8uz09PTpdnU5bWpy1EcR8GfrrUjBCAYzBHJgaI7efucdHzyRBwQpdiwqqiyamJNyNmU0gau4IOXnbK9OCzA1UWMZ/1eMYse04RX/SmH3veu5qNko0InlzAEDFOfSwVFz46DJcaXtlvsB1XsLBB7Bga+9ESTggSlLHnrpt3loLUZLg8UkKfIwpMysUrywVTVrzpIj85B1SJIVydfkKvK1qphYHGIahpySATjnvKu9894FIiUSQM3c90ObYjTVGBMizeaL45Ob8/ncOz90Q9d2mYVzyqwy2iZwzpEzxxw5S0qRObNmkcyZc84p55xzKU1zFpbMYmbW9cMQU9/nYcgx6svTy826UwwD4GdPnn366dnZOZADcuCrELxHLNBAQEjTpplMmyoEENYyLUJAADEBNRVRUChsBlNH6EIQzjlnM3VjQf7LWwmvF+qvFZM4GlxeZ2EZgMVh6Nr15eq87zfL/cXx4TECdf2QIschjkZ2YpxzjDlnVrHpdCGiceAhMZJDQnIeEZCcc46cx5IXEAEgoQMb9YlfsS13TVPZXTnvhCyYmblt29V6vV6vTk/PNttN1/UpZ85iCqI2xCFlRnJVMyEKhsHACzpB10d++fKsbZNzYABE6JyjEhqIkNA52lsul4vl8clxCGGI8SqAjUiURgZFrargHWqO88XUQBB34D7V8kIRsOiLb9utcA5VtX9wEPvYDfHRo8cXl5c3Dk8cgQNrmuZf/+m/Jo8ffPD+crl88vjJ5ep8s7oMVTg/e+k9OkIgePjGfUcgOdW1v7g47/shim77lBkMvHOByAGRgAECOnr7q++4KviqBjFAMBAwKdZspqySEQyUVZIpG4uKlBGXjYpMNtKORYVFd/nC1eD5WldLwF5NOq8OnAIKRBvLVDE2jJOJvfHgyGGMm7N+fSkxkgDZaBAHOUGOkgfuOuPIQ5eH1oYIKQOzpaRZsqIgKhCQRwqCyGrJIAnEbENWUSIXnJ8guKKxNsQhppRzVlVH5H3wPnhPgIqoAJJz7PouDoOqDUNsmvnhweGNmzenkwmLrtfr9XoTcxIxURExFi1YXy5ij5KZC35BRUR4XAOFBSzjuKdsOeyHmDLHmGPSzx8/ffZ8NWSuposX6+3nT07X26KzVbxfSRXIm/dW1QAAoYLFtKGdXkXRfrJRlEAMBIomChgRAlodKlPjnOW1rAF2Mf1Vp/nqC1G96i+MSHnV1+NJgVTqxcVp127bbuOcm1TV/v6BqG3XbewjcypEEjXou5SzqBgATifzmLWLMSchFxAdulJMuLL5xmkkvUocCnfLdqJHI0piN0EroSGmlFJm5pTidru9WF2uLjfbdsulLjYs/x+HuG2j81VoJkgBiBSDoVckBXdxuV6tt1nEOydqJTR4KlpTY2jIMcWULlaXn37yaV1XOeecUk5pOpkhoJ/UeHb2rN84B3YeqJdhf7kIYMeHB5M61HUNAKKSc7y4zKHr9g6PHn36s227ns8nb3/7t14+faFZzs7OP1l88uabD8Phft12/8l/+p8OXd+22+985zuzSbNanW03m9Pnz95/782/+Iu/AOfeePiQRfp2hbP52eWFU7hcn82n6735YtrMFgs8WFZNY1WDkfO63cb1+dn56VvHRwCamQOGUcKbDEcNawQZTR9BlZVFGIRBTYRLylPaBaKqzGVI/4tyqbBTf7oSR0Pl3dIryqtSfnO+Nz86rI/3EfNK0zqkXlVMgGWQfAkdOCr1QWY2M/RQIbpgXke8hQuhVnIdEhcysGua+SGzYZVRxE+i+U2vF0PeOHDDMHjXOPJF/atcfd/XdQ2ooonMMufYtUNsX5ydXZyv+n6YziaHe3fm8xnCdL2KfX+ZeQAAM1mt2pzPq3oxn++hcyH4KjSIiK4guByDaorwJSR/kZBEUNHMOefcdd3Qp7bth55fXvTkCPzkYj1cDF2foc+QMkxrMEXlQA0Cma8pEARvOfMnn3x6dLB36+bN6Uy0FgdiIF4rIiLvzZnyCFUU9abmwB0d7Mecttut7aT0f+nsafz4zHKOBSZHjkqor6u65I2iKil7jzH1ZiaSu017cmN/f/8k9dJ1bdfFlBIZxNS2fRejAswIK/IeAAwDGK1X29BMzEzASFEckqEU4jeqFVvh4sQNxe8DCdCYYWSs4pcA0cw5pcQsfT9st+3l+nK7bWeLPVVh0xTT2DBBapppMu1XG1Y1w+VyeYV23XZ9YimerB7RE/kSpkZvdecxhEA+hKEfDvf3j/YPU0pmRo44ppST/1/+z/7Bhx9++K//9AfrLeztgQR/mdSD9Snuz2eL+aKua+8RHTmAnLocq8rl7eXzn/7oz0M9WR7f/sbX3o/Ky/1F3w2ri0+O792p68l0sWcvnj169Nlqu3r/6++acFOFJ48fq+Xz87OD/dkXz16oKlFwvurblAWi5HW72p+JiPfUALpBEnoAL0S42az6tp1TlXk0DgHUYubi0RmRSJlmK+7EIMWKEaVkzq/8BWXEt36JYfWqTy27gkJHYiXsuDxu5zaoqPWiOrl9DHA2fPFch5WlnDOZFp0JUlUZt7CagBkKRsTKwBcAN6IDUQ0TrhoKdeUa7xujhrwDyISCriOGKZNijaxZrB+ScyGx9H3fd10xWStdEoCkyikPKQ19jKvVphvYh0kV5kcn98h0GFJKl4ADS28gVJBFioUmawicQw4avEdfdDdHzD8AIPKX3iJWZc45Z1boun7oedOnoWdXV5xh1ca8SR0YKzgPASALGJAhQZKqIRVmBAJIKXEWtJchuJTjbLEMDYuk4GvnA5n3Kg6CGaOKc06zeO9E2ZGfTqdd19mVY/CvuK5o5gVBWFxnYoxFeFJVU+r7Xvt+2/brzepShGfTxWw6H7pehMA8oQj3Ikk0CttsfmRSs4qopsSGZOSExYAQDYg9lwEmIZgzM1KignY1MiVEI7mG8ZTrOY6qiXBhVovI+fklZ2aW4KuuaxMrM2cZYzcRofOs2sUkrIg0nF6ODmNGMRdWBYkYIVLRnhshVbSzCkTOmRyFqur7rq7r5XI5Xyw267X3wf1f/rf/k6PD6cHeDEJ6dNq+aONZtMnywKdOY9/2Qxobv+o8Vp5ApcjMrNbrtssHByc37tybHh5+9NHPf/SjHzVVdXTzhJyHppYUh6H/4V/+6eXF2Z17t50D5qFv16vz89PTs5Ry10fnHSCysoClDKrYtjGm1A1DktymLUN0NfraT+d7e3uHvqpMtbBZi+UQOnQewAyFTTIwl4qwkD6zqIKiFpGXUW9dzdR4bEr/wsNGmI/sZCcVRiQzjbp9aIZ2+8Gd6dEEuuebL36OcaU5giCAN0NlKKR+ZDAeR+aGJiaKUqRX0TkXanXTsLjpm6MQ9pxfAM7MarapgsvGQAQuhKqq64lyIZVTP/SbbtO2bd935KhpKuecgeYUYxr62A1DvFitDfHw6GRvebC/f2yGKcau3yJayl22qAZdy0PUnIRNhcd2rpgya86ShTML51LyKmcpj8SSch762McYM7NK1/MwpG7gLmY2lxn6zL0aF98fMuedATKDgUOwplEk8ViG8eoQcoSu32YegIpsuvGIXdVSs1hRlrfi9y1l1oCEzpOw/qqsYYwM1/BJajr6houMAgzMQ9e17Xa9WV+uzi/OTxX0jQdv7O3t922MQyp88G7oYh5i7IfMaXCRQRUEIFR18GHbbVMWgaKOQWoISDvtBzDDHbUcFHAccZXyaSfWVDrApe3Y933XdUWwqe37mDjGNKR4etr2Q0rMCqaGBuSqKlRNH1PM0nZpGCRl7lOOQxpSZmZTBFBEIEfeExF674J3zjlHVIXirMXO0aSZDDE+fPDw1q1bIopITVO7f/Tdew7t7p1bt2/fPTk57Nr28ePVxcuLGlPpMZTuk7CAiSNyDhEgxrzt4vllWzWz2XRGIv/Vf/1fnZ29nM/nHmh57yFwBrbpbPLt3/iNalJ/9vlnWdLm4uxwb+lJz89ebvohxhxCrUVcgAKhV8OLc277vN22m25zsVplEV8FdNV0sndwdDKdNqNUp5bGIQGAJ09gDiz1AyqbiArn1MvIhPllZLvRi+GXL6fC2oKidIQCaGhUdE+ICFCN8s3be7WPsH3av3zsNJOBmSfwok4EjM1Y0QwBnBmiAImhKjmg2k32/OTQNQd+fkTVPoQFUEUY1Hw2FDE2E8uIVNUT7+rpdI5AzCJmQxz6vu/7IcboiGazmXOoqplTgf13MbLCYnlwdHRrttgH88JWOgY5Ff9FVMX1ZoiRUxZRzWWMW+aWbEm0DHE4F+71GCMSc045J04i45DTIEWOWYbEMeu2i9lQwZMP4CtHgYgQi8sGCDOhhgo8jd0uM6tDUNPVBbRDHttlREUAXFUK7KRY0ZWmQelOFt374AORk2ses78AIhwnz2rKma8QLpJZmDNnZl6vVtvtZttuUxrWm/VsOrv/4CGgH/oUi++Nc227TVn6zCnhZ4/bnDK54qTRNNO667qYclbEnSV6cWSxMmEBsCKxNVLCSvcKwbDMJApITMqyNdhs2yGmIcaYsvfVkPJmu71cp8tLEANfQVVNFFzTzKbzZTObdX3sY4pJ+ggpQ84QGXK2qlglgDnvnCeH5IgclV4Iee8dkYECYlXXzrkHDx50XSciJzdObt68OZ3N3H/x22+hmBM7aKo3bx69f//mGwfE7emTUz3d5q7vVHM/DGJaV1VVVSwWI7NAyrpp++D9/sHeyfFRHPonjx5NZ7O33n57NluAICBhNdkqVrO9yawB5s3qYjZxd27s7e3Pt21++fL87OzcFBx5NCpuBkTcRxgYomgznadMbafM1CeZLWaLveViPpOUTRQMjW3azBzSJEymzSQQkRkPkXPk1IFlNBNmYS3SGyICyiYsIiqvepCvmlilDT3KShqo2tiwKHZiru97NHnrzduH95awfdI9/QRiVys6cGi1GMloEpPBlFAdGkImUiQxR0qVhb3l0dvY3ODqJtMyIZbjWpUNJEkSS1kiqxqgmBI6AKrryWy5mC6mOcenz5+tLs+LxxqAOSTOyURFhbPGyGru4PBmPV0mQXJeDQ2tqafL5T6Y44wqrqrmF6t1zFw1syFlVVMgNRQzFmNRLoq3oqzKRRe1PHYZRGbOIkQVi2bFlK3PoujNBXCe0KHzIVR1Xad+INQQAEi7zmICAPOOnGtypj4Cg11cwOn5kFmn0/0bx8er1WqI/XQ6NRUVhdI7LOPkIiwnxjmTp7qqYhzK6+WcAYvytcFO3r4f2r5rz8/PNtvNdrvdbDaG2vXdZrtpt5shDl3fd0MXY0yc7965v9g76PvUJVYgBTfEZBCGaC/P2qfPJXhyrkLnxLRuaiSoJlU2bZoZ+lrVkBwSWZHGQDLA0b2gpLZqqpBTTpljSimzqsWUY8zdMGy7LqYyDGJmiJnbPm62Q9vDfAF7B/ObN26f3LjjqAphouaZ7dnL00079AOIgfejg5x3ZdZgxbjRI3kiT17BiKDok3pPwXkTlcwpxsV88Y0PPnj7rbe/9t7X/t7v/95X33nHfWdvCI5m9cRSasimpHeP9t96642IOWs+P83rC0aKLNwOadPGyCrogQK6qgn1enWxvjibT+v5fHJ+flFV9bvvfwCqouh8E5pZRkeVWzYTgrxomu3qfLu69FRV9WK9abftAACcdTxYRACInGUGNSi4nj7yatuK6d7B/p1btxBGDVhnAKp1XZMBqqAoZCU2NNI8IGaAJMJpSDknYRPOOmoNSGm26y9cJsoiJoV6XJAMUUfZVHMEorxcNPfuHji47J59krcrJ9kZonrFIEAMqCBmDMgOhUgRM5JhaNRPISwpHFF9I+Iy44KxNhBDRTAFzczMKWsSLSRbMFVTwDIwRUOAlIZ227JkwhHTig4cEQsPQ2r7mEUns73QTAWcIpL30/ns8Pjw4GgfwcUhSTZVFDXmMoiAnFi1iB+j6tgwFzEWE1FDMnCAxa3TFRgPjulAiJmHqP2QhiwCBBSAXJkuETkqRZhJGbcjgXfgxhVMtZ+IYBbKimaaI2w2cdNerFYXL58/77pOmEMIRV51TBusvCsjMFJEU0osnFIqEz9EfDUILA0RzuUTL5qrhIgOy3dKwZRiGfjIcrl3cuu2r+ouZgQvgCwmSjHL5bo/X/XDIDGZjl4lJqRZ2BxUdR3CxLlg9Mr9o5hhGRqOMi6F16OjDJMqq6lYZkliA+eYOWVmgSQqBm0/bNohM4PzTVO5qgGgbZ9W6/b5i7PLy+3len1+uemGFKOaAe2GtCVzIgfkiAhKA9K5UVfKBd80zWw2nU6nXdsi4mw239/f+973/s7v/M7v3rlzO+dERHt7e+6//Ef/oOva09NTVRnigIjVZDKbzd55563j5XTW5K7bPvoCNj1HTRhmm16TeXJ1VTWVh9RuU7vu2tWN46O33/7KwcnN4xu3vnj6UgFCMw2zKYF6gjr4RTOZBB/bfuijma+aKaLv+5RZ2u1WWABE1RTK0rLEkLMlyf0Qhzy0XevJvfXmw+VykVMiNTAlUs695EFS5CHOpgtPdQMVEQzDaU7bYeglZ2FVzrYrN7ksG8m7z+jVw1SEeUT6CKuxSS4K1aYWghNNJyfz4wfH3fOf5/Yc8wCiCN7AK3hGp6AKDJiRMrmMlBBF0OP0htIRVkehPla3FJgZNIZgyAhSOFosmjmXtBe0aF5jwf4AoCstC7Su24pqlgRoxdcs1KHv0zAMbZecD/sHR86HZjafL5dHR0ez5WQ+m1SV55Rit237jpUBlJyPOfdDH3MhEYIpsBmLinKZaGYtwvcFdqqskFmZS0sCWCxnHWLuUx5YKQR0wZFHXyB35IkcoZp455CMEBzBZOIXi8VitvDeAaERQfE18hCTbtZSqExD7NtuC2gKHBwRYfGUKkT5wnLScXyWOY/KwNcxAiypQNlUlU1xB/URNWZJeQwNMeaYcmaZTJd7Byddn168PGegfkhZTQE3ffri+csXp13KEAUUFYgMIZsUiAMg1c0Una+qitAb0g6ZiSMOprRAR8skEFXR0WJQgXiE6AgLJlFR6/phs+0imwKBC+TrrNDFdLnpzi/adc9tzF3Mfen3FCUIACIgGoEbntARIZU6AjwRghnYdDabzaZ7e3tHR8f7e3sP7j/44IOvf/Ob3/ze9763v7+HiA8fPtxut48ePXL/5X/xD5bLPSJqu7ZtWzMAhLoOoHp0uPfeu+++884bzvWK8dmLdLlZJy16dkQGAXQ2rdDk+dOnp6cXD958q5nNq+n8k88foQvT+aKeTT1iRViTq31wBov5vG7mWUwYRS1Utait1+sYB1UBLIjdHXIMQRiSADP0Pee4fXD/wf27d0yzSgKJmruh36Ruk4d17Dde+9xebNenQ38+DC9UukKOU8kqaqrMRQBSyhc7LpZdPUBNtBC9xxBvkE1HbZ1Q06ShG7f2Zq4fLh557SRlVTB1hl7BGRbrzGwQETO6chIHxgVO75s/xrBfTY/EJkK1jbb2DDRKlQ79MIq3qjBfk2M2Ahh3BBhkYU5piAmQCjTBUxiGoe1jEtk7OJ7M5s10un9wcHB4cHLzKHiXc0yx365Xojx0Xde16ClUlZputpuuH7QY0IPZiCVTEctqIiZiiTWm3Cfph9jH1MXUxdQPeYgZ0Hd9yixJ2Fc1EpH3zjlEKFmDmSEZIQYfEDEEP5nMFovldD4HMEeEJbkAa5pJCJCFgwfnQQS2WwHsU4opxmJaNaqpjeW6yQh4fcWReaWZ/wrgrrlMDwmREAlTzsyScmaxlDkmjayJtWoaZji7XJ+erfokmz4mtmz+ct0+evz8+ammDCygAEaggEkli8ScWZQoEFAIRUOAdEfzQ0f2irAzIu3V0AAZSIHEQAyzWFZjtazQDnG9bds+TeZLBcqKiW3d9n3M3aDpSotzN3QvDXb6/5P2HzG2bWl6IPb/y213bJzwcf199/n0WVVZJpus7iLBIoFujhrdgnogQGgDQhA0UWsigNJM0EzQrKGxeiIBbJmWBDRJNckis6qyKrOef9fHdWGP23a5f2mw9okb72VmqSjte/BwXsSJE7HP3utfv/kMAmcYZ2iMg+RMcMEYSClEJJwAcMaKIi/yYnu2vT3b+ulPf7q1tRW1Gsuymk6naZpKKbXWs9lM5IOBSFRaZAc3Dr/+6uvL+WVZrQ7FLS4FYxLBH+1s/eTH3717sf7066cPn7548Xz1Kqzef3f3EvHG7nR/bytTiXfucj7/p//sn33845+Mtg9uHNyY7OzWZSUYVwpFIkEk4IMnWXdwelm9eHMxny/eeeed2d6RNrSuyq+/flwMlNYGYyYNwBn6EEAAWfAGHMHjR6vTk/OLi0UqXCoQeMiUTAUjZ6wuybdPLpbojbdt09ZpJpRMmZBAnnzwFrwPBAJBBmB4pXcKcL0bSW+9Z0JAYECBkIWoquHIw3A2HA6QzNLV56QbzyQFCcgReJQ1QLQSnUMNQIQcIUcxkukR8W1SU8aTjmRAFpACdwhQrStAG0/ZkweASAvpSc9IEJgDhwTEAiOwnhKVZcXY+qCbxvlgjF+sV4IrIYVQqbVWKbW9vT0cT5Fz3bRNt67LZVeuq3Lhu9YFkkohC4yxLMvyvFitVrrzyIxjDLmIFyCEQMiiAo4PaDQZZ4kgdrEYZzy6+FYGkQOTWZECYmDIOEJAppJoluG8c1Y470IIKkkEY0mSZGkqpMxUEtvy1jpyzlrHMCQpt7ouBgkDqmr76pVGhDzNyrJE4F555R1DCcxwwblMemjDdZockfMuzp5DCJGf6D0RkHPBO2esjRWl0c46Fw12ZZKsm/bx85cB2GznwNTm5OzC+pAVg1evXtc11BY8wDQFCAA+kA/KgScvCLzXREvJpRAJZwwRGedZliFjkddIEJwnABYz0ij24SEiGpgjiH1R55y2br1eN23LkJetJfKOgDxYYg44CGREId4ovbsaY7HmZLH/GRgDwaMpKUtThQxt1zLGnPdb0yk5nyfpew8e/L2/9/eSJHnz+nXdNMPhcGdnRwqhpPLGHu4fzC8v+f/0P/gd8gSAjLE0S4UQ3ofFfB6iRBqAMWZrPCmKZH93d3drsjPLvSnrqhQcTk/faK2to8AFl2nZGAIxne1s7+wH4D//+V9+8cVnN44ORQhMKmDStS1jIiuGs909IeR4MnaW3rx5EzBo3Rqj0yT1vWIK+A1NlnMQHKLdc1Ov3nv3nVQh+RbBQLAsWATDmUVo1suTpj5brV6bbr24vHDWMATB0WotEDjnLIAPGDZmYD2HG661ITe2y5uuZJxcAiOAQCrBm3d2hiO2ujxmqxPmOgLhUPogQ+AQEMCz0AGzAXTgEEBxOVXqCJMDl8xIDQJXFNAFJHKWtHMdY73dVkTueediAx562cO4/fSiQpEAEhAC9SMv74m8CwGUVHk+GE+2BsPhzu7eeDJNs5zAO6dtp61pyZk8TaQSknMhuTGaiCJp6eLiwphgbYQk9uWWc2SsN85p47R1zgMBZ1yhUFxIZAKYQuDIJIAQUgDnjCPjKCT2lUSkkgCGqIqIiAiJSpIkSdNUKdWTDYTgb72cApETLJpvBWTkLHD0QiACY4zFwYV33noKBH2FeA2p2TcR4uJ3ZOgK3+2MI+us6eGG8aTIOu8sdcZq7RbLtdZeJFk2nLw5W785X1yuul5ajlkAAIAASURBVKppLlahIbCxt+mifSIGhCjAEnGN3pP3EIic99Za71yPntkIBRAFR9674Ig8gY+VGqENwThvjNfGa+fXZVtrE5B7AGu9cUEbr52zlowPzntPCExAz4uAgIDIGALnvd+N5FwJLqWMHDLB+OHBvnVuf2/vwYN3P/roo48/+ujDDz9cr1Z3796VSn34wQdd13311VdKKef9mzcnIZBzjv+jv/8jAOSMSSm993leZGmqrdcUGq2Xy3VbN0qACC6XMEjk7f2dDx/cG2RJ1zZd1y3LerFaBZTEk9b6qumI4N6D9y7myzevT8aj4f7OdrlYdOsyH09klmUikUqpJHvnnQdCqDTLhuPRbHurKIqqKs8vLvteEWfQr12AmC+BQsDzs9XR4Wy2MyLqQjDkm+ANURt8h8F503nnbGtdZ9fLddc29bry2jrrkEgiR8Y6HWuJjbxhHNltHhCCj/jhDdUFgkXvAwEFO55mh7dmyJrq8li0l5yMh9SDBEwoIAbHwSAYQI08BBRczJQ8EuIOiH2XFk4IT94DeXA+GKKOyECIKlKhl6PxfqN4GJ02IxIcegYYkdGdFDyQN9oEDEZrR85777xP82I62RqOJluz7TTLKFDTtUZ35DUELyVPEsUREQIyqOvKWiuVUomqqtq6LlDgrHdtZRw459psnGeBBy4ZT5iUyBhwHpAzlIgCUDDOA0MuuFBCKMY5ci44Ks4lZ6KX5EKISLDxcJgmSZZlaZIILq4ISJHyxBlyBkIwCg4hpIng6KUEouCBAePekydvIssrqg370E9YI8Hbe2Otts46b7111sdxQOes8c4Yr23sLJDzFB1CO2Pb1jRtt143IQTGlA/80fHJsqHaQmdCDApsI0RvXZR4BMZllI4KFMgH76g3S+tR+EAUnL/62yJ3LdjYxPHgfAwoWNWdNrbTujO+ahtA5iI1w3prg/Hee7QBPEXxK9HPPhkDgGhuymOyhsgABOdKCskRgIaDwcHBPgf87R//1t//4z/O0vTj73ycpum/+pM/ybKMMRZNsbM0nU6nOzs7CFBWVZZl88WC/+d/7/uMMSmlkso5NxyOs2IgklSqrNNmMV+U5aqrSnBGAAwz5bX2zpydvWGMD4fDqqrKytemKUvdGWeNq5uuM/b2zZt379y+eevQG/3o64ePHz1izm8dHsYz6LRJVMq5CCHMZrM8z/f2dq0z1nbWWgwYh9UBIQQQAhgTAApBKBWc6z7+8B0kC8FCsOA9OeuN8c5LxgUTDBACrFYlGTLa6NbUdROx+QRgPLhe48WG4Hw/DIuPHlgTzfL6rIFMIGKeIJh7dw8kN7o9464M1ZoH5jHzqAAFBGToGDgAgwgBFeGIZ4egjkAeWjn0krsoVk1E3hLZGI2gd2SKc9LYDMSrDKYXHqDN6NVbY1pAhECBAiK0XQsEAYPRZjAc5EUxmYwHwyHjXFvd1JX3NgRSkkkpndHOGWdM77niPRecCyGEdNYJwYUQWZLKRCVKykRaMlwKJlPkKXBFyBmTEJlvAIzLPk9g8T2EkJyJ6N3HBU/iRCM2MK7W/3A4VEqlaZpIJURvNiI5t9YiBoYEAEpxYzuEkOep4ixLMo+i7XRgzFEvpmxcZMl4RxA3//hwzlvrjImwBW+cM9Zp6zrvrPPaeGNtnH8F4AF4AGE11XXdth2RR+TWw6rWZ2tNgnPOwttlCIiADHwA5wFYEEJuZII2jspwZVQQQkAXmzWOYnToO7ievAtE4BxZT45CWbda+87YzlhCtC5o46wD68FHJcOIngIGkZyOkZ0RkAWOjDNgGCKEgjMuBVNSMAQhxf7+/gfvf/DDH3x/PJ588MEHBwcHs+1tzvnu7u7f/+M/RsQH774rlVqtVvPLy9Vq1WmdKLVcrl6/fs3/4fePiAL50Lad96S11sYBQyHleDgajwdSyPn5Sb0uddca6wKAtWY6nozHo63pdGs6zTPsOn1xuqor3XWmaZvFYk5kZ7PReFgoKfM8G46Go9Hwq08/K9I0H48zlWqtkTHJJZFblysp+c7O9nA4MNZ2pmu6rhgMgDxnwARjKBlkHITksFqcH+7PhrlKFGubxhijW60737VWd9Zah0yqJDetreq2bUzbaqfJaq+NdR6YUiGQ885o7ayJdWggwkC4kZWnTbrCgve+E2C1bj5+/96NO7uKVq58US3eAAgPGWEaQISAAIGBo2AYEgVBsGVxF/PbLtk22dApTuBZIAohJrpEARxFgyYiMsZaa72PslQb7eZAsbmNIRB55z15u3HuJWDAgDPGrTVAUNc1EVlPVcTMmNZo3XU1A/DetE3d1FUgr7u27dqyLmNXjzPOkQnOnbNGdxCASxW3IMYZE8r6YDyzDplMgClAhkwAIGOcc8m5YJwzzoWUQkqVpJJLxgRnQoiUIccQnNEbd+uQJsnB3uGwGI5G40ExHBXFcDCcjKbTyVaqlJTCe4+MlGR5kWVFIgVXXC6Xa5EUDnkXqwAyiAxAGuvbTjedrpu27bqm7eqm1VElxvvW2E5bY71xZCl0zmvjtHHG+gAsAKMA1oXFXC8u1+tq3WqrlESU3rO6oZV2NjBHwRGEK+kmBKI+dzAWskwhQEAWABGQfLDkQkRDRvUPwA1CxFvvnSPjyDnvA3gXnAdjbNtpa6GL+m3aaGO9C9YR9Gjc2EwIDBEhcIaIwIAYC4IFgcQwMCQphZAsTxLBEMgRhcODvffff+9v/cFPZ1tbSZLs7u1maZZl2fZsezqZ3rp5EwLUVXlxfnF2eto2zWq5jP35h18/NFpXZcl/NHXOWqlUmqZN2yIiBaC+mwtZko5GAwhU13Vd103baWO1NjJR0/GICSYlG47yne1tjtIae3p29urVCQW7WMwZwzu3bnEuGaJKpDHaWMu5GAwKlg8EkXNOMOQcP/30k7/4i58jwh/+4d++eeNWURQI2HU6mqAgIqIgzxkAokVwgtOt2ze8N5xzcp48OAfeB++scxHh6xFl17lOeyKsm44CcxQ8gSFy3iPQhp0dr13852JKHwt88ATkGHOSh0Gm7t0+TDKA6qRevzRtxVhOmCImgCoOlRF9AAchAGQeZ47PWHFo1cgr5WOn3ntnbRwBRJOUSAQn30vSkt+oSgTqqeFXLhhEPkRAef+S6K0aZ4zOe+uc977ThiBqALIQnLWWcyBnyRlyxjvTNm1Vl13X0lv1Koq4QG+ssx6jGSaGgICcGR+sAxcEZwoYZ0xwxgFQxEEd5wgoBBdCSqmEUpxzJjhniiEPAVxkiIZA3iNjaZqOh6P4aiGE6BnCnDGWZ6lSMstSKbmSPElFkqg0UcFYrX1lfOuAmPAQrDPaWALhiDkKETgUreZ8HOhzYZwzzmlL1gdDwVKEkXltyVoKgTsfOm3LsluXtqm19S0ACKmUTMiJdWsaT54JCqGXmkMWh5ERNRBrPsExjpmjmRljIgQMUY8QkQB9CNGR1UXCnw/WB+fJ+mA9ddZ22nbGdsZoHfsj5HpEF1yFBtjwHTiEno2BgBiV0wNiQATOUTCYjEaDPHvw4MHv/+7v/MEf/O6tW7fI+f2D/R/84AeHh4c7OzuDweDy8tJ733V6vV4DYJ7nX3755XK5RMSf/exnxhilVCSn8P/l//DvnpycPn3y5PJy7r2TQgQMgXycp8dxT+yZ13XrATuj66bVXcuFSITMs2Q6HaeJmE5yKYKntmtdp5vVctU2RoikKApgCCxwLk7PTz/55JM8L7aGQ6YygWC9ZYIJjvv7e7PZlrH61q3b0+l0Mt1qmqZcl846ot6OOiAhekB/ej5/573b48lUG+tsiP7S3lnfE9298z4vBlVnq844D8tVZSw4YNoRheCM67Txzjrj+3ZVhEe6XrfEvS0QDbkmeJ3n8u6tfeartjzruoXznvEcMANUBByARRJxgOBBeEg9n1o2kINtJgeBKwJA77wz5Ak2wnP99b/qNoZv2tFeH5z0sPvYDaHN0CriQLw2utOdcTZONbgQjHMppZQSMQSIEdN450zXVXXVdS1AuC5jE8XFI2raUwgYkBMwEDLRlowBH5gQGTDONuplvdI3IhNcCKGkjHkDFxy5YJwTAREZY4zWyBgRSSkHg8FwMJJCJkkiOO+nkCFKuYEUPM9SlQiGIUllDA2609r6V5dVZZwB8FH2GbizYJ031nkKHjA+pwA2BC5lZ0zTWu2d9d54b503jiJkgALX2rSdXpfV5eXKWrBOA/cBgkpEng+MCau66Qj8hlaDm/jQ0+sQAgBD8M5Hwj95HyBi0ARh5E3EAhVjF8tT5M8ERxDBTtbazlhjXGeMMdZ6st5vDG6iqtXmAQEhWj0HjoxD5GoBA+AIUkKepePRYDrdenD3zvvvvvv97333+9//3g+///2qXNVV9f77700GY+9cXVVNVa/K9Wg0HAwGIYQImv7lL3/59ddf7+3tDQaDTz/9tG3b4XCIiPz/8L/6Rw/u3UfGnjx5PJ/PORdCikgsjwcinp5fqiTNBwOlpCfsuk53HWIYFAXjDIIlMmnKi1zNZqPhKNFNt1iuF/PFi+OXaZKlWSoEl5IdH78IgHfu3Xv95s0oL2SeC0bOmclocHR0KAR/+eqFcz7LsiIfcMbXq1Wnrd9AyAADAgGSNpBkePPWzbpsouBbXNfWexchxwRCpgS87azzYbmqrScTL5Un7Zwx1sWK1DoXZcO9d87HOcBmfEiBdFMu0wQHGS9yENBovbC+ts4JPgaWEsgQRACMfE8CtKQcG3ox9nysihmI3AMjH8hp2uhH+Lcu7AC9LHYI8Wa6Cg6/Ghoo2jcBRNpJiCHbeUfW2aauvfcykXk+UIksBsWgyFUirDWxBHfeVtVadx1AYByd8326RFTXNUPGOYdAndYUc2SGTChH4CxzLogkY4zHuKCU4pxHxQ/BORdCciGEFEqyfjbBrbERgWutBQDGeZqmRVGkSSqEUEpxLnoQ9NvlFpCBFMw5wwVyzgRnbdd1xj4/aVsftI8dGgiBhSCNI2298eQC+gAewDjywJAL40LbWePJUcQLoAMMwAhZAL4um3XVXC5W68oLwQMLwMlDUEqoNNMOVrU2FHzY6K1cY2VcPffRxcP33gU+BEQOjAEXAcAHJEAPMXdAF6KhO3oKltB50pa0ta2z1nnrfg1DLGyEoRjjka7NomR9AIbAERiCEjAYZNOtyfb27uH+7g+/+/0f/fgHR4dHk8mkbZqdne2Pv/Px5cXlzvZuoOC8984JJZNEnZ2df/LJJ8+fP5vP5977xWLhvX/69Onp6WkIYX9/HwD4f/kf/mGxvXP73r37d+9Z7+eL5fNnx9Y460zXdXmef/HFF9s7u1vT6XA0UioJFFKVBKL1clVVddfWgjOlOAMvFcsyNSgGKpHDQVGW61cvXj578mS6tSU43rxx4+bhjfFkMhqOrXMPv3q4M5sqqS4vz1+8Pl5Xq5PTk08//3RxeVmVlZTJ7s5ekRVKKSVEomTkShujPYHkYE37k9/5SZrmTVXHSae1vum6rtOtdda5utZl3ToHFFgE6hjjAnDnwREACutCrEsRWUAkghhfoj6Uj4GeXIL0/rt33n9wS/BO1+dNe9m2JQJnckiQESYE0gdOAMQooNKUEZ+wZCcd7IEcEyhP4Lzz5Hoje+qByFcD08igINrMbXu0zjduk0BRiZpcHIfF7cxHLKDTxlR1Q4GyPB8OB1mW5FmaJCpRymgd+jGak0IkacIFJwByjvqWnuUIy+U8USpNs6qsAnlkhBxRCArce865YigBGDKM6YHgvGfqMCY451JwwXujKgAEcM7ZTjvrIASGTApR5AV5SlQqpUyUElLGxWet9d5PxmOVSCGEkGxQZBh8U1fL5QIQX51dvLrwpxVYH6zzROAcAgoCzmUSgLuA1gMF7gMzLtSNWdetIwhMEXDtqLPOB143elU2F/PFYlGt1k3VQGeBMSaUAAFJJoFznmQyG51fro0LEFgIgNADBjaPyInuZxYE4AicA+fIWeN9CAFFkkcmQQDuA/OBEXAC5gmMD521TWdaYztrjfce0EdiGG5mOYjAYssTBaLgTDBIlFQClWJKMA4kBe7vb29vTX/7t37rgw8/GBTFg/v3H7zz4N6du/sHB2maOWum0y2y9s7t29PpVp5lX3zxxfPnz//q07968+bNX/7lX/6zf/bPrjiHRFRV1Ww2S5N8Z3vnwYN3vSOxXCzbpt062N89OPyD38+OX7w4Pn5+enKqtS6K4l//yb8+ODxo23Y2mwGAs3ZrutWmTZZnk2Zyfjmvqnq9XmZ5urM7SfN8OhxOJkomYrxqxpNsvm5PTpf/zf/5v/7P/ot/9Ojrr+7deydXEsgP8yK/d+/NycnO1mQymUjFqmqRZen29vZiMddt17UuzbLd3d3IL1ytFlmerNfrskKtNUO0luaL5sbR/vxypbu2rdfed4x5DoGCwQBIwRMFSwDgURBEJI/oDHHvrAEhOAAhovVdD/nveXt0JcvDgxtxkpylKdjOtr4mpwEpMASmEBQRD8iBBQIV0HlkIMcs3VbFrlBjYsoSGOcCeMBA0OtHREvV6/TAPl58A9X3dq9CjzF29AK3GzfnmIkDAECkWjEerW422B8A4tgbLsbfEn87eULkAI6+6eMEQEkivfYEtKlve1ul3oU9dhw5x42uYa8WFoXM/Fvxeuxl/lEI6b0XQsREyfdeEsAQpZQhBKWU98Q5Y4BcMEThTNMy7j1FsdZlrcsOGEDdQWdBdzZVvulckiRJ4qSUIQqWsYDIkDPGmfUIPgRrPXlnnSXnfVd3bds0xjhngRz4AAGgdYaRSDh6BgGhMRpREfbqXptT+zWk7+veUh4gEJAB402rvXZBKaWkQoZX15RC8M63tnV9wxk3Vzkgw7c55EZujMcPHwOPknnkEAEoMAajcTEdj77/ve999J3vPD9+oTv9ox/88M7t2zcOj6bjsSPquvbg4EBKKdjg888/Z0zu7+0xzi7nl19//fCjjz6qquru3btd1ymlvPfPnj9LVPLRRx/dv58BwGK+ePHiWDx59pQLsTW/PDg8FIm8def2jVs3X7x48Ytf/EVnzf379+eL+bpqOOez2cx5zzjL8yLL8jZtXIC6qppqXa9r2+nxdLS1g8VwNBkImSSjLT5eSgahqs3/7f/yf/rb/+6/V2RJMZy22hbD8cmrNy9fvvzo4w9u37mR37yxvTgv1/Ou6z744MPTk/OT01PTGOAiKwbb29tcoJIwKGRT58tyvZiv0nxYt8YFLrMBIncE4CQG612ntbGmC54QEQiRQkAZ9ewDMgjMeXCeHCHnGILz2nnwnDHG+cYCtxcvkcGhBBZApdI0nTOVdzUD4CiRCwKJKAKwvgOPIqDi+SgpZkKOA0sdMef8hiAVPLngf6PoyK89wgYwdP2xWXu9UEEUvudSAkBsMfzK3Uv9nem8c9Zaco58CMB4QBt/S+RqA/B8ONDkKdgrp7W3UvQAnPW03rchYKMNEjaF0fW/n3MuhACAWL5ufhcjZHH6Gc9EUAAKScKThMtErNdOIAPvrTEOmUrlcGBLC8GBIyg1dIaqRiulkySRUsR4lSQJYYQAobUuhBC9Ioyz1jprXGticQNRsCteiaYLSU4JQ8LAGNZdy0AA+4ap3PX/CW9PvLcjCRu8AwE4H4x3xlUiXgkhruTCYpvZeOOJAvQR9zqLPBqvIsNoxoUYGADH3lbVmJANxHQyGQ2Le3du/+2f/sFkMnn24qUS/Ld//Hs/+clPYqYrBCqmnOm2t7eNMU1TLcv1X/7FLw8PDxljL169evr00c1bR0eH+7du3vSetrdnx8fHuqmVVNZaH3C1Wp2dnX799df8O1NLIbS6W5el1YYhFkU+Go1u3jxijCOC0ebl69da67ZtnXPWOETgQkghrXNCiCRRCHh5uTDadp0NARxZwVmepUmaTMfbFOD1qxfranV4uM8FW5eVUkmSJIjs5s2bi/l8OByiEslgCERJUgipRoORD362vcMZ25ps7e1sC06JFJxDorLt/b39/aOA7KuvH1nr20475wPAoCjIQ2ec1s4ROsKo+eQ8GesCMqHSADyq7obI4gJmTJwmovfBO3CWnCVrydngrB0m7L17B9tT1a5PTbsA7zgTyLIgRoQJESdifUMfwEOajW+KZAYssx6tJ+eiDZyPxSZu7JV7ebKNoHA/FX+7rHoRoM1t9VZ4oK8mNpgH8lF5wFrrGEKWqaIoQqAsS5MkFUKaruv1S8jrrovYm3hvA5B3vetz1zZSyahB4r33wQQIAYX3zFjwhFwkyITg/Mrw5yprYKwn9r1dBkTY20CzwWAwnU4Gg0GapuPRtOusUkopyQWTUjIGKIBx5ECKszxXacqdbbu2XC3Py6byBGk+JAZlbYAxRA6AloIO0DnoOt8ZW7e6M844IsKLy0Vdd6uyLqu6rnXZtFWlq8a1hqzvF/B1F10CEAKFFFGpva4tEWuNNcYhMGBXfZBfDQ7fOK7eNgD4ANb7zkTalzNRdNdFwY0+L7geFKLpZqwnWOj5UQyBB+AbqNXB/tY7d+/98Iff/60f/fD9B+/u7e03TTsaDj/66KOD/f2HDx8u5gvvXJKkjLGyLF+9enV6evpnf/anZVWenJyW5Xo0GsVbqciLrekUkeV5LgR3znGuJtMpY3j84uVisVyv18vlkv/v/xf/4zcnp8+PXyipisEQkSNHYExyURTDvMjSLHvz8vXjR4/OT8+AQlYUrKfaQpqkiVIIEa+tnIP5YnV5ueIhCR4Fk0okCHw0Gkwmg8Xi4uz0ZDoZ13V5+/btEDDLMikT673tWm+sZDzZ2QeGpm7brpMqQcan0y3OhZJsf29rb3cLgC9WywACudDGN2336KuHx8+Ol8s5AotUd++xajsI3DrfGtN11ljXGGsIgMnOWO36OZbru2CJ92yxqLvOEXHnmHM8PsC7P/yDH/74+/e78iTYyjQrFoAxxeWI2NCDAhAUIIAIwAIlHnKeH3ReWRtcj7S0gRyAj3YycQp5rdfQ87o2XwGI8qoQenWgACH0+OU+wY0bjO9drEMIzntnnTGaI2RZkhfK6tZoMxqOJJfWmQjyBEAuJBeCcQmIDBj1PVcnBCMI2mrkvKxqguC9DhAocEfMWiQUyKSIxgpEsTbe6KNGuD6PjDuMyubIEJmUUikFAGmapWmapvlwMEqyNASq61Jrw0QA9EIgh8C8Gw+TNJUQbNMsXr18eHH5ynnrifkghcwCiuW68QE9gbuSh42lPoG21HZmXTWd9p12xpK1wTpy/ccGsfbqy/kAV7JfAaAzVNfWWri8rKrKrdetjoBH3Cx2vHoGV9ppsefwNom41jhEBojAWG+ScfVgGHqyA2Jc/xwDB2AIDEHihkC5iQtKiSxLdmfbP/jed37rRz/e3poOioKFsLW1NZ3MppOtd999sLuz++mnn3z+6WfeudFkK8vzz7/4/JNPP72YX17ML1++eFlV9Xg83N3dmU0nN2/cWK1Wi+Xi3XceDAaDTz75K611q+26LIVQl4vler1arlfHL169fnPC/3f/+H/y0YcfbU2mDx89fvnqtdZdPE/nPWcsz/LhcDAZT4eDQVmWL1++7IzRWoeNZTJjPM/zLC0AuJRKqiwErOpOd65ttDOeCBnDvMimk3Fdr+uuIt9lqRoPtxAlY9haEwJBQK21LisBvKrL5Xx5enYipRwWxaAolJJKMJVIpRIh0rOLeadN22prDSICeatNWVV1VdeNaZrWe7CbhrAnKKtqXdattkQgZBIYD8hCj113beecJQI0xq/Lpqq7trWddm1ndVdNh3xSsNEA1/PXSAaRcT5gYkByBJBB4Bi5VUEG4h4zUFMbBG3ID9C76fabygZ/sBmAbBj83jvaUAtDiFhHuOJP9PIEUQcRAvRZRoSqRTav020bICQpz7JUd42zNs8HUiqKFMXYOeu3+hAVlnqHCfLGubqtjdUBUGtD3hN6RAYoYmgIxAA4RP2yOG9kjPeqDZvQwDn0IBTc2LT0h1JKSsm5UFJJLoRgiVQIFMgyBIYhkTBMlWTB265t1uX6cr44q+vSe3IkERXjiUryV2/mhiASpcNmNV496Jtb91Vq4ANQ+EZVcL2riJHUGkAbH737AuuJS9eLpms/++uzB7r+yrc68td/NrD+ffsvsUCM9XmBCMB6FRamOFdSJFJMJ6O7t27/we/95I/+8N+9devGraMbd+/ceu+99/b3D7dns+FomGX5YjGv6urmjZve+08+/fTrhw/Lcv3w4SNr7d7urlSKM3ZychqApJTI2XgyHg0nnTb/5k/+zSd/9alx/vz8/C9+8VcBwuvXrx4/e/r02dMXxy+fna35P/7P/0OgMCiK+/ffWa3WT548efT4ESDTxhIFxhlnfDQe7x3sz3a2R+PRixevmrap6zpRyhgXaCOoLSWXIklSoZR1Tmu9XtZdZ7RxjjxDxhlwCeX6Yl2eMoTxeB+IZYM8gvAePXz44vmx1ubo1p28KNJEhQDT6dZ4NMnShCEKwbhQ3oO1VluHwCK5BgGyJIFATd2s1qv1upovV1VTU0DnvScgolVZNU1rnUdE5FxIFbErxlprXGciFM21umvattXaOReNw5yxb15c3NxPD3YKZ9fBdYwJrgYoRyBHwBMmFOdKG49MIlPAM03CEgaijTGm782mMZoqu28VFJtClELYKDMAxtl4gB5Nc6VaCSxa8Uaz5g0oypN3XnctYMgTWWRZ2zZlWSVJNiiGgnOIOowYKbt9L9w664mMs9bZtq2rtuyMJvKdtgGR8SAEp8CcR+eY80AefU9LA2QY4Up9AOA8zjKvGpacb77KOedcMq6UFEwoKeJwXggmOA7SRAlIOBapzFJZ1av54rxuVnVdVVXZaW0tehKESWACRfL85ZkNYDcEk/A3e7xdySHiEr4pEtdjBzarub8EvzE0vH3bHgp1NVn4TaEhJhoQrQlZiJSoEIMCR+RXWq5xS7YhT8RstrW/u7O/t/fjH//w448+RiQMYTqdmlZ/+cVXy+WqquvRaJSmKefi4ODw9OTME/35z//i1cuXFxcXr16/2ts/3N7d5VwKoVSqxuNJVgy4kFVVJ2lRVtXLF6+eHx+XTfvi5cvnL17WTfvm5PT05PT8sq0MOQD+P/r3vic4zweDNM8fvPfe/fvvCCk//fzTuqq00c5aT5RIRUSMsTTLbty4KYRYLpavX59E4l9E7VjnOecqzaSUFAJDxhjvtOtaY6wzujOmC8FkqSQyi/myyKdNa6eT4SAvzk7e/Mmf/KunTx5vTSZ72zOV5ypNBUOlkixJI2CGQhBCAmfG2DRR48lECcEgVKt1kWdZmgJAXTdN087n9bpsW91oYyNVwFjbttpTQM7JU1pkUfDCaOvIWuej8bu3DgL0dzj2cX1vxv/47/w7oyIwbJxpuEhBjIEPQQ1B5gFFQGkdeBSOwKPwmIXAA4V+6VLv1hsVRWL5sDGM3XQTenonBoBAUfKpv9UIQ69UGa6GZr2mYK9VTUTeG2eatmEIWSqLIq+bqlxXeTYYDkdKZXEA3ws+9BAJip4DzhnnbNlUXVdba0IIRIiIUiJjnAiNA2vRGKLAvA+AGEIQMioyvM0O+gwihBCiBFSUJmWcM8FEAJBMcCYSqTCq0wBxRoMiyRM+HOZZwjmj+cXp2cVJXZdaa2u996HryBP3KAllYOLp8zMLEEsj/A01/19//KoDNbxd1Pitr/x1P/XXv/83QwMiRsmNCKiO0SkK+POrmBLiyBImo8Htm7e++/F3vve9733/B9872N2THJ3zQMFam6XpzZu3bty6KbgQUpyfnb96+eqLL79ou9YYc3B4cHBw0DTd1tbszr07SqqyLLM8GwyGAbBu2uVq/eTps7Pzi08//+LJs2fA5HJZLsvaeVosy7rVBCAF5CkjG/h//Le+4yKYk4iMS7P0xo3D27dud11zeXH5/NnT+XxuOjcohmmaAjBv7KAoxqORFPLl8UsEsN61TROQtW3ryBWDQZalWZYLLoUQnHFn7Wq1LNeryXjoyDEuyOPF2eL16xeDorh548Ba84tf/Lxcr/MsBfLBWoVYTLc4gTGOKEiluJSExJCNR8PhcHi4tzMZD5TgXdtG9eLItAFELlhgZJ1vO621IwhE0BkXQuBCLZarQVHkxcB0RrdN1+myqcrGKMH65cdQSImMOe+9CzuTwW/96OMsbbVZKImjyWwwuSnSGc/GjinPOIFwgTvgHrgLkoJAEGHjQE8hWIpzyYidBwrgov3WRkGUeulhCAEo9B3NEHBDR4xf2ciXhataI0SXJ+fJGdPWdSC/u78tpGib2jqvZDKeTNM02TQwYyHjyQdPpLV1znjvrDWtbo3pPHnnguzRlJEBjcaB1kFb32knhFRJMhoN6W1RzRgTDDnnHCLxB1nMKVKpJBdRpzQCr2NFLThD9AheCdDNWinGube6ubw8q8plU5Zt3TgftDbWhM54bUGlA64y4zAIcbkqXQAuZCCP//bH2zDwzZbBN1+ECL/mp35tILj2Q+Fq2cdGAyJEqnm8jFHhijFIpeSMhUCIIDjjgjMAIfhoMNje3vpbf/DTH/7oB/fv3tnZng2LQZ7n5N3W1vTmjRs72zvPnz179Ojhn/35nz969Gg4HC6Xy+PnL7wn5Jxz6ZyXSj147/00ywCwrOvlqpRKnZ6fn59fLlar+XJZltXz45cvXr2aL8tVWVVtp40xtqfYUoAo6sUZ8P/gx/devXr54MG7g0HhrI2ObcPRcGe2oxIZfFiuludn54JzKRWRZ8iUUsPhcHu2k2X5mzdvXr1+zTm31iVJAgwvLs4Z44LLwXCYpolKBAI5Z43RMcoE4oJLRL64XDDO66YGhNlkPJ1MHn395UcffzgcDhOlpJBsPBFJItNEcKG19iFEPUcIxBAUF5wx7zwFX9dNZw0CE4lknAfGABkh65zttC3LdrGisgnGmiwVg8FAcsYly/NcKsUVV5ILztMkSdM0SRJA2LBqgxJ4uD+azUKgtZCQZAOhdhwbksg8UyFwF5gHbon7gC5wxIQFHseBV62DTclwRYjw16YR7Bpinl2b/sWcOf67di+GsKFUEPmNdpV1RhuVytnWmIJvqkZ3XVEMt7d3kmQTGgJZayOBo5dFtNGu0bS6tdaSJ0SUQjHGuEREJELn0Tk0loRIhVJSyQjP6wsiAM7Fph3ZryHOeyJvbEBwZPxq9TibZYoDMXCcU6pYrjiQ0V3dNOu6Xldl1XWai6RrTVW1y1XJZYZcGR8q7c4uV6uq8wDIOIR/uzHwr+7tb6EZf4Mo8Dc43mYxVxXGVVwAAMEYYkACY6N3GkgEpYSUajIe37l9+9atm+Px6O7tO/fv39/a2uq6jjF2584dCOHlyxePvn74xWefnZ6eJknCkQWAwWAAAYpiWORFmmdJkkbss0qS9Xp9en6+Wq+fv3yxWq911/3VLz/59PMvlqv1X/7il8evX88XS617SkEURgnX0qT4x/M9mlOAvf2D1XIVhS6ZYMEHocSgGG7vbCcy0UZ//sUXp+dnkkvOmBAiy7JEpcbYyWQyGo3W6/L07Cx+PFIIbSyRp+Ck4DIRQiCXzBEZ47TxbeOcRc7ler02WpfrVVWubx4dvvPO3bZtbt+6nec5lwqRcS6AM5AJcO6NpwC984v33jnJeZHneV4MhoOArOk6bY2QSiYKOGNMIueMcR+C9r614AGkAB5IMkIMAMQYWGe0tdY5FpgUMknSPC+apo1zASCy2nPe3L83YazOM5mmI57OPC+CzAIKjxIZ7zRR4J7QB4FMxKwxbKraDYjlemiga6HhysAeaNN6iIqQMXu43lpDeBsaKIoExPmldYFoOCom41HbtlW5jiKoe3v7QogQRxp9aIhiq26jp+qsMZ3prDWRsiW4YBhPAgMKH7hz6Bzk+ZBLyaKdHALbIJ04j8YGHJFFEfnI0M6SlDMuIwIJgTGmBGMcs0RgIETPWZiMB5KD0W1ZXlblslyvFutV3XRdq8u6a1rdtNaHoF1Y1vpiXp7Pl52DgBgJ6b929/7rc4Tf9N1If/tNL/6NweA3UF6u5h8MEOLcoXf6Bo6YKp4oPpuOp7Pp/vbO/t7ezZs3d3Z3P3j/vd///d/fjsfW7OjoCIB++Ve/+Is//7mUTEqRJurWjaPxaIScQSDOWJ6lWZFLqQIAkW+7rtPaOPvmzcmXXz1s6vblq1eXl/OLi8uHj56cnJw1uju5WDfG+9hwBfQUNpOXt9GhDw3/8//kHxDR8fGxJ2rq2jtinEWjeUAUnOVF8eEHHw6KYl2Wr1+99OSBghCCMyEkHwyGxXAgpRyMxlVdzxdzCgGRkSfnDAWPjFCgEEJImaiUgWwbs1iuVstVABKCrVeL9WpRZOmHH7x3986dQC7JCs4QAnhtrbakbZyQUyDnHThK08Q7JzifbG3t7OyMt6b5IA8hVE3tnJVKCKGEkPGmBS6sc+Q955CmwrTUNcaTBRRtY1ZVu143ZdkFYMQ4ExKFqrV2AW0AF6BqKED9g+/fTIUZ5lmaTzDb9ViAyh1IQEbEmtY6Qu+RiCHwiK73b8WjrhSleizAldcmBHb9RRTR0NHanTZdiGsvAOyR1hGJQdGwj8hZhxAGw2I8GqzXq7qqnKPpZLq3fyA4p9BL8jpnr7wVo6qqJ+uca9vWOUNEHJExwTmTAgOAI/TErEUXICtGDPlGrPLtftsbKW6yBtZLErI0SWO7ARlwZIIhF5hIxhGQeUDDud2apoimaVer9bKqu6ruyrJtO3c5r7R2nClkYlF1tQ2Lsj1fNOsOCAD6ZRzwW82/vzZH+Fa+8HYVM3Y9Cvwql+Fverzdc99qt0b5rl7JBiB4yNJkNp3Mtrdv3rx5Y//g5q1bN27cuHfv3oN792/cuDHIi8ODw9lsS3f6+PhYKfn69evj50+dse++88AYLaRMsizLlHMmBJ8PhlIqZ33btW3brdfrcr2u6urFixfPnj8XQiwWy8Vi/fTp89ZoQDDGJalSgoVoiUAbs7040MVvhob/+r/639zY3a3K8vj4uK2bdblu6rrTrXeWiOLUejQYTcfT7dk2AHv58tVitSqrGhATpaQQQomiGKhE5XnmKSwWi6ZrjNWeyDodExalkkRmKkmTLFUpl4no2qZpqsXlRaebPEkZ+EA0m059CFmiFsv1V189/PLho7KuRVqoJM1HYyUE+dA7CXtarlbnl5c2aC65lCLNskQKhrAu14yhVFxwHiUNUqXyTCEE3do8ZchQd6Gq3KLsVqt2Xbm6hYZc62xD0FFYNI1j3HNhmGqZcsH89g9vbo9kLos0n0GxLSb7RhOBIGLWUll1xpJ1gQLzIbr09hLV3tuelHFtWuk2YgzWu42aNcTvRwg1xQ5jCJ7IUU+x6OsIR55Cby3lbA+I8LQ1nQxHg7paXVycN1UjpTg4OJzNtoABheCDty5Ka0dTCefIOu+NM9a6tm2ctxgCY0xyKblETlxw68E6MCb4wBlXcSIPDKFn5Eb+BBOccy4AYOPNzjkXgomIPGchcE6SgxSQSD6eDLKcD4esGIAP64v5cVmfU4A3J1XbiFZT1/nxZDYajWWS1dpfVra2ZD1pG4wDCwDIQ3ibsX9r//9WUPjV7ODq6CPXtTB3PWu4HiN+bSpxlQN+m32FANQHAu8hT7DTwAKMR8XOzta9O7ff/+CD7333u5lKpltbW5PxcDD48Q9/mCqZKHX8/Hg0Hhlr26Y6PTutqkopVZfVzvZ2niVNU3tyg9GQcV4MBs7T0+PjwWC0WC5O3py8fv26s6asqlev3hy/fLlYLI9fvjw5OVuuq6gHQ7GTFeUF4xQJWQgBEaJW/ZUEbU85ByX3bt36aZadn5//8//un5Zl+fLl8Xgy/PDd94tBHrJMKVE3DTifJMm77767s7Pz+vXr169eff7557PpdDweD0ZDKdnOzk6eZ2lebG9vvz55o7Vel0ulVGeNMqnRpFQaLX+UEsXAFWlWNnVT17prv/ris7pctU3bts10e//1mzORpFIyJdWgGOV5VgzHkCaMi4lUg7wAb9erRZ6P1sszH9pUsSwZDovs7u2j09PTr778+peffKJdpL0pjkEwVIKlKtGFtV1LjgiY92ittQ6cBQdQlyCtF7ZKWqu1HgzEoCgYF/PlJUN8+PTy3u5t7cABFyDAegL0BMa5zrpOW2uDD3zzqbpeRLi34P32BuP7EUNsN/o+N+2R9hQLEH9VWfQm3ZuJRk+EcN55H3GN1/ma/U7Ix+PxcDiUQmpnKerAOB9bDi6yCnpBfSJyV8BwRCG4EoIRRtkKCL0F1yZ/Zt/edX/dwWI2BABxahsF5aM9BQBRMNqUwVbalHVVnZ6ePT9e1HXK+EiIdDgqhsOCM2a1E8p4aD0igL1aer5nNoUNmODf4rieI3zjilyzwPr/MWuATbeBIABEAfgEAQPsbBXb27Pt6Wxvb3s8Hh8eHe3Otrd/tD2bTK3Tp6enq8VyPB5PRqNyufon/+SfaK13Z1v37t/Pi3xxMc/TdDQapUWWZKmx5uzsbDweuwDG+yxNnz9/tlqtLi4Wq9VyuV43TbNYlW3bVj26BziLDib4TcD3208jdvAgAAEEuprDggiLFTI22t0bbe8e7B998eVnn3zyi9OTM/I0HY9Ho8FsujXIciklF1yx5NatW2ma5nn2/Pnxo0ePxuPx1vb24eFhPsg4H6k0HwyKJEsXy+VysdBaG+O808Y4Ja1MMiklVyJnTM3UcFR0WldVu1jMHz9+vF6vueA37zQ8LaY7e0e37ydDnGxNAaBarwd8AgAgpBhNoSnL9euXz16fn73c3pNLU2MApZLt6U5+uD9O01GRfvrlV2cX5xiIBSlZ8Fw4HhIhXJJqrbvOOEdWW0fBAzgAIvAtoKGu0YjMW93WQSZJVdfMwL/50yffuX1THIrUUmoJMWqEBmut0abttLdIEDiDeAHiko6Wi+Hb0Jd4c/d9tL7JGDuFGAXlQ/xxwr6T6TcvY71wQ3grbHstrAAABB75guPxdDwec8HJ6F7VypioL+m97bomhBAnl9ZtVt03D2s0gPq1SyBuwG+fX7UgN38FezsIpICBkAIPKIAr7oIh02m3NLZarRery+b1i/rxU+CqywoYjUYikUIkRF5713Ud9MuNRfvGXzuyxI2KBFwTCr9a59e/+5uOqyzg6jJdf/1vstu9rrjSX/gQTx8SAWmqUpXs7+/t7e0dHu6PBkOl1NbW1mg88M6vFpdZohIhlJCC88dPHgfnV6vV6cnp5fyyrcuDw4PRaKSU2tvby/OcPHApbacX69IDXi7my8Vaaz0cDk/Oz54/OT49Oanapm7JBpAILqIt40lECum1D2DzlGLZwxA3WLZwlZHx/+Tv/Lhal01V6bYZ37lzuLP33oMHW7OtZ0+frMtyMb9EQN123vtolQcR4JBmRZGPhkPv/Zs3b16/epVmOQAkaca54FJmaToYDLgQ8X42+i0GkCgwxqRKlFJZmiVZAoCDIvfWP33+fDieSJVmxTAfDBtrprPtNBsslnMyOumhOwDIRyot0nx7ZwJgmmpdl6W3fjlfHj9/fnZyZq0dDAtrvTGG4ErgmHMumBBCSaUS5Og8MR4nSiEEIAAicD44R8b4pjVt11oHzoBv/DDj7zy4qVSCcghMGRu0dZ0xXWvWq9pTCMB6NUnqa4E+a9is3W/0HjYSJpscFEJP1mHUm3EDbNQx3+LpojoVAXly5IgAIUBA512SqCSR3tqqKrM03d3ZHY3GSaI6ra211ppOdyEEY43WXVVVgKS1NlZbE6eYHgIyxpRQnDNgtC5LJhLjwTgMgXORhA2Q78pqmfW9BsZYxPvGhcGYQMkZFwGBkHnGPJfAJDDmmQjG1k3XNK179XL+5Mn5y1feeyAGiIScA4IQQmu9Wq7enC80MAIkCtqRduB7jhz2XK1v1gLw67b9b/UXrgqBq9j6jW7ir8savkFu2TQsv52pxXkNAAMYF8loUEyn063J5Aff+/7777975/btyWRydHT0+vXLtm3vv3N/azI1Wq+Wy67rrHWc80Sps7MzwbmS6vBg/969e8aaIs8Hw2HTtm2ny6Zums55qqr66dNnX3311YsXr168eHl8/OLs/HxVttaHhoAAEg69+P6meRBCiHzi62Cw69UWY1F1NlxhuPjdrLu4vIAAKkmUtQKZ2p7tHR3cOzoCgFcvX5yenFbrum07o+16XQIE7z0ihgAHe/uMMett23XPj4+XyyUTbDQaAmNKSs65UkpIhYhd19Z1M18siUKktUkuGDKVJFmaSi6VlBRCIFiX5Wq9rprm7PwiAO4dHREF623bNAghSzPIU2Ai1I1zRkjmrV3OFxBwf/9I8vTi/PL4+MXFxTwrBu88eHc2216sVqPhGJEFAudcmhdJkuT5YDAYRIyvdc6TF1KJOJzvLU0BAYiiTDr4DlbL+d7e1nRrO0sGjPGq6TrtnPPGuHLdALAQMGwMkH1f0sXJZfAb9WrfU53ARzx0/BZd1QQIwOJ8/ArLEN15Q69iG4IP1pH10YeTyJPzjryXkgM5JhhnfDIdD4bDvCjSLGvaytpoym69d8boruu893VdhtCTtPuBCQEAk0JwzoCFdFC0jekMOYuMycBkvHCcRwgfMkQuuOCScyG4BADs7dqjHhkiD8g8Z8QlOOoIPHJbNudG6/WKnj2ZHz9blWtnTEAJgQB4EIJHho61rm7qujUmYEAWkIeArYl6PrhpqH/b//ZXF/mvzh0gwkU2j3DdauBahzgeGDyEiNEKCIEhUghRGhsARoNCGwsAHGCQyiKRO9tbd28d3jg83NmZfefjj/79f/APvv+9707Hk4P9/elkcnS4X+TFz//8z89Pz7XupJTamFcvX+7sbDtjtdaj0Wh/f380GB4eHOVp1lTN5XzRNm1AdnE5X6zW5+cXl/P5p59//uTpsxcvX52fL88vlqt1Y6yPWHjFQInoKxxJqECbVOtamrkJo98ME7EZEyK9A5H/X/+r/+3FxcWnn3368uVLKaS1VjjLyReHR7fv3P7owXtMsF/84pdN3bRtwzmParhCyjzPGcPxZLw1m+V54Xxwzp6cnl5eXlIAxthgOEyTREjFGWecSyEDoLW20x1EAWUfbcW0tc57n6Qp46zu9OXF5enZuQvh8Oato9u3kyxHxhMpGYLkjHEOAYOz1pkIf16VbVm2dWv29o/ywXh37/DW7Xt7BweHRwdZPhBcNFVdN63zPkDI05QhAyIg6LomSZLJZDIaj/IiV0oIjjIRjEMA36eHHDiCJ6jXsC5PJuPp3v6Ugu+sr5uurOqm7nTnAqEnoLjcQwwQvdCb30wrr2676LO7oUfglXtWIPTXfsQHJAKKsmW+F7vylmw0WvDUWy54CxhBDhYCqkQOimI6nWZZSkRd2xpjrNMRAdl1ndHaEzlneoTFxsSZfABgHJmQ0gZrrFnXXac9kQhMMSYBe/MVRMYQGWecCyElY1wI3iN9op6sEEIQ44TMW+q6rqqbypjaObtcL49fnn/x+Ztnz87PznVnAjAABkIB58gYR0QlJABYZztjNPGAnHFhCNrObUID/mpo+E0dkF/tIMYhax9FsF82b8dGV++G324TEVEcoTNEwVkIJBkrMjUdDfNUHezu3b5948bB4WQy+uF3v/fdj79T5LmUrK6rQT44PXnTdPXZ2ckv/vKXX3z5xbvvvhvNOKQQw2KQJMlgMBgMBnmatW0biMqqcj48ffL0F5/88pPPP6ub+vjVm6fPnj199vzZ8+P5Yl13gUIftHpNuh5xxSDA9dwz4pW//fmEb3xi/QgzWptzzjkTYjj+o//4f/DDhw//5f/7v/83P/uznd3Z0dHBnZu38Ozs4MbNwfvv/fTw4L133vvn//yfP3n4CADKcjUYDEaD4Wg0UkpmWT4cDO22Y0LOL+dn84vVclU17Xg8nkymg0GhlCoGAy54orLJ1uzly5erqrLWWruUUnIlEbjzjjMplMrybDCenM0XnXYvj5+9Mz9fl0smFDAuVWKtvlh0aVNPZjtsZ2s0GeXlVGTJwc178/mKnAnBj3dvA5I3enn5hnPUud3b3m7Kpq47ZyyTYjTM20a3zlprg3dJprIiQ+Scs6oqVxXrus7aoFUwxhgXZTogANQAf/Wl2dn5qhjy73znblmGpvWNNhBEZw0ECOR7jHyPZYTQp9jXEA3Y135vL8m1EhCBX9URfTcSmCcfgseYIFLwPVrJkvNEFskDRbdYZ0zwxqaZ2t3dHk7GnLGyLC05652jEO0RtTWWvHGWEEKIAApgQnEPxAIABCZM8J3VjW66zmjNERPOMPRSoYCIPDogIArBe215zuKWiohccMYBWWzGBc5xtS7relU3ZQi4WrQX59XleZROAxHtfCVwyZExFyho3SolpUDOZKK4h4AMIqqKAXr4/++gt2n2NyqCqOcOV50D1rPSrsUPAESQDJWQaZomicyytEhzqRSSu3F49P67D+7evZOn6uLiYntryhienr65dfvWbGv2//h//t9fvXr14YfvA8D7773zwfvvDosBC8ACDIdDY0ws2IloPp8fv3wRtd05E48ePXr06FHZNrPtWdOZqq463WMrYzPkG9TPDUqbNiXUJjn4m4K+r0dG/o//y/8UnM+y/L0HD5RS5br69NNPv/z6K45YLZe5tUlRFOPJR+9/cP/uvfPzs9PTk7Zt417UdV1UlRsUBeNSCKGSJDIaddctlwtjjPMEAFJIznE6m9V1S0B5XhhjrLWd1s7ZQIAMuGBSKW1MnhciSeqmGY8mB7v7gguyJnjrrFlXq/licfzyxdZwKIcjxrhpdGBSqVRmxaqqRZoTsrIsx3nGEay1QNA1jeTonCPvJuMRhWCdsdYyBhyZ986TjXpbaSIDEOcoOHKBwAIEJIp4ZYAAdbOm0E62t71T3gvABJlarxrygTy4AFHF0nsfq4bonhlnyHSVEWyKCAqBIDhAH7UGEShysQF8iCrzoW8uxOETbYSvffRH830XEwPHEIisd87ao6PD0WgcQliv11HLgTyty9J7F1OGqq45EzF9jrNRRE6AzvkkzyiEVuu6M1XtfBABkhCYVCkyzlj0y45zSyGkjMa3QvBeboChEMhFYMwh63cq72k+X75+dXJ20pyemMtL8B7yglMIjCMTDBhkec4ZBkBPLlajRGRcsM4xhlGItWpt1A6GCEz+dVnDb+o1QN9rpKtmz9VuuXnyDbWMqze+om/HMmaUF6PhYGs6mU6m79y5e3R4NB7kgej2zaPvfvyddx/cn0ym42FhrX3z5s3pycnh4ZE2+vj58ddffzUcDsqyPDw8/N73vlvkAwCIkrFNXbdte3FxcXZ29rOf/ez4+HixWFxczM/Pz09OTlbl2jhYV23XGYDIx4IN6+J6bIOAPdL/2sbzjdD2q8fbFkxESiMEgFj08v/ZP/zboWt5CCjl/rvvvnfr1nRrqk338z/7U2cdZwytBW1UooZ7+x++804xKJaLxeNHj+u6ttZGgjaFkOVF1B2MtSiFUJXl2dl5p03TNMaYqEmtdYeBuraZbe9EIlbXdcZoY7S2xphuOBpF73iJwtadLttJOhhmWV2X55fn8/m8bOrRaNJZJxhLiyFPUsEYCo6ctU3HhXA+6K7h1JLViZSJZFa3ksHNG0dKsLIstdYIQUmVpQo5h0AUvDUGAnGh8jTPsjzLi9FwNB5NIYQ8TaVCLghYOFnCm7PSeNa1vO0QQda1my+W2njbaxYjEVjvjfXORiAqWU8+gKdAuFFhAEaIARkFIGQBEKJFGjKKfiOxmAEWAKg3XEZEdJ4ovpV3AQJDFgCt1ZcXp2W1Rgb7+/sffvyhNnq5XrVdZ53ptK7bxhizXK3qtmvbxnmHnK3WZVnVzhEX0gMi5zJNhZDG+rK25VobLQESxhJAIVWCjCFyxIh/jlosQgjJODCE2HVA9NZ1bVfrrmrbpmqbutVPn746PVmen5uyhLYF5IAIzgdgoBKRF9lgVLAYFskFAqkkMkYQyHkWPHrrybWdqbvIbxfQ60WFb93f39oAWejn9AwDQ4jF3nUu67UvBYYs+moAEQvAGaaJEBy9DRBgMh4Osmw2mdy7d/f3fvcnH733XqpkVZa2awOFTMl37r3zu7/zW5yxcr28vLyUUrZt+/Lly/nleZomN44Ojg4PGROHhzfG43HXGWutNiYqMJ9fLJ48fcaEePT48V/+/C+Xy9X8crFcLF8cv6mrtnd4REBktMFSAXKCKCG3KSXwm6GCcQJkyK7g9fC2/9I/GMO3n8TbANM/5f/ZP/zbzjkERApoNBNy+/atD957sDUev3r56ssvPjfGcMaapgGtIcDR0cG9e/dmW1uPHj169uxZkijOedu2ndZEJBNVFIXkkgke88yu1Z3uVuuV1vpyPr995/adO3cm4zH19bHnQkDvfW7Jh67rPHmOXHCRimR1uajLSkm5u7OTFdl4Ot7Z3R+OxwHQeVJCyjSLPLwA4L1DxKpazy9OwLbkjLU2BD/Ii+3Z7NatmweHh4Hg4vLcGUeBpFScsegCmagkK/IiKwZFMRwMhJRA5Izh0KeyirMsld5Y4+Dy8mK1apq6sy44gsVy1WrTdLbTzjmiwCigp+AgMqnAUZQGC0RgKDgCSxQC2EAeeIQ/eQo++h29fZAnstHBnnx0oIlah9HXLc3SqirPzs8WF/OmXQ8G+Tv37926fQsZq6tyvV5XVbVaLdfrdVVWbdc2dWOscd6SB2tc1baeApcSGSNkgCxgIIC21U1j2s57EogJCgWccamuMAFcMM5jgsDzIuGcRYE5wVjX1av1YrGc665ZLlen5+dnJ+cnJ4tybTod4giNc0AByAEQpBIqUchZL/TviQJJmcS8PyqJe/LOQa1DY2JuxQEBw9u7+Bs183Wo0v+XLTMmBW9ZUQAQnHcEDkAiMIRBMdjb2b55Y//uzZvf+eijH/3oB3/r3/np9z766OjoME2U7sw7d+/t7+8wxl4cPxNCtG19fnFhrI3jW875dGsyGg7zLC+KISBOpxNAXC4W8/l8uVotFovVcnV6enZycnJ2dvbkyZPL84UxNj4gJpL9WWxmoxtB0L7XsuksRqWJcDU5Rhabi9eTqM2w5jqP/BvZVv8Chpwx0RqtrSnrijFeFPlkNM4SAUXxnb/zR/fv3v30r375y1/84tXLl2ma3jq68Z3vfFebFgA+/PCD/f39P//zP3/8+PFnn312eHiI88VoNBqNBsPBOMsTxFEqeaqSMmvX6/VyudBaA/IXxy+ctds7OyrLylSpXFljyrLSWje6JW/blpj1XNosG3lvjdaPHz8MLDDFZvt7g+3ZaDiQ2eByVWqty6oUUso05UmSBhjkGZJzRukib9YX5Iy3RjBIVTIZT0Kg2Xb23e9+Z7lcfvn1V0oIRM4EkgiMY5RcjYojRF4wEAwzJVOpCMGYzHvjrckkC8FJLi4Xy6apn798dXhwuDUZAQCAQ3RceikdY737ClEAxgGgLw3524vBORAAMrP5CmPorxpfkbuJALTRmcao4eKNt1F51NdddXF61lR1IvH+nZvvPbh77/Z9peTl5UVT1+v1um6qul5HlXFP5H2vQQYQqrrptGWcJcgJ+xYJIHgKxnlto5wav6IPAzhiEU0ugAMxQMZRcGt70zNrTfBU1+W6XDZNlSqptW7azpiIzOJKCe8o3nnxdrfkgaEL3hu3cYMDBLSePICSCqXiwIM3JujObtycgKJ1Obsiol1b/H5TEbxdD6GvC35DRr2pLLxHBM5YmkjJ2e7u7nQ6mk63kiTZnW3vH+x/8O77h4cH48lQa728XIQbN7e3ZoOiqMpKMKjL1fn5KRO4Xq+3t7ddIORsOtuq6vqXn3x6cXFJ5KVMt7e3u6558vRJmuTee2M779zp2YXWumu75bLy15ohiN9qFLw9nbfniJvJ9+aF8RZiG0GqeOLENrGPAvzmIwaIVKUAwH//nW3v/WQy2dnZTpLUeVetV9Q0SjA5Gh/duX17/wADvHn95vGjx9YYaw0R5Vk+m8329/cnkwkAvHjxYrUurXUx+XWOEDG6IAopYwJK3q/XZVlX69W6ritPlKbJ/t5+mmc8KiEzjFpoIYTY/67XleBCSuWJzk5PmraRSiUqBWBEgICCq4CBI+NCIufBmSLLikxlRWq19Z7Kuum0dt4LIS+Wy0gr5kLFmYjgEhHjJMH5aGgHAHB5eek6HTwF8DdvHg2ytMiSPE1ypabT0f7e3s72dpbmxviLxXK1rhbL1en54vR8fnp+4ZEZG3wAbb31wVjQnhwFQ2QJXOgFyyiAB9Zjogmot05G8hAfcTQZKPgIpr4aVTpvXDStdE+fPptfXArOD/Z3v/Px+/t7O9bY+eW8btuqaddR96ptnXcuYp16pzwIwMqydp6AYTSPAOg5Z1bbpm3aTrsAHhhDgVwgZ0KJSGdlDDhHRIh+l9bYuqnK9Wq9Xp2evFmvV01TW6uN1iEQMi64BGCBekGKyLlAhiEExgFZZJGAix1CRGA8IADjUbc98KS1vjW+avvAAtEqPsCvzxp+JVG4zgt42zbY5AlvHwg3Dg5uHd14/90HH3/00e/97u/83T/6o9/+rd/a39t7971333vvvcODA6WSk5M3b968OTs5WZer+eWyriuGsLU1nU7Ho9FoOttq23Zvb5+818aEED755JNf/vKvHj953DbNo8dPnHOXlxcPHz6u6ury8vLi/PLycv741YVpmqYxjAHnPXf7amO/Osm3z+FbTYZvmGpdk4DotUWvB4OoBs42sj6/FkKWpgljiP/r/+i3vfM3b9786OOPbt68KYUUkgG5TIhMKFAcGAfv7Xr9i7/4xVdffckg7O3tbm3Nbt+6BQBa67brlsvlv/pX/3K1XNVdO51Oi9E4TdMsTYkwSbKu68qyXJXrN6fnxhhtrZBCSrk92x5PJ1zw8XiitZ6vFov5gglZ1926qo1xwTGVFHkxSfOMECZbsxt37917973J3lE+nG7v7RsftPOj0Wg6Hck0B8WhKk1bNVXZdU1dVWdvXp+cvp6OhkeH+0mSLOZzY6yU6uzs7Kuvvj4/Py/L2pjOOTscjAEgtqmbptVNSyEIgVLKJEmSRCZJwjiQJ2OMdXaxKrW261W1Xq+Nt955Y5xzPs3SJE3H42maptPpNE3TLCtiAHe93bXnDLngiVTsGoA/YtIQkb+tDD0LvUC7d95b7bwHgKYpy9W6aZrz83NyZms8/ekf/M4H797w1lSrChEX61VZV03TGNMF0leA4riFBISm6VarkjMmJFdpZq3P8yFD1Fqvlhd1XRtHEAQXeQABwBxR4EEpkWZKScU4A4DobbdarKqqrquqqisWohg95wIlZ0pJ46gsa28RQDgKjEkAiKWj9x45BwAUjAuWDwrvrbU2hBCd8pALxqQ2dLlYXi7atYm+D9eTgH6ec9V3c+EtdppDL53AAfsU7G0KvZFUCDAaTm7dvnX31u2Dg4MbN27s7+yOx8Pt7e3JdBRCaNr69atXVVWdnZ1tzWaT8fj0zZsvvvjSeffB+x8ET5cXFwc3jogsIsb+MHmf5fmrV68uLy8B4Mnjp0+fPtNaO++UTL33xhittTGeNqjk6//9xh5OfU8FAAh/fd5zvYDy11Cb7JsidFcvU0rleQ4AbdsiYsSbKqUokLPOeSCAUZEqpfg//OnHTPCL+eWnn33Wdi0CTKeT4WCguNRGN+uKeceJnDaHh4c3Do+Oj5+fnJxaa07PzkIIk+l0d3e3KPLBYMg5r5vm5cuXdVkbG0l+VBS5kqkQgiMTXCRpmmYZIhDRYrm4XMxDCFIqIcR4MplOp1Kp6OWFAbXWDDAAOOdNp4Go67rLi3nXuapuRoPxeDxZr0tHHjEozpngAAghCMFVkqdpOhyPpltbeZ4LmayruizrtmuLvBiPJ0rJptFVWVpnQ4C8GPT+8YxnKkGGUZRVMEwTNRzkw8EgS5UUTPBoHJchFyrJ0mLEmJRZLpM0SfPOOOOprOvOmPlq2XS2M6az3hFqT9YH47xxjijKn4Kj4FxwHsiH6CvnvffWe++c9Y48bRSjtdXO2qZpqrJer8u6rOuqMc56R4NhOhoVpmuWy3K5Ws0Xy7qpui5aP9PVPUfkQyBtdNN0RntABowFwkDImNDWVU21XC67RkcmlpApBBYdKZartXPOat+2uqm7pum6zujOLubL1Wq1WjVGg5JRJzL6WCLn3FMwxgbC2PVnjAvOATgBIDDknCvFGOdSBUQP6CgY5zvjOuM667WlZdksy67uAvX8wLf749WeenWCnGH81WKzt1IADCA4IoIOwAGm0+HW1uRgd+/e3bsP7t2/fev2e/cf/M5v/faPfvij2zdvmU5vTSdpnlpr1+Xy9PT08vLy64dfH794obXuui5NUgAYFEWapoJz7z3jmKSJ1q3Wuq7rqq5PT0/Ozs7n8/lqufbeN03btk2nre502zZNY43t8ch/fWh4O40ECL8iLXGdGMb6cXJA+EYf4VsHInLOI/W2Vx7zxBgqpfIsR8RoqAkIjDORD4YBeWcdWvdv/vTnz58ff/n11/fv3n733v2UcyF4U7fk7OOHj3Zmk6Zpt7ame/s7Z6cXxpiHjx41bTubzbIse/fdd3d3d995cO/rrx7+7M/+bDm/aOvy4ODG8nKRJEnk9U+m08y4Rnecy7qumrqt2xYRnfPD4WA4HuV5MZvNpEiSJFss1mmad62rmjrUDRecPGltl8u6bWlrZ324dzQaTbzuOnJrICA/sKO0SHmac6WCcyiYC1SEsPS0rptyXS3WpWBgPXEpRtPJeDqpmtqemBCCixYFSAAwyArJeSu4sV2SJFmeKiExOG+DM8Y6Z50HxrJiqHIUTctUYq011ngX0uGo6zqtNXJeNa2xy0VVjYYTJkWSJNG2hDFmOCgRpJQRfMMQo4JaP/AjH93YAYgBeLLeees0Ob9crJq6Wa/XbV13XQdAbWMePn4umJ9OB974pu6M0wBAATkyv8FSMIbGWQBoGl01rXeBB5QAFDgib7XVWq/LcrnUxgAiqMQ7XwZUEayxXjcbbtUG1MC55MyTd85YH7d0zhAIgcMGivON+zJ6ZCrgIC2z6DyRNS4wBE9k0ZMzzhrrelYHB46yrm1nAAEEA4pUimtvzK5S57htbky/BILoJXZhNMh3Zts7uzPB+d7e3q3bN9955x3sMWgoGM+TdDbbKvL0+Pnzf/Uv/sVwOPzuD77LFQOgaIeW59lwmI9Gg/FkyAGnW+OmblarRZYky+X80y8+TZJkOh01TbtclXVTx95Q13ZVXXW1rpu2qlopRWusc2ADEAAHEPAbj1+Fa/81gK6rJ5G+Bm8xnb/mxRRIaw0AQghnHQUQjEV34rdi58577sVPfuf3PvvsM2f9cDA+OuRN2z56cnxxMV9crA92tndnW5nk//yf/ndPH379+7/7OzvbO7/3ez+x1imVnrx585e/+MsnT56cnp4+ePAg/iHbs+38+9nB0dHTZ8+ePHz05NHXeT4YT7eSJEEQ6WAkJE8AyYflcj2ZTLU1y9ViuVwOB8PhZDydbM22dxlnW7OZEIkxbr1qCFjT1Fq3zpqqrrgqE1UIrs5fvwohEMfh1sR0VAXqOrMN2+lkDCKlugrACJgFUEkGKJK8yAej1eLSOOsq39SdEHJ//0AwODs7q+smfqoAkKokU4mUvG7Y0dGhMdpqXdddZIFoa6wPHgVyxpVKciDGuTHMKCKvKM0HA0S0xqSdcdYa48q6DgGBM85YkiRKqSTJsiQVDjhshA8wIIaI1NuEhiu9WXK+t668XFZ101TrddNoIsgTvl558fJUm/LB/ZuDfOjI+UAMrnJR1heUAZ0L1tq61Yxx7SwBAeOIwBn4QHWry6otK/AEyAEFtI2BYAIgouw0EAVne6ooMuDcJSkIgRy44ISIHoBFjw9EQhYNdUJvq0MBwAdKVeJcYAERWbuutLMEITD0jKwHa8G6nv+HHDizlQEGwFlUv+s7kHQtLlw/OIDgPM3S0WCYpenu7q4Q8taNg3feefDg3ftFno8nw0FWZHkWw2tTVV99/tX45k0AODs9Ozt9M5mOF/P5syePilGRZAoA2q5brRfr9XIwyNNMBevSNA+BLi4vnjx8ZIx5dnw8noxv3bq1Xq8v5pdlWdV1VRQjZ+1iuSTnvestkKWUnBMaFxP/Pv+5YsaFt1/8TcevBohv6Q8jiwPLPkBEmfKNnC9EU+JGawDgnMcRZlTi8b43VrMuJIo77zC8+QVU5V/8+c9/8ctfxNqjqqq2rsBbAeHG/t67d+8+/PLT1cXZjaP93/u935dSCC6yLBNJ0lTlo0ePvvzyc+fc/v7+bDbb3d9LkiQC4M9PTp89O/6X/+JfMiHTNB9NZ5PpThASkHvvyqZqmnq9XkbYb9xppVK37tzNsywthhBYnhVdZ9br9eXlvGpLY5w2jkACJnfuvf/9H/74xz/57UW1nu3vsSQ5v1w4CnfvPzi6eUMNh7quTNvUzbprmj59strqjrTx1nRdd3FxNiwKIlqtVufn52cnp6cnJ2VZ5UU+m46llJlKhOR5lrVdU9dV07TRGIp8MH03MUSz02jj7qKSRKAsTT25ttG9rwQwAKiazhiDXEZ+jndEISgupJKcxbqYhoMBIAEQe1syEwCs6rXWum0a2+nL+ZwFiuuiL7sDIBrO4Pat0dHBnhRScoEBInKQBdrg/GA+X0AvVIuux2VjQBYoWGfrVrdtu1p4APBxGEb93N8HuIKOI/YDSM4hzRIpBATvrHXeD4eFECgkFwKzRKlEGOfKsuxXMcOm9nky09qXda217qyJSnmEYCkYB8ZBPDeB39g5o1IMEQEgEwIRo/8gB0Rk4/FYSjGdbt24cePgYD8fDCbTSZEX21tbxWBweHCY5Qln7PPPPze6nU6mDEOeZYvl8sXT45/96Z9Op9Pd3d3BYMAxDAdDxqFuqhB1mThDhvPzi/likWfZZDK11q/X6/Pz8/V6/dlnX1xcXADA9vb2ZGtaV/VytWqamvxV4KK2c1dncQ2LBEmirLXOhav+wPWygl0LAd9osl57i54u9U1KfiS99S/uwfjfHkqwDaZ9E624lPKKaWo2bhKiPV9lw8EP/+iPf/Cj3/3iyy+ePX7y+PFjBCkFe/HsyatXnxwfv/Ltenc6Go4m6/V6Mh5b69quE5yPJ+OPPvro5s2jL7744s2bN8661uj9vT3OhWTicG9/PBzt72x/+sVXr1+9qcqV9ZTl42I0LIpBYEEplRdZU9da66quI/zp53/+xc7O8ODo5sH+obUEAMUgT1K+rtOmqaumM5rKqnn2+DMIHRfu8NZNRlMJYmc2Xqzqi4sLLuWtLJVCytFQSC6lqKqanGOgFJfJhDtt27YZj8eIgSMOh0Mh5CDLB0VxOZ+3TcOQBQrGGOd410ZtVQIQuvMA4IECsKpuCRnFtRmupGApT9MszQFJMGa0izhoAobI6gCdNRAkAkguYqTvui44YgwBqK6qeMf3ptnxkiK1TaONbptWa+2thY1OcdRc5JtOc1l1i7IaFrnjfjO983mamU63baW1jqQgIgwhOAoU0AcO4F2g9Xpd1s45MJs7ud/EqOfnELztdEcqFkNGAVyA4IPzwXnwAQMgBB4CZqoAJRhaJn1V1XXXaQ3OguTn1lBrrHVX+gYALNLY35IXr9w7Yi4gOZNCeu+yLBsOxipLhWDFYDCbTgfF4P3337tz5+7d27cBgDMOPPY7+GQ4qurKeVOVZr1eP3/67MWL55Lzw6ODwaAIjpq2vn//rpKJkNJanQ8LT9Y6BwCMAefcEXnvQvBa67qqmrbVna3rarFY1lXTNq13AQDaRl/Mn1C0ZunZKL38Z1yn9E31RYw43c1E+2+uEYHXQkOfHXC4slGOcZ8Biy+7Sgd6PbAQZx89AoqIlFIxQBhjIq86moYIIYwx+Nl/83/M8vzw4CDZ3QWAxZOnjx49fPrsybOnjxmGi5NXL5899s3q1v7urRv749Hg1q0b0+lkNtkKIVRVdePGjWI2Ba2bpj4+Pn78+KHzLkuz8Xg8GY0xeEfeuXAxX/zirz5/8eYMUHKZZEWeDwdCSKmYMdYYU1fVarWqqsr6QATWU54Pt2c7o9FgNB4gBhSh1U3TdnXdLRfVcl0V+eDg6PZH3//Bx9/5wXBrK/AkyKxu9WAyPbx5azAc8lRCIN91dbnSWuu28d6R9evlqq7X5EzdVKlUknPnvNW6qqrlfPH61asobXBldc8FV1IJIaqqgp4KwZarFW2q7rihWWut91KKLMtDCG3bWOuoR6owROw6U1WVti7LMggcrrRkI3iXnPOuB/KSpwiRDgGQIuq0bVutNZF9e3MAi80IQFASBjns7I5n01GyqTkZkORCa900bbQRBoii1USePMSsAbTWy6VrNCAAWaCrvatPcdFHR424iqOxCwfBhVScMXTeWuuIQHDginMpueB5NhBKWufKslzMa+PAeWAMGEXh7LdRBnqeCjAOyDGEEBxwgbHy2t/ZTdN0MBhkWXbjxo3pdLZ/dLg1nRpj00wNimGaZoKxnZ2dQTGwzpZlGUJwRES+nC+btl2u523bVdXaWuuMQQxFlimlIpVLSoHIrLXatFLIuqm1bkMISZI4a1vbGmPm55frddV1Hee8aZqu1VVdd213fn5prQcAKeW6tQgACJwDY3AlZsMgEjqv5QLYf4VdW6hwBVXsq69w9forGNK3sga2uf1iWxE2LYbYlbwKIgxZLzEWgieYTkbW2sjaEFIkSWKN9d735gCCc8bjewolc2fC06cvi9P5zdu3pruHv7V3uHt4yxKrypU13jtfLy9aq0/O5lrrsixns+nObDadTLdmW5fzS23arb29fG/vvpSj0eD169cPHz4sV+sL+Xo8GQ0nQ6Kwuz35vd//7RevL16fnL0+OS2rddU2eZ4PBrlSKkvTyORLkqzVum01NV1VrVer5c72zo6ZTbcmwyKXSgyGg67rsizZ258tF8tHjz5JUo7kbt57oPLhbPfGbDp2RG9evji4cTTmE0gkL4oRBq21UVJrrZvGeFtVjTYth3C+PB8WxWw2IynzPE+E1FqfvHlDgSK/MUkSKWS8NeNliytEGwcQKdu93CPnXFjngjfGeO+MMc753ks2MKFUnigMOauqTFx1oPjVlQ5BXmf+VdXb3kdIg1Y6EVwrGXtI/ZC17ADBx9Y9B2dhuVgLxiVHpI0RjvdAvapUHxoIQyAXHAX0AQGgrJzu+r3LRjpZ1EoHxoFR73tF34DfRF+FgI7AOrIerAHrAMFz5ZkA62uluLa+6sADCACBgAEcRW3hmPhwRIwjzJ2dHS6FUkpIuTWdTre2Dvb3p1tbB7t7RZGPx5OiKGazWQjBegohpKnquq6uO922SZadn58/ffq0ruqqLDnrZeh02wlkZbM+vTgPwY/H40TlVVnu7OzEEpAx9OSuaJdVXV1cXDR1E1dIp+uqadquuzi5cN7FCYUxzhqjtW477SwgQAjgnI0VkA1ALhrVRaoH/loVGKJNsGDAGI8K47hxEg2hZ3/TRqqHMxYofCtluN6ARHY1oO0zAgy9ogaFqKcZ4wglSYKI1tngwDsPSfwjKYTAOCMizzwXnCFD+9VXJ29O3py80VoXeTEajXb29/I84Uo+ffzoZ//6Xzz56pNmcTnMBNnadTUPLk/V1mS0s7Nz48aN0XA0255mWSYEj9ZcXV0t5otnTx4dP3vKBQ4GeVHkw/FUqLwx/nxRNq1+fXL+5vS87ToOfDAYqDSNHD7nrDHGGB+HF/PF3BjnicaT4Y3bN8eT4dZsi3Gsm7LrurqqmkZr7ZGpnYObD979+Me//9Ot3QMX+KKqRlu709lWkWfAEFIFbeu6VmttOnt6erqcXwCSQH528tpbN51MppMJeSqXq4vLixfHLxbLRezKKCU2l5N6RQYgAHAEFxcXhLC9vb013UKGdV0vl0tHVNeVtVYpZU2ntU6SZDLaokBXJMumrJVS1tqqrvb39pu2qau6aZs8y+N42RgzGk2uQkNVV03dRByq1jpQsE5vvPAckcMAeS6Dd2mmRqOBt5YFiCY0LEDTuhAgSfosIIazEIJx4AgIoa4gMrgCQjR3cwEAQGK0w3trz33VKiPqt3q3aQ3EVyICl8AkB+QALDAMhNEvOya3u7PtNEtHw1GSJOPJeFAMplvTQTFQWToYDIaT8WAwkIxneTYoBlmeeec3+jckhVyv11Iki+XCWr1aLZfLlfe+reuwqb8i50ulaZalg6y4vLh4+frV+flpkiRFUQxHgyLPqQeRERFpra2zWuu2aSO/xntf1zVjuF4v1+t125mm7owxxhhEZG/tpjAEtNa6jeQWITAEvwmhUUbzOlD5eg8xgho4ByIQ4poUZYjM3eApXH3gAYAziNvn23CwATpepZ9XFAkiSBLJNupb1lpjCACUYuPxJBIjjXGMQZalxphGU6bwSv43/grhiM12Drb3Dr1zxy9e1K2ZP3w6HI/u379zcPPOv7+3e/Lyx1988hdPv/ri4rTN00FTXrLWXPhlU3frVXVwcEBEu3vbiVRSMpAyHY0ORqPtrenB3uzzLz67nJ+3Xap1O5hMHSZChps7R+u60cfHRV4ED/P5PM8ylWVpmgvBkyRhzDHGpFIA0LRN25myrJ8+OR6NRucX6/F4OBrneZYN80HXtYv5qrO0OHvzy7p978MPtre3leCc6PXL48vLy4ODvd3DAwAAKZk33HOuIMsyNxhYaxMl7tx/xxtrdSuFBAG+yId6uDXbQoar1SpWFlehgQIFwngTjIcTY0zbtl3XWWeLPN/a2iqK4vTk1EnFAKXgqRoOs4JxJhgAsCuLiVxxpbhFCpbXq7nzjpFNOQ5SCQByNEiSJC/yqwt/fs7sMM3yZGtrVtdVVLgAACkFAGjdtm2dJAkXTJu2Wq2TYhRCUFIlSVLVlWRCG71er73rKc2E0NT1ZGtcDIeCS09knI9qfWVZWeO08xBgd3ffGqc7F0XiYu3KGOtnroiI6AIhBiml4FJImWfZcDJO8zwESlSW5LlSKs8KRIyeuLdv3FRKZVkuEim4iGeaJIm2Nqq5AkOg4JxzzlVltVzNBfa37MuXLx8/fpokyXg8Flw478h5CCHL8ricYoHQb4zGNdACgBAMABaLhdbaeWO0HhZFVdXL5bKqqlevXsVUmsjXdVdXVdPWzlljbNdqrbUn2ghkMowDUfDQUyBRcMUZElkXCIk8UXTGi81/H/q08NeYZiFcFRp0DZF1jRZ97dUBiKJrAfVLl0EIPrZjr70nbtTuQp5n14EPAAYitIk89F4hjEVsLAAHcC4I0X8r/pRotR0Oh5yxuql3dvebpqmqqmm6L79+MpkOZtPJvXc/vHHjxheHR08ffV5evHnz3HurO+tC6EYTnC9XrbYnJ2d37twajorhUAILtqplntx5953BKHv89cP1erlYXlRNw7Ihyuy//X/9t8aGw6MjKVVXt0i+s8bXZNo2zTImOGMsSRIAGA6HSqk0d23T1a29PK/PL9rRqDo4nI0n2XSsRsUIQFBAztPW0uOvv0rzYmvnwFtjm2Y+nzdNxQWf3TwEIVAIJnyCIk1T53JsWpUkgzz31iwv50mSCc4Fl4CccTYcDler1WK+qLsGgDAAkQMKIWAgIIRUqslwpIR0gbqmVUImCRPIdne2iiyx1qpEWGslF5G/wBnjQkR04+hwX0phravqijxF8F/Mm5qm5opPt8bxE4gXfjIWbdvOZjvvvPOOlHIxX1lr44qSQlZ1dXZ2Yo1NM+W9b5rm9PVp0zQxM+dcJElC5OumuZJaDADzxXyytZUkSaNbZ50P6MmHELzzq9WyqmtHMBpuxVTXexoMCiXTJEm4EIJLxqRSMkkSpQTnQinJON+Zbid5Pp4M8ywLIagkSfNMKbVerqqyZEyOx+OtnW2GKIQAhmVVxTO01jRV6T254GOHpW7q1WrV1E3XVFEfQUp5cvLmxfNn4/FYCR5/BYu5Tr+HA0CQnEnOqqa+uLiM0iRVVS0Wi4uLizwvympQ5HleFKvV8vz8fLVcrVaraOzqya9Xdds2XdchonOxC9Tv/xz59XweAEJg0bgYAYAJAeTRIwdPhASAfT+F3k6PYSOQh9CLy/ZtyF8XOPCt5x1DADDGR5R7nOP2LWp2jTzO+u5VfP5WtgaAbRR7GePGmBhDhRBR0kYIEYIlCs4FIVwv2IMo/sV//y/v379/48aNLMvIAxeqGI7Lsnz+8nnXNW3d7O9ujbb3vv+Hf/f7P/jBZ3/xs8/StJzP16sFOTNfNm1HxSAgF29OL5tWt63Z2hrLQUFt7Ww7GU9/+IMfv3r96tmLZy/enKRMHT89Xq/Xs529m0cHF+dzDH4yHXWtaY3WWleVR0QmhIoED8ETSIRKlMwDNl1rjLHzyyXn1HV5W9fj8Xg8ngQECAJb/fTJI6HSm/cMMaVU1jVtVdeMs9nODqQKZSKBBetYIhMaAOeSc03ee5J5zpTiSiVS5QxGW9OqLKuqGi8uX7x4wYAwEJFH8hupNrZcrzPFElUQ0dbOdpZlnLG264bDnbqurHVSiijjY4xZL1dKqRgXMMD9+/ellLGgOD05zfJsOBimWaq1Pj1946weTcbDYX6Ve+apWCwW0+ns5tEBAARPztrp1laapmmaLterrmvOzs6stdvb2x988MH6QXV6emqtnUwmQohAWAyK6WTat1ERAOB8fpnn+WK9ePbs2eXFPElUMZimaXp0dFTWVdd1VdXubO+laT4ohkmSGOPTNC2KPE3yqmqVSrMsK4qcCyY4V0oBQHCADLnkQnDWu7khhWDq+ryu6qZu61IIpBCAYQjh9OS0s6brOuNsVVeRyskYT9O0bbuqqtu2QgppmgISgzRL1N7OdDKZDHIF4H2IuNErB3AAgPV6mabp5WL17NlT56jIi3W5fPz4cVVVWZaPykGR50LKvu1dV1VVO2u1to2FhG1I2xAEj1PAmLRfk955OwncDIEoKkfEpc4QETDS4d5WBP+2x1vduk1RIDj6Tc8aNm0jIAhIV9nB/4e4P322LMvyxKA17L3POXd4o48RGRmZ2TV1VbXUXVILlaRukJmQQcv4IpPgAxjiA4YMA0QL/gr4i8AYBIaQqUW31DUoKyvHiMyYfHzv3eGcs4e1Fh/WuddfZGVJCJPBS0+3CA93f/fdd/baa63f9OgPQikFT/sIkSbSAECEaq2nMrGsNhAxxihuGiYQQJHAkPB//7/836QUnz59+r1Pv/fpp59uNptuNYjIPM+73f27928Q7fb68un11fr5EwhYfv6jz376k//0H/2jX33+ub+eVmaR8p2PXt7ebD968fzyan17vWU0RkC0oe9VdH+cf/XNV3/6k798d/9+f8jSlDGuV5vry8vWpFWZSj4ex2maj9PUqmAMBKxmyCGknpDnoqXU3fHhOI3zPAJA13WbzerJze3l5eX17RMKKQ2rOdcnLz7+zvd/69Mf/N7Dfvrqzau5tH/lX/1vPnvxFJkwBKjNROc8Hg+HmouIlFa1iXNIY4yRkYhrLWXOeTxKng+7+7evX0EtgTAGA9AmstvtWq1G3Pf90+fPAAAxICKFiIi+sPS7rtY6Ho7zPKdAXdfFGFEtdZ2KHI/Hu7s7d75IKV1eXiKZz9YXFxcibcpZREKMD/f3KaUXL1+uhqHWWoq4GexqtU4p5px/8vOfmNn1k9sffP8HIi3nfDzO8zxvt5uzqdTr16/X28ur25v1eo3M8zwdpnGe5pzz+d66ub51Xh0iDv2q7/va2m63u7y4DmEJdg68wODEjIgqWmpREaLo/BGRMo6TOEmrtq+/+frt+3dfffX1w8P+j//4j6W1eZ77vr+7vzeE/fGw3x9ev351c3v98ccf395eHQ7Hn//i53dv3wHAy5cvr69vLy8vtdVpmsbjkYi22y0iUgxff/3qJz/5iQp873vfv7q9nuf5/f39eJzevX/35RffdF0n0krT1to4Hs4H7zge52nOudiJpgFng+8Pak48F4XfbBJzWgoQEaA6D4KYTRUBzlvD49wIIBAQ4Ukr+ZiG8FeKwiPTuTM2YfoBwtBTxVkGC1ryh09QRQNwJcsHsiUDnh0v4WSQLSKEyAtJZBm7BNQ5x27ABaXUL7/86s2bN6WUZ8+ePXn+LKXkponb7eqwP3zxxS93d/c379+/fPo0Pf/e7/QXH3/8g19+9vn/5f/6f6pzbhB6pve7aX+cX725u75crVdxs+pvr68uN+s61JhS361+8P3f6i+3X33zzV/+6Me/+MUvS2l52Nc8XV5e9sPAIXRdl3Mev/iqtqI5GxFTiMk8trnrOQSK/dW6DuNxtd/v98dpdxjv7nc319dXu+Pl5eX26np/HN/dPczVVuubi8vbZ7fPv3776v7d+341bC4vAhCkhKZDwtR1rk0orYm0cX/kwBwipxSIsEagQIEvVy/y8fDRi2f7h/vd+zfaZkANhJtVGudJxELqP375wr2USqtEoe/X3dD3fW9mb9++HceDXwAp9uvVZhiG/WE/jXOM8cmT58OwPhwOrbYQabvdcoqBubkXpMpKVcxi7PphS0Sb7fVq1ZuZKohIq9qk3d/d7/b3q+Hi4vrq5YuXz549z3MtrW62uZR2dXV9fsS3l89S3w3rTdd1HGOtdSpZRCLxCe4EX7U6r+L29uZwOD588+Xd+/ta5eriGhEPx+MiRQMAd3Cc5v1hP09zSn3fp8Pu/osvvpimw5s3b5rIdrt98dHLnPPxeHj79vVf/uUPV6t11w3HcQSA2Heb7ZoYa8ubzSYFQoOH+3d5PEotIfB6vWbC/f1dKWXOYylFRfeHnao83O/fP9zP09z3q/fv37y7f7/b7aZ5nuZy9/79u/fvY0gikqu01kqZT0dLVVUaqJ282P+r3+feLgCc/cCXM3smMDkrERGvNtHMmjQVBfv1ovDXOVMt4OXyLx8qBRKimqi3Dss++LEnw39Bk3LuLM7sJmdEnfYRDAC+ZO0ARBX/d/+rf/i4mn780cff//73fud3fnfV9yHE1LGUBqD3D+/ev3knNT9/+uzZk5v07BkcD1//7Of/j//7f/Dzn/6si5jnvbYqdVoN9OzpZRdw6NMQ6W9877t9F2OMYsgxUEhTyT/9+S/+/M/+/HAY98cpxe76ydMuDWlY1drev3u32+0O4ywqPscJGMeOY4oxUohVBBG9NOz3+2ma/La/urndbLcUYlPYbp/80b/wr/wzf/ufX19evXl4b4G++4PvP3/5glMkAuKFVuPetZ6GddztPQ+POZhZa1WrlDx1gaA1gpaP+69++Yv97j2ZXlxuUkqHwzjOBQg3642/VEO4urrp+77v1hT5/u7+3ft3u90OFUspKcSu62IIZsaAl1dXNzc3rbb9YV9rTSnEGJu7Tp8AJwrMnEJgD8Bi5pR6564xUWs2z+XNmzdv3rxh5tunT25unobAXRoETFUR2Gktp+ePPAJDzMxUwFTb6bl0STQSaGst51zqPKTuzZu3r159czgc3WzaH6Azec7ZMjnnUmqpBRGHvt/t7r/44otxmt68eSNSttvt7/3eH6SUnDh8cbHxrYrb567XayNz1kbXdcOqSzHdvXv38PCw2+1Uteu6cZzmeer7QaSZmauY3rx5M89ziv31k1vf5ozH6TCNDvqOc5nGiZikSa1SVeWRqSShK8sWi0j/FbVvHa3HHMQTH+Q3eMwDAD9KrFgwwuVPERFxQACQJk0ayPImnyegx6XhZPd8/mb9Blq0dyLOrHKMw2EO5sBMquZMqhjjY6zhRMZ3is0HdqYD4Yhk5qAm2CNQ9FsSj+Ph8Ktf/er+/v7LL7/6wfe+9+TJk2dPbmOM2+02BN6sL8b9cbfbNbi7ynL1/PnLT3/w3/8f/2B///4//Uf/8Y9/9J8f93f7ne3zvPvl1zdXq++8eLJdXfyTP/2zp7fXH714+dHLl7Xqfr9vCt//znef3j75+c8++/FPf/b1qzdq3A+b9brGvnv+4vnl1eX97jAe5yrtOI7jYd+mKfZDDKkbViGlEOPl5WXsh67rdrvdNE/jXPLr119++eV2e7naXOQCf/kXf3H79OX3VqsYojK+ffs2pHR1e02ByDQgEQeggK4TBri8ugwcKEQgAml1ngtk0TSXWVsNBBhSMZjmhqarDQ1hQBIDbU3vd2M/9Ovt5dD324uL1mQ/Te0giPT85ce3T17s93t1YlAuU2nzNL148WJzdY0xcYhRBEKNKRFTO473+8M0Tc9ePMcQQxdDjNvNpR/CeZ4bEBpFThg61brarl6kIfTrFPurq6u+X5VSOHYB+MNj56bRhGamrY15zjlXPytsiPhw9x5g4UrM42Ge53E8TPN83D08PDzUVodu9e79+7dv3yLys2fPbm9uT3eUmhmHkGIKgUV1t9vVKrdPnqym6frqqskSgeObl67rxukoqmYVEY/jTESx68wQkaW140FGnFWAKKjA3f3u3du3u+MhxrherWJaiGfv371DwlzbYd6/uX+opUzzPM9zqyAKIREA1LLcttmZFAjE8P/jjyat1OY+mimlMs3niqCPEn3t/7OFhJkheBSwbxfthCXjr/09jwkyAIDnrxyV8MO7cFpleq5iQ0QyFKI+RgDAf+/f/rdCiCnFlFLkoCKlVGLarDcvnz//7d/+7U8++SSl5COGtjaO025///DwEJAuN9vrm+vtzTWY/pP/23/w2c9//PkvfwaWtc3SjoDt9vrik5fP3WrpyfXtp9/51OkWu91uPI5N4f3D3atv3n32y6+mcWymwzC8/M7HgQPHdDzOX33zWlUEpLT6/n7HnFI/9KshxAgAFKKKvn37tkmb5tJEcs6m2K/Ww/b29slHf/DP/tE/87f/6OL2ZnV9oYSr7fr69jZ0iQMHZERczOHP7xOiNWm1BmJEnEputYLHx9ZsLefjw/2b19PxwAH3+32rSiGmoU8xbTab9faSmFJMqtrUSikxxhBjq3I8jkPqmrSWi6qGGJNr3cxUJITQdV1MabfbHQ8HRdhut+wAIRMSDsPGuYwPDw/DsMYlbTK5bzWiIXJr5lKuWlvOeUiDmY7TZGbSXOJQYkrjON493B+mcZ7nwMyJmfmbr768uLjohySt5TK9f3/3+s039+/e7w8HJrq5uf3oo5cxdG/fvd3v95v15ub2aQzhcDy+f/fOkZT1ZnN7sxBkAXWz2SCaiNSaVRefKlfo3N29iykNfR9CMsNa/cW1KmImVZuJttzmaX53//7rr7+5u7sTUIc5Q4zu9bAIgWotperZ8BEWicevsTDg0R7h8TX8uFL8F/ssP1Y06F9zjL/FXPQTS4u47cNnsQVBQKRSFjo2fEs98RvyeHFJRwcA8ITr9Tr5vFmrMUOItBqGmNLd+/vzZnFRYaICQB/TsqpEPX+liIhqrUnOWQ0CAyJQ5HMuWdjtdiHErutC4C6mruuG1eDM3G/evD4ej7/61a8++eTT6+ubm5vrvu+H9ZZC6vrN/f39w3Fu+FCbXWzX/9y//q//nfu/+6vPf/qP/8k/+vyzv7xY3zx5cimS38/zze3T//P/8f/wyUcf/+SzV7eX1xcX20BoFoZheN6twdLV9Yuvvvrql19+8ebN27vdw/XV7eXN7WZ98eTJba6liBSpRqGWlls57Jqn4wUWI7y6ummml4pzye/v3t/f3T+8ecf345v3+8PcdtP8d/65P/ruZsAUD4ejItze3AIkcl3O4+9CjCAqLY/T1MfU9X2XBiZXOojUoC0BwDXiZr4ws9CtRQRD7PrV7e0tEXEIrYqIKhkzrtJKVQGxqeSiFKBLq+3FTeQQQhjHcb/fj8cxxJASLokTgpgGBqhKq34j4OkSdnf/ULJ8+dWXP/nxj58+fXpxcXV1de2Pi+oyFEzTPE/lcDhO0xhi3AwrZs55evfuXRNxyTmjNdNxnps0v8c4hZNVap2mOk3jfr8/HPfzNDdTaS0NQwgsIinh9fX1Zr0BABXJIiqSUvrm1StCvMwZAIa+V1VAPR6PAAudVETu7u5U1ZttEck5T9OIwK1qKa22LE0eDnsz9MDeeZxKbrvd7m73kHNGphBsLgowlVabyF89P+dQif+SOM7/v364zR8AmOm3aE5/9ev4a3YQIQAR6aOtJAdgIjVTlV+DKuykrBOVwOGssjuRIwwJQrQQU2vNDFW0VkFc/p7w5v27GGLXdT4Jr1ZDX/u+70MMrbW3d+8f9rv397vnz58/e/7s5vrm2bNnFOLm4iqkPuecx+MXr16vHtJ2PTx/dvPpH/3d2xfPfvyjH/zs539pAX/4w89+8ctfTOM4HufP3kwy/tkPPv7kt7/3/Y9fvlh3TNyl1F9dPm8qRCF06euv+m/evL67u9sdxsvrm+32sutWgRGmcaOYQ+acD4fjcR6ZmVJHoTdkIFaEXNvD7mAhrbqUhs2vvvjmkNt+mo55/m+th+ff+YhjdBriFraYUgisvzZPtlZzbrlMrQFA169CiAKmYgokhiGm7vopSJXaNpdXTYFCTDEBQG215uqRU4oYmIkiqGOxokjjXMAoJmAmQ5pyfXf3cPf+/bv37y4vr548uXWaGscAAGM53j3si9SccynlzZs3q9X2zZs3P/35Zz//7JdPnj6/vrpabzbzPJdScp68o26tukdj13VX24uuS01qzlmk1Vak1CV2jIyJ1IJhYOiYQxdCacfj8fjw8PD27dvWmkcB1FovLi4cZGltr6I+vbc2lVpUlEPYrNelllLKYb+/e/8+xgigtdVSintMNJFX37x2hCzFZCCtNe9498fRdeIist/vxVCkqUcwcCy1HuccmERBmoBnANsHjsCvWaEs38dvabX/q+Xl0n9NdcVOklsAAP7W33ne+Z2GATVT01/fcfxaF+M8ixAgpeTUUifjI0IMERFVJWeJMZ6rSc7lw7tA2qCFhV1tp/Qub7IMAGJkAFJVFBVREAO0cNgfQgw55xhjn7ucc9/3w9A/f/rMzFRkP82l1MPx8OrVq+fPn5dW1+uLYTWklC66Lncd7O8fdvellHf3dxcXq5fPn1agP/vhT4/z4T/78z9rpvf3d9/5+LuXLz/69OVLbPLVfpzh7e3VJmN/se6YU8vHVdd/+vzl04urF0+evnr3/os3b+6++PLmaY3DKnQJgDANwVCkxoCtSG5NigiWqUozawqIOFxcrzYbM8xFU7969fr1fpwPZb58evO3EV58/FEIcdwf0WC73ZIlTgEAzNmsTeqcnVovggAjAHV9fzhOIlVq1VZN6nazCiG1dtjtp9IahuiQvsryFO52uyatNJXWLi8vry8vQ+hSSioy5tldt169enX/8PD69auH+4f1ev3u7u6zX36OhCq62Wycqthv1vM0j+NxnudxzLe3Nz4aGNOrV6+++frr65ubVus8j8dxnOdpGFYxUkphter2+31KzNHMk1ewASiQvXnzpuvjahgwJalNlVmVQzjspibt7v3dmzdvvvrqm4XygrQZNsyBmVuT42F/OB5KKQDQdcN4HBFxu90S0fFw3O/3/uWvNxuXkC4rwJZbs8N+70znJbxLXN4DpYkn7rTWqtiiQQAAgCE2Q6gAkQnN2kmfFBHldCPK6Ql/7KT4a4fwXDAAFg746b/+11IE/r//4BM6ooaG5s/Pr4085y/EzKMo0Wf/cEIcc84cgovl4FvsafAQdd+IijRAakABP3CkyE7VCxWBEYmIKGBrIrWqaBCtWlqrmZjnELquG8ow547AUkrr9arro7ZyeLifpuPhuMttvr5+8sknn9xcX4va9fXV9ZPrd29evX37tpXy5deH//A/+o9/+Od/8o/+yZ/NJY+5Va3/6r/23/vkk0+uri4jhX/y//rHu/v9n332xbMnT1f0xcsn1999fjOoDIwr4lVcd9ewXV2EzeazN6/etHx4/XDczcf7ndR8c7n+nU8/+Rt/4/vHw+H+MH9zt98d8i++eGUIrUFT+PTTl9Sv16tNxdpMm+mbt2/eP7xbX6yvLrfPnt5eXGwVSOcy4TFeMCqbY8KAMBd3rMs5dzGixXk8vHv3LtdCxCmEyHQ4lC72+3z88lef/8mf/ElVSSkNw5Bzvr66Wq22ALDf7x8eHsbxiEiqsl0t3gHH8bjf71ttMaWvv/7qpz/56TzPL16+wMCmdhyP8zw7DXSz2fR9/82XXy1G0oiXm3XL2Uw3qyGlOM0lcOoCP7x/e/9w9/r164eHh67rXrx4enm5wIqH3c5E+76f5vlwPKDBZrMxw3kqTGEYNq/evgnuoB0WSvju4fDq1av7u7sYlsEe1nj3cJdrIabxON/f390/PBwPx+fPX/pn+fr1q8167Zr6nDMiwts3AGBmtWV3SV7CdE6xcd9G2pwXSMhRavEn2b0rZsfnCcq3oQU9ucIDGT02tcBlmlCXh5IzmT9s6UUV0VT883742Y/cX/VH+DUThA9H+q/bGC7Ljm9NBEjLl/u4zz/TGxAR4IMVqDQ1exx1BojQ9wkAaq2BIBBra0pUWjUzk4YGZCBqoFZb67p0bpRurlZNWi2lLQY5yqyqEAWZPF6MGAnRU5CDNzK1CgPGvg8cgjeZ6vIrdyctNaWYx3G1Wm+32+12k0IE1Fpzrfknfzmtt19//vnPr69v/ubv/i6SXVxdbq8ur6+vf/zjH/+n/8k/+tGP/vL+/t0Xr96sNpuPP/nBH/ytP/zt3/7tL7768j/8f/4nn//yl59//rmp5lyf3HyD0m6G+PJ6+89+/9Pvv3y+efLUpKWYOoA4rCB197uH+/24f38Y9+N4gK9fP9Q5D8MwDGucNDfcTYW7VJpMVbLCqzfvqmgID6pWyyxaiaFL4ec/+fF/8h9dbfr+D/7gb11eX4XYY9PDw+7y6a02bbWCKlcdD4f73S7n3EKc53kaJ890Caek8+l4ePNmyGV6/fqbz371xWG/z3kCACK+uLjouqFJO+z3RJxSWvfDbrfrh96Zjiq63+9rqymlN2/evH79upTSdV3ghIGliYq6aepi4qDmzGUzG4bBCezTNHmT0qWu1Hmax8N+7yzgEHCajpeXl13XbbfbnLNb47y7e9daRYO793ecwjSV+e39YT/d7R5C4BA5MO/3+1Kr51Z0XXdOo3/37j0AcODAoVZxc9ha68PDw/kA3N/duzxJWjuLOwHAPVT9KwIgBw9PxJvHhwgUFqeG0ybxW+Zxv/F2Xw7eeY+4ZAV/SFhQBQBLXfxQVZhVxOhEClBQgfPs/197F7FoKNWWfMK/xuz+sbljYBPVRdnm/5UoMPubxkSIyEQq6ttEDtxOdfMxAk2n0sbEYeibuB4FREAVhCyGxgGZgBObASCdu5IYovGCm4bc6il5BMkzGHx9xNmzC2qt68E9yzoA2u8fpulw9y7cv39X5uPNze2LF8+fPn3KHH760x///Oe/uLt7/6d/+udzrn/rn/3tv/vP//MUw35//OGf/8Wf/umfvn53pwpXNxuUdsjTdJzf3cOru/dv3n/zR3/4u/s2bYdVH9NB2qR1l/M3r9/uj/l4V+cZugRTgZ99NYf0kxcvX9ztpm/eH+7285j94YOBoJVy2D2I+FNqoBAQhhRJ22c//ck/Xq1Y4eOPP7558vTJs6fUp+PuoUjLcy2lHB92dc55mgFgnmcmGqfp4eH+cDiGwIljCOypIblM+/0+hohIpdQmjQEJYKSDi9aHYbVer7SV6XioZS7zFGNUkf1hUWSOx+N42NVWD/t9iMFPuVkAQQAAWalJREFUOwAwIkirWWuebGG2qJmNh51TJMbjqGbb7Waz2cQQ9/v93f39m9dv7+/uDOTh7v7y8vLq6so1gsxkZmriwHttTQF2u13NmYjGaeLguRs8zzNzcBV/F9CD8FRlvz+YKRFzYFP0qE0A+PLLLx8/3K4C/rUL9tFe/Xzqz7/B6X3WzujQbzY9BwCwR10GPzZWf0wZIvDVpPn8tES0LAQkPPEOyA2s3fIL9WxjBQQucnm8xvvrPv5Lf8NjVxU45VycfnZLh9/AVnBIMsZAj2hYMSUmdsLI499ca0spBQ7C4rXgUWelgAgfXPIwcGBi5iZNmoAKFAVqFoISRCZyAkMIgZAoko98qhqkiZ6o2mymiIFYVLtuW0p5/748PDxcbNar1dqzbUMIjotM0/iLX3z2s5/9fLVa/e7v/s7FxcUvf/n569ev/uk//RMx/fR73/ud3/5tRPyn//SfPjw8/Omf/uk05eur7cXFxcuPP77f73KZ7u/fz+Ohsf3wizxc/nLU9vzycjushfnNcXd/3N/tDuMEeYYZoE/p2XXPZfzZL+/vD1MWnJWMcJptM8DVde+tl5ntdvPxACkCNIgdrBJvhw5b++wnP8amP/jB9z/6znfHw6fXT59RH6c8H8Z5mua3X39zru2vX7/u+95rxP5hFzjEGJiDa3hznkotZoqI/tuGruu6zvfGTvLz5yOlRG7g25pTg/wWFdUmUkqd53G/j0xETIHDerNu0rSome2X+dzMtNW27CYeHlT12bNnbtH1zdffzPM8zW4/1+apAkDf93d3783MW/jd/t5hhcPxMJd8PI6o2nXdXKvLuvyScZ1rLSWPo6iWUlpt+9kF1xXAgzOWj3WiX7v/v+2MjOe7C+nU0hP5QSVkWbDED3Xhw7nyf/1Npw+/HdZCRN/q0tEfacNHm8fTOlD9ZSzeKr+pQACBmvF/xd7hsdXab6wR569SxLd96PyiXzvqj6oDOffc/1NKycH+x3+takVyLzx4zIZe6sLylyrgh9RlRAwcAofYWmuiCtIARCs0IWIlZJImFMk7xJIzA4TSKhKiIhGbWWD23u9+v4vMXdcBhMM4T7nOpa5Wq9vbW086ZCYRnecJEd+8efP119/8+Mc/+dnPfjaO4z/3L/zd3//9308x/vAvfvizn/3s7du3OecY+bvf+eR//e//w0+///0/+/M/+yf/2T9+/fqbL778ZZ0OX5Zvfvyre4w4bIe7/dwAv3nYvdntlGDKEBP81tPnz549GyKW4/3u3esQwlTzPJepaE/w9Gr74vmz9dB5ZvztZlVb+9Wv3nUJNquwinQ59MyBRb7+7Bf5uL/aXlh9MR12OEdOMR/HX332+eeff77qB28NIvN0GAXMTH2yINBhGDaXV02ad2hdH2MMqgEAhmFoTVqrTlIEANFWGzChSa1Vi9p+f3RBwXg4vH3/fp6nGKK0Vuf85v6ulMIhPH3+jDnUUvb7fT6pJAFgt3NvyKnlut1upsNY5wwAr77+ejknSMMqxRCZw937uwX1FD+/cvf+Tk65eH5YxlwvLtZe4v2XpulDRTMzZA6EVxGbeHInyKOHfyoaw5JdfRbw6KKZXI4DsyECGSAQIhKTB2yrIhG5o94Z81cDwN9M8v2W38GjeT6Ex7QEMFUDO1vkeKftuQxMBKrIHE6nzkQpBWZGxHEapUltJmJAggjsteOvYIfLff64PJ0NWumRMhoWG5ZTqMyy+1AFbaqqHP2PABEzA5yJCIFUtakQop+vGLmUQqaJSc1MapEaAjEzaHP5l4EiQj8kM+/xJRcv1rIaYiAutQQOxJRSQuxLzq1IqVUFprEiwEL9g95EERSDrIZOVPl6iOYxN6qGQG5pfBJySG1NGyO5wdk0TarqhBOXYPV9v91uAeDP//zPf/Sjv3j9+k0I4b/7D/5BCOFXv/rVX/7oLz/75eeHw0wE2+327/29v/d3/vbf+f3f//0ffP8Hv/97v3d9ccXEAHp1nXLd7w/jJFNaDZPK++Pxzd39m/daM1xfdC+fPntyfX1zsd50NHRxvVqB2ZyLqaHBuserzerJ9eXVxTYxBcZAEKiRtRigjyEyMwoDoBkYrlebvl+nEBFpfzh8/tkvf/Sjv/jTP/mT/f4AZhyCqUqTJgKi0qSVamAxhECh1FJLrrXVWg6HwzSNpVRTnaZ5mqbj8eiDXaul5VLmPM/zPM3zPD883I/jNI7HcZzudw8O4InInPPd3f3heHDf2VLKOI2H42Eax3L6eP/uXS3FzJjJAypO9OQzQGXDehVjjCkyh7OxDzOP41HE47VNDUSWmbPWqlKXW9/sJOOl5V8XEzFGAHd4AXPzolN6mhotgz0RIhMj0UK9PJ3fU5mwxzc8uc1BCESEp7+d8BzEAr92/B7f46fYFUT3jTk1Lad5mM4/6KQ6tJMtmh/0RTaLSLxYIQb2CELAD03Gh47oWwShb0Hd5yl84RIhoi2ca0LvBfxXTz5gRAvzSgxU/Y1ZMBsnNS/Hzk628QglFxEJzF3XEyIguB/VQu52UjbbKaQC/K/qEg+reHtzVeqU50pkBkJkTIwEgZkZOAQiIzBAUAVTqK2pFt8l+LeSt4k9SF1Ohn1L9+W1YTHtEnPnc9Up5znnKc+11Spy8+RJiPGbV6/+sz/5k88+/7yJ/MHf+lt/6w//8IuvvvzzH/7nn/3y84epdgG++8knv/t7v/c7v/M7IYRaap3m77x8+fzmye/+4AeX6/V4PCBYiBBTUsSptbvD4c3748M9bHp4enNxtVpdDt3lkFYd9IwX66FPvB66lDCFmhj7xH0XVkPXpbBZD4Fp6GPfhcAQGEkrWCWsAECQpJICxhBT1x+Phy++/OIXv/j5629eqUiXuovNttZ6zqqfp+M0HbVWBKytjuNxHMdpPD7c3929f7t7eDgeDuM47nYP9/f3x+Oxlbnk+Xg4Ho67w353OOx3+4f9YbfbuQT48PBwn/MimM0l7/f73e5+nicwLa2ZmgccqTQz3zWoSGMmZkKEtqyCSnP7MY9tITAwQFsc3haBlKiK2ysxcwhUirr1EACoQm2Wc2utur/wKWCCyD+ZR82cBntEcxdpn9zVQNWIlMjTmP2hNlxeA5wP76mY0Dm1+cOBIjI67QsQ4JGvwYcf+Oul4fxhpzcIH51eokeH9vSLtuQtuzylIQARhsj+ypkohkDsDMKTPPFU4s4FYmE3QkAgXIoPncENWtaEiB++4A+4B56CdfA0Lvmb4yWCkcHgVJfJo3yQseRMDIFiCOy1lJkXBYxznMgQMJCrxxEQHeFarbrL7bbVXGs1AEZAMCIjcnmou5dgjBQCcDAiEIMmUKu21lBFRXkd0XcxeqbdgiGRLfjJ8vaYRzXL6cHMuZSyGobr6+vdw8MPf/jDzz777Hgcnz1//m/8g3/w+t3bH/3oR59/9nnOOTG+ePHiD//wD//O3/7bf+eP/uhyswWAOudxv0sxvnz27Hvf/e6Tp0+0SRXZHQ5qUKs8HMe79wUabFaw7rt1l1ZdXK9iFzCgDEPXdWm93Ww36z6lPI+tTPM0phAYoIvBC8eqT31KJrXVjKZL+6U8lTnPo5qsN8M4Hd68efv69TdMnEIc+mG7WbdSTZoXzHfv3k3Hfc5za3WepsNud9jtDoeHt29evXv77v7u/rDft1IO+91+v9vvHrquK/M0Hg/TcZxOH+N4XH4epznnMpfUdYQ4T7P7RKkIIoqY2yiJCp4aTacPMLO/9QjARCGEEEKeCxH6tJyr1lo9TABouXncLxgQkJCZS6tI4Ni2CKiB9xEqSrxUhxA8wsvTfBmJ/Hza6emn03V8ymLXE9LmJ/E3xCvgcuDs7Kt8Kg2e10Onx8wQzinxyw/C31wmvt2bLE/veeHPRPDtAuG27mogCqBeIunkmIhIyMS8dBDkX57atwBOM0NaXjQ8+lw+Epz/mVwXdyqwrnc6vw9eBPHkl2cAZkDesZg9aoAIgUJgRAhMIoKoRMuekogAT6/PPzMAIq5XfRdTDBQDTfOYUur70ErxTGPmZfrwLiMQxsQhkGvlRE0MRKE18GmB/5U//heIQ2tKgLVp6roQU87VxABJ1FS9E0NDf8QQ3RbTtB9WX7/65sc/+clnn3++Px42282/+Md/fH1z89WvvviLH/7Fm1dvL7ebJze3v/d7v/cv/Yt//Pf/3t//+KOPbp886ULIOe93h5ynXPKwXn/y6ff+G//iv/S9T/+GNsi5TON0OB4jWZtVCiSsKVJgMMkm1UwBMaTOL4gUw8V2PQwDgdZayjwhWN/F9WoITAQGjNvNVgnGcT6M43E6IjRiyflYte73u9bKbrc3kRgiE47Hfcl5nsdpHHOeDvt9mcfxeDzs9yXP03Scp/H+/t39+/fT8XjY7w673fG4l1ZiYELI8xQImFClqQqYIhgaHPYPNdeS51KagUqtAEoIyCGEYABzziaW8yw1B6az8x8SoKr7GvV9CkwAptIQrOsimLpniB+h2kxURKt/+4kgxs5hCARMfWQmVTEDIggM5n5mCjlraxVAEJGQvEJ5EUFCIggc8NwjExKZmxctu3jn5Nqv+5c9VhCdb5lzgfAytRQIZxEj+mxBZxTCPvwgAPpQMhb6jrcsp64F7HRQCZEBCZDQyOWJ5GnjYACtaWtVVQkJ4Xwg3W6WiH0uMfDT4pkjatLUI7L8gAVEBAuLyFEJT+HUaEx+SiBFfwwVDPreKf6cApeiaiAOozZbYg2bhRgRyZ0Xhq5LjIASgpHPKAhMyAiBCIHArM7mvrIxIJiYNTT1F6MiUhsHjgSBFsd7U0FTf8UMEALHGEJI17fPumENCAY6zjoX4z/83d+6vLy8uLgIMR72e98plFrN3zWfcNzH0lRUAW0ZesxcbbHf7+/v7+d5/uijj37wgx8w809//rOvv/yKCK+vr58+ffr9733v448/7ofh+bNn6/VqvVptt9tAjEDHPB3H4+FwAOCPP/r493//DwOHYViB4mq1sTZZq6oWUFIKZuoh7mKgZkRMhCnFGGMX49D3gai1ttvd7/e7Vd/FwKvNertexa7DpevVUmY1aW3OZTaAeZ7ev38nteScpdU8j8fjfnd/d3f37uH+bn93l6dxzllVCVRFUITA+hQJLDIzY2CYp6O1VuYJVAgMzAIHYj5TZ0yVQ3D7YESQU3IIEXn/HWMMzAZoaqXmnLP/wRAZAMhtg8C8X/Cfvc0nphD94VS/kfzRd9Oe80297NKJmDmlyEzeF7oV42l1B7WoSPXLzIdeROTFEzLQUi38ZBISMrvbNHjYt8rJm+jR7M+Mi6uh2m8sEHC6J5dOhfBMgqbTj6VRRzCDsxvq413Ahz7ivEz1Hhs8oOtU0BiIDD3nQqE1Fa2m9u0CQczo4xshIeljTsJyu5uYQWA+r0MQP3zh3+ZGAxGGEHz5f57vUghIEEgDwaJxNzKzwMH/flCLTERAvHg3ILqVGzEzI8XAHLgfIpKV0nIWZkBVvxyYWE0BISCFpdYhmNUMhBCYY4i+SjITJO5SD4BdiikGQg1s/Fvf/27qur7vu5S8J/PpVqosWWKEho/TuE9vDEI/DKXW3X5///Awze17P/j0008//fLrr3/x+Wdv3769uLp89vz5kydPrq+vVXUcj+4pbKqr1Wp7sQ0xEmEp2af0eZ661P3Nv/kHz568ePL0mTVgY7CG2sRkGHoAVUVFEzHXMQECY2AOqeuHrg8cvZyryjyNrYkhpBg36zVRiIGWJZHZXOZpmqfjMc9Tq6W1WuZSSi55llbfvXt73O/2u93h4f6w383zpNJUW59iIGTCvot9l7oUuxD6GMjMVGqp2iqoEgCasXsAoxH6w8FuBxEj15ZFAFRETVRc7uJXNZ4e7NqKalMRBCU8HQw/zEQxBublqvU1HjERGvhzf5rzRbS1KlJVRVXAgJEYKRBT4CVFFe3U0S9kIVVprZ5SE32kWAwOlmbCHwzHGckfWVBdTrxjmSe3S2Z2b6iF3rBsKu1DgTi1A37DIyMh05m2kEKMfp6IAb2+fBglzvaNdMYRz+vER7SKDwWLjMh/PpllK6hpa9VMvNVC92vyuhaQAzJDCOYJ916LRB0x9XXvmbihS5/1qC6cJixFhNV6CIETc+SIjAgeLGXr1YBAqmJqRHDmlAciAgVCAOtS5wNPCBzYARZghpQIQRDUFEwNxBAQFJjYeytmjkQBKRAbQOAF2DDRyExuOmMQECJax7BKfLXprzYDf/z8dr/ft9ZW6/XVxeV6s0bEplJrlda8a0BAJ6jZibyhpqY6DKva6n633+0enjy5efbsGSL+6le/evPmjSFcXFx8/wc/uLy8NLVpHKd5fv3q1f5wKHM2g2FYMXPfJzPgEO/u3r99+y7nKmKr1ep73/3+xy8/0dqkNgMTlaHrvRyIqqr/otv1iCmGED2fGRFjjIiw3+1KyeM4tSbMkRD6rvMH1Rs8qfX1m7dacy255BkRPSRQpeV5stpaySXnb75+O027nKc8T32MkaHvUoq8GvrEGAg5MCHEEGIglSbSzBtcXZBCYmbm6N9SN/A0U6kqAKbthDECqA8RMUaX54pobVlaIyRzo7FHF5FfHkQUiGGZToECAyh7PjyACLQGrZljSl50lluXiJlCCIgOpS+nxT+JNPA8+HOBOK3Z/WL3AuFzwHIs8QN44UmKp994mrv97/DfpX+lQPzGHYS/byFE1xTpstcwNXAz5OUdfsSnwBNGYubjg51kGR/wAl8Qnr9kUFABFTMRU0/qREL1boUJo7MC2Gcr+3DgzZuhdhrg8URq+lZpOK8zu77nk9BBWnUYrBW42A4ILjWHJapSFVSj872NCLnrAyMiYUBK0a8o4mCtzUTSdaHvOCKBQS0KqiEEAPNXHsPSdTHRdrMhwDzneVSEhgDOsmJQtJYC9oGs5YDGEUwNmIOqpb4PMfWrVZ/61HeBwzTnWltrZenRzIP0zJDUYHOxbaK73f44Tmrw5OmzKeevvvr61devVqv1p59+f7Vabdbrru/dZEFF7t6///rVq7dv3wJCk9YPq64f1qvNZrMBwHfv3n/2i8+P49h1/fPnLz75znefP3+BSKawudygwZznaTzWkj1yp+VWS6tV/P5FwOC25zFsN6sYY5VSSp3HMc9jLllau7m92axWKTCgDim2Ug/7nbSKZgTQJY5MXQwxBJ9Rhz6gyXgoeZrn8TCPBzAlRNMWCIehTyl0MXYpEGJgYkJRKXmureZ5NrAuxi6GVhuYERATdSl2/cABRa0WrdVKFqlNtRICI4TAKcbALLWWXGoREfG2fBmtEX0fuSyvT8tj8N7YjyQCowW/HgVA/ZJSUz2P+ozsId1Op6eTqSwgmIKI1SK1VfFYLVjKk9cFYn4EFAKzw3SGS0SdqgqgEZLfxt7mAHqj4R521nzGFnFQz/fg9GiUcPzRTFXFczhNATwCz0ebswnbspIDPG8fTvPcacPgLRIxYAwhEAde3iU8rTN8bAaVGJiJAmNgjsF/hBijSvtQTcwvS1BT33acyJkL1uOAJAIEXr6hJtrqXHIOTDFwjBxZVapKAwNibxEWTRCqoBBSIEIGQ9QUQggcCBkxMIdI61XqEhNCpECE/hWZGqg4gEOAqBpC6Ppu6AcDSyGshmHoQy1FqtbSACR1MSybZ/T9CPeBRMTpegDuGYAhhD51IcU0dEg0juOCTbSqJ+sMM7u+vhGRw+EwzVPg8OTJk9rq3d3dNI5d111cXATmy8sLL/kxRiZWkWma3t/dvXr9+jgeSy6u1WUOm83m8vKKOZjhu3d379+9v725/fjjT/7g9//wxcvnT58+MdD7u/el5lqziTZpoibNewhoql3Xx8i9h1qkngOnFACtlZpzmaepafN2OUQe+i6GGEMgwtZqzaW10ko20ECcIq9XfddHJAuR+0iIUnPLOT/s7g77nYmYNCZgpq6LKcbNauhXPQcOTKAqJuOhtZZznUuuZrqYgMOia0ld33VJpRGI2AIHOkn1PHufbLxQmpRapLVFIeSXgL+rIXRdd4baiRkWWMHhBEAw5sX+XNVUnA61RKmcKAzehPDiEna66tRAFaSZaFsaXViaCGJi5tOfpvO6wK/W0zBvIs35fx+2CctC3R733q56WJL+4AMd4K+sFfDkVQfMv3Yzn/77X/k4Oa3a8krwlDKzYDBIBEgGpxBgtQWSc7pPjAkxIDIhEDvxGEIwR2rkJOh06qqZoeF5IYILBwGJCE/silOfhSFQTDEwBaLAyGQx+PwBDAAKIjKX2mplMgNxy9DAAY3cgJJJmSlyCkQxRN9chMTMbAqtFmntnI5FAF1K/l4yc9cnYk85tHmsBo2JYwi1VlXlVWQ1E9VaipqVUmopouqyvGEYfEPmWmWTU/iumZndPnnipWGcxqdPn15dX9/f3f/qi18hMYcwrAYA61JySNnsA29TRKZxnMbp4eEh52wCRHyxvVivN5eXV0Q8z/l4nL75+nUM6fr65qOPPupXpFZbK7vdzlTFtLYqYiogCoZoaoGpiTSphMgxhBi6PsUQasne5qrpnOdSiqkwcQwcYuhSCiG0mlsr0zzXUkNAxz5C5BRCYPKuTFVb0zxDmWuedjVPrVY1STGmwP2q71LsuxRDSDFEJuAmanPWUksts5kh8jk3wfdcHCIRUQBEAQNTaM1Umw8LKcW+72OIACbNm6NlkPLBW0UUlqRDZo4pESJx8OceHXE8FwhcQAVTMFP3CTBz2gKyn+rTafc0KDzjAwqq2qSZKRic7kvfcZxHDH40a6Av/HRZDOopiMVXm8Sn9SYzMS99hOqHTeLjAnGuDqei94E98esffz3X+WyPdhZwIyLB49q2DCSeByjNWjMRIIxokSi612NMnGIMIRLjY/nCef1BgOcwe1z2h0hwgkcIAgd2KzEDQmMmAkAwvzMCY99xDGhqplABRAyhqTTwe9kLYwiIYKZkGBgDUQwUI6ZoHDCFwRFcA6mzmlbTpqYExEgxRjRMXRdD6vueOeSSbbGlo65fc0h8e7HxtwZOma7TPJdcnPHut/3TJ7dmUGvxXA07pYI9f/7cS8PxeHz50csU4+vXrx/ud75/6vveAErJHlY3zzOYiSqY+X9Vs/1u9+bt22mcWmscQkpJRWOK2+2267rI6f37+9evXzPzxXZ9eXn5nZefrDdbwEAQchY1NEOkxTO71DrneXZbBG+NUgohlVxS7IZh1fXpMB5F24n2j4wQYoqBm2+WzJo0IjQ1M0UAJiQOqetCCCJKhEhNG7QGtdTj8VDK7N+DQBxCSJFTDEPfpRguLrcxBkRREalQpZY8OxEAFjab4w4hdslrgT8/pkub6sZ8zIGYQwjLjlW11ebk1GmecqnzPDdV8vmC2RcgTkIAhA97AfAlwwlRX7IwVdVPO4DfRITMfJoRPmzylqWdeiK0nOiFAAB8qivnz/W4QMDCMlTHTe0U2epmEMx0ajqWAnHaFdiJf3diK3A41Qg6EYSWLwfOUo7/YhkEAtkjPcZJMY346wXCLadFQZoi4IeLN/g6NnCg4K8/fCgQbspC6GPd8i1WFQTkwNIaAKQYYwhdjL75IgDyZAYAACOEGHno+i4mMENAEK/e3r6JSEXgpqJNVSWGSAiMCGBd1zFTiBCYI3fsrw+p1IoGPijB6WshohS91wgxxC4lIhbROZdSa2vK281gy6IZ5JQ5OU3TcZpcqJ9iHKf58uoqpn41rI/jqAqiaoAhhWma375/V2odVqsmcjgepnkCwBSjizVrqSLuu4gKIGrEgWOcxskZPio6zsc3b15/8/qb+4f7VlvgcHF5cXFxsd6sDazUNs1Zm3Xd5ub2xXe+873t5mae5d3bXW025VJrzbU0f8rREKmpHcfjNE+lKiECUt+vVqv1ervth6G0lqe5tmoKpr5VphBTjBEIxWw6HvM851pqzUTcd4mJ8zwzYYrBCQTOMK0NplKP4+EwjqpCBkNMQwqrvhv6Xk1TCil1XQpMhgitaSu1ltKKiPeWIXJY+L2MzEgGYKDS1ExLri6Ica7BgowRKpiaHY65SROpqjZ0PQHQ0jiAj7hIwOgUGeAzd4/M5/nzBe2n3ZaFxPLbFuDMYT141PzbwpDzzttdr8PCnfTPawhG4PwAXOKgwc7tB6EnNYj/WHBKpyog4KPJH1EJgAhPBsnmGxYPg/eR2HsA80Tqv6YuIALjMiyYeTK3oSmeQJUTNrEsWZkoRophgR5qa61Vs6paxETVgfMQOaSYuhhd3UgIYMoEwMyROQQkergficzLcs2FmUPglFIM5N/MEEIgCrT4XHsYUmsFwbo+DX2fUggkpqYnkjuRmHMTCNAQFJA95JqYQxeGLva+vg1MXYqX24s+JVA1wHmeWxOv3gyIgMwhMEf2kR8RzBd4fLEezisTMFARN+RyaL15gosIEanq9mJ7fXUVu6RgpdYnN9eAOE1Ta229WjPz4Xg8HI6gGmLsUgoxmoj6KpnIROuyV6sI5+YQS54Px+PbN2+/+uqr+7uHWqvrhX1IG1ZDjPG4H6ex7HcHEXz+7KPbJ89vnzytItM8ibTDYTwc91VNVQ3JFh/5lkvNOZOP2kCK1q/WiNSagJqPOU3EXyMyd0Pf9YmREaG2ItK0CQGJWqkVANlXOMPAbIYiZmJQm5ZaxuPxeDy45QUwAVPf9SnFPnbD0KfYeQoIIrYmalZbbU1EFcGTtPwoIUe/+VFNWxU3U1NTRAwcnL/nE7tqU4WcbRwFoLpnirRGgItGyACZT5e4X87guh4kOMOc3smrwjJcqyKcecDk0CHSmce8XNFu0CKn//nV5nDoiVd83jCcb2VvqkHEQxsUT3CmFyHvNx0+sIVd4Vi6qOojPcJSKIkoeFHFM18b8a+MGWjQ96Ef4jDElBBB1UDawtc6VTxIsWPnmcawaCvYmJaFQa3WRJs2W4LHz8RHpyt4hSQi5GWHRYGo1OxjHKrVKg5jM7HneyECo0ViJK8nIQYKgRgdxwZkDMGbX0NcFn2tmYjUkmstTCQmaqZNQowemEeAC/+FQwqeR5pSlwJzmeeTPIbY+TKqBuYoUoz+2kNKcSkNbim1ECBERLXVaqdw8Zznk6qf15tNTGlYrVIIq9VARNM4iqpnExwOh8MxqwExugP5aQTxPlhqq621XJa4JKflil+RIrmU+7t3+/3u/v59raXWsloNV1cXzCEQ11oPx/14POacN5v15eVFjGG1WlHgUnNtUltpteVSpZmewEMxbW4rKFqkDcOqH1YhJURGYjOorTVTU1AwQwocY9elLnnoKwGa4TSPpWQEpEWPEELXhRhDRCMxMFGYm2apu/Ewljzl3Jqk2PWc1qtVl7rUxZS6lCIHdvm7tCp63t6os+j9QWPy7Tl5gVCxJu1cIBAxBAbAk4mYEkEpWmvNeSq1+g1wYgHTuV3mZaHg+p+FwQQnTGGhCfgK7lwgzvyl09lGeOySDq1ZbdJqbVIDM7Hj5qdVxwe4kM6fdqFZq/PWzfnRYUF2F8zyLOU51ywRdT4NnQ3qFlIzAiETMCIBO67kfEr/TL4MjITb9WY99ATEgRF9sj5Rrd2ClcnbFSZcvhQvrIyE5tpQFZDlUvG9hHcbfIZacZncgBHUNCCBiaq1plqBUJmJ0ZeCGBABzaEiJiSkGGIKKTkhmhlBVRshBI6ORAKIa+RKBW1WJS9QrgIhm3tdGQIaEgUmDhSZYwgpcGS6fXIbAs3zuN8dERXN3NjC9Rz+fKQYQ3xUGgAAwa2eZDHtPdnFtFIB4Hg8ElEphYg2m83F5aVIY6RpnlutgBg4jON4nIsBBLSUupiSiDjbRVVzLVKre0oYgi2oFYYYlvPG3Gotpex2u8Nhrypd16XUIcJ2vQ0hEGNr7ZtXr/KcifDlRy+fPn+63my6YfA5V9SmObcmpTYVVQNRK0Vybbm1ViSE1Pf9xfYydTGGwMSGCAbVBfwKYOYwVdd1qesCB2YqtY3jkUPEs5SAiZm7LnFIrq11VPCYbSzlOB7nkgnJACPHyDGkxDF0fR9TR3zKhjM1M1FrrfnlaKCM7IR+IlpKtltwNRPHY8xOMaeUUtpuN9vt2rufKUOrAtY8todOayT+wPNj11P44SUgODF2znqBxwXCr/QzzYCQQgiAC5fZAKSBN7qtmUE7V4cTaXiBIz7QIc78x5Ojsi9DYwz46ONcIET0VLP8Z19Y2NIWLSwBp0vRkjTvND1c5BieZN+arddDTLHVRkTEnvdtYMqweLqoLJri1pp3JWEZ9uhcIAgXhygTUVNp8lhAQsxkoE2ILBAhGoKBNqkgsgRnR9aFm6jNQBmRYUnK9N1/CIGZ4tKKOJohjvou63BpC3JkjjFLrUUNiIIvgfwsAxoaMlMgdn4nB6ZAgBoiBX+hUkvLYKCgBqhmcHq2+bsffxRj1JMfjqjW1po0cQMM3ysZzPOsqqWUru9gobsFU1CzUuqUCwCGFOe5TNPsCruYUgjRVNS0ttZURUWa1NZKq63UXIqYVmkuaum6LqVk6tCOlVJzzu/evRvHY0oppi6muN6uU9elEA1st3uYxpkYt5uLq8ubfhhiTCGlnMs4TkjoBV4VnIXhdu6lVDVD4sDc9V0/DF3XceAQk5mN0zxPk4HV2rx7CxSYOXAMHFSatFplcTt13AUBri6uU98DYtWiANUgZ5jmutvd7w+HUmtTJWQOMaUuhZhiIu9AiJ1t0UprpaoKgqkZIjBi5MgxBE4cKIbgm7xSDEC8cvnt7fruYRiYyUkstco4jjnPRFRLswWdseVODuwDyUmD5GosO6k3HykX1DzBEcx8m5BiJMQudjGE047W/ZSWDmLOpbVymiEWDiV9EEz7OkABDQndPsL7glpFtCEqIkSmwOTI/9D7DaqLHnyxZlKVairn7gDBnKHkf4qJA2FgDOyKBiCEaZzH4zHFcJxGdxUwM6dqOpfbqRD+Gr35CcyBw2a1Hvq+i8m5CeR8NoValMmYKBDP09RqlVbQTFoNjCmG9WrYbNbroet7XvUM2kxgnK3NzSSDNUL0hC4vBGe5VwgUQkgxphhj5C52/umZKMWwHvrUEVMjhKbQBJqAqBhiU2RaLhVCi8yBFg0oB44xxBSHIfV9t16tUgzM5LoqAyaC0wY9MiE/u7322clfk5dMf9rIry7mk2oOHMJorfm5dTmNB8ciYuo65xqj67EIQwyiAmqIqP7dUAUEtUXHWUstpbRWal1G/kAcY+y63ofQWuvd3d2bN2+kSc55oayQ73Jia23ORdWY6fr6ZrvdGsA853GaajNVLVVatSqO4ZMaNiliDdBSTAqKCwrTdTEBIZqioYpKbSXPtZSUOg6BEHzoRsTmHprN3zQkJte/hRi6blAQD0c1hblAqXU37vfTsdSqIhwCe0lVKbW11lK3zBpECKDipigKqqrmlWeZAkIMMYRSqyrkXKdp8h14CGwG3nYhonuQm0GtMk1TzdlNKBhPYkQ6tw/esi7/QyJmwEeiSf9wgwBdchbVUdIzvuDyRSZDWohStVqpVaQCgD+m/tNSIU6diUvCnH3scSoq0KqJylnPQCeI070Vznrg049FD3yGPHyZ539tYFpGFDQEY0ICEIN5rt6zMjMDOvWZFm4o86ndWdrn1kTE3Zb8ZfiRCIGYMaXFQS+EMM8zaNNWPSmxi7xZr4aU1n3PjJE5MPV97EKLTvpooGK1VTOh5V03PJlQ+Sg/DL0vNFOM0SlJaC4QDUwxdTESBwBQEagCpdYmbco1l5wYTyiUnFiaig5dEjNjDLwa+uD7U6T9btdEzypSM1tKAwIaGCKdWPdyLg3MfN4uK5iollrmPNdSHJgqrZZagDB1XS4lTzMSNjVAY+amzQx8o25motJ8kjVz/EVac4n3nHMthQOrI9cAtIT/Sq31/uF+f9jvdvucp24YYkpdn4iDAbQm4zSa6nqzJWRgLrWJqAjk0oqoCKhYUzQ1gVmhqjZAKLWoigEZQJcCE4ZAhBSYVFotubbmAiHfC3pLFlNApFqKmTZtqmYKgBAohBBSSEQckQzUwArAscFca56nWlrOWUWrNiCUpqWU1dB1KQ5933eJAxlYE3EVQ6tSRZzCwAw+C3RdRBRVawKtNdWipswL4+g8gPgpag1KtVprqdl9RM/a5pMS6NznL+wHjypYNmenxaPPZX5UVJuLHINToTm4opkI6CSoNgVRk9aaNFhoE4+E0rDsIBwlXY7b0q6A3x2qzRXEH7QbjrUw0uJutvxmAwNVBAFTQGP4lijLf6C/PAJ3eNaFm63s5eYk2+y74WxUcfJEUBFxO6zzpOObShdJedgkAMzj6AO7iiFAZEgx9Cn2XRcIY6DA3Kc0dKnvQ4qGKCqQm8suywJZwwIsEaOBU/tDDHwyLqYQA5OjVcE5at7XcABQrQ1q1bm02ipaNWmL+xX4JbbQLRApEBJRirxw/zhc3zyJTOPx+HD/ILWoNH7x5MZOHQGA/XWlwXeJC9KlKiKltbTEY2it1cULpZRpnpHJd7hAKK518M3WSRbnvbqomloTqdXNk3IpBYlqLSWXWmsMwb8Zbsp4OBzevX9z2I+b9UZVl6bmtHdvrkoADDGuV2t/g92SwNTEsBZpJkZiCKbY1MYxl6bNibemhEaMLl5azNFE1MQUzp+IaVkEuMOXO7vWWs0gxZRCMIDEHOOygDBScYPjqi3P4ziWUqd58r2Jiqw3a3/QouPLgTkGQJ2nKiK1VXUa4kIfgIvLbYwxRkYQA5MGpYhKCSH6CT/fbIjoHmiiUKu1Ws2tl084JJ58XVzbEJZ3+0yCsMd6ABUfa+H0rTvnRNOHFcbjAgGgzoZsFb8dAHvuHRZ/EloediRwuxFYxKOm0gjJTimtXkIW0iYte8EF7FVQtZOtwyKgWpiOCMszgrz8oiMf6hxMO4smu27w10KEIgLLVt5CIFUV+aDF8E0EGPhEACKHYznLvRghBvRgsJQiInLgFEKXQkopRk5diikwI1AzhTmDaLPFYtL/r4C4Wa+dWs5Ln0KLeeOJC8Lkkxc6qKLa1KAKSAUy0VZKrU3U8R6nsBEyohEseyYiDhxDDBebbeTYdWnou+k4tlr55fMn51BN//pFmjvQ84mP4oQoZAJCc76LqqoexmOtteuHm9ub0mpTAQQPvDnn8ZwaDnRlqZ1CuXAxxHCfEXAn1SbSSq21eiPZ95EQU4p9n0qpIlJrG8dx97BPqev7YRzHlLoQEjOpQmvujVdrbd1q1a9WajBNmWNqZnPNuZQqakpisQqJUKlWWqulgbTD/gHUNuv11fXlxfbi4mJ7cbElxFrKfveQ54lDZMYYFhXlInMVUwNVmeex1HK5vQwp+X459qlPfSKMpiDWCtSq0zSXOk3jKNq6LpWSiXAY+tVqiF1MXUoxdCn5G9+qn2hRqWBqpqUW1wvjQmFEQO8OcqvF5QmGy/cLCWMIXqOawDi3XHJr2eEHO8m6Y6AUAyMw+8FYygOj8fJ980t4cYVwAubCgLaFJcELIYC8QCxiiqVANAe8DCzFyMwe+mliaIag500BExFYq6DujC7QRFSal6Gh6wJzihzDskogNAAwARM0YWkKqMzQdV3f9WCNEULkFCOS4w/GSClwxxTR8LSA9FUsBwqRCYDJv8toCN6pBIoxxECRIx+Px2mazKBPAcEI0UBur7Z9zwgFCSKDii0BU4TSGkgrtaBqDLRZr7eboRvSsEpdDDGSWKsNxlHnUjlQk9qktVKbaqlV1AAMGYlDl2KXYt/1fZe6GPoUmEMMxGiR6XK7XQ0xBmOWMsE0wTTrnAsgmABzcnG+948IDGpI1MVuSH0gjjGsh37ous16dXV5wZ+8fHH2/3LudGtN1bwuLC4gj+BphIWw5r1GnmcP21sNq1JLDKHv+8M06lnETYvc7hxOgieZndNtRRVgwcnMliVEnuecs7+tDnae1jMBEXcPu1bb3d3dfne4u3svIqv1sN1eMicAbKIhhFIbIae+X283FMjASi3NDABVMFetrdW6eAioFG1ZrfmcyYFFGyIw02q19meqlDrn0lpVFafjMHPXdSGymrnvpIrs9gdtQoGHvo8xMVHHoY8JzdEyaw1qg+Y68DqbqS6xSubMoZRCjJEChxhS5LDEzUOr7syqePJWJDqfx0V+kHOV1pxitjANgYmJAxE5lQBKsVpr03rSLCOBncd6OjVIJ7QRFx8UBmZv7xc2hIhTG+REm14AR17WCwsVAk+8Isc4nTrhM8aJC4mLk+KizUQOS+uBuCgaWhOVxWE9pZi6cOJrAlNA51R4U+6AqFYTdWtbCifYxOdBtsiAKEzGJ6TPeyI1sWXOXzgUMUYOFDm6tBcR5zKP45hzVW1oQAG7PvUpEvv2IaWAUltrMGc4jsLUXBRHzH3vnWXo+tT3HAN0KfRdFzgEZgQ1scO+SWtoEGOMMRExIgNCLTXnUnNttWzX6xi4Sw5nLqivi7Xcj2OIQWpGBHezqaXmkucp55KZyARNUKQpGPsOhTk6FELMRF0f+77jT7/z8swTzTl7aXBwKEZH8U6y+8UAxAFpAwRirtIAsV8N/Wp42O0QKXapncVaeq7JJ3xMz3UBAEDBXKDrm4gzY1/8svBJQ2outdSsoMQookhYtc15mvL0/t27UoqDf6vVmimGFBG5Nh/IGyCtVqvlmJgFCmJWW9Wm2pq0qq2CqZiEGBGx1FbmUlszhdYEA3PgbhiIQq211nacxtqqc5U4uCI+LNpkpDzPTWorRUF879CndIbrAyOiKIA0KAWkyfFYVBsiqZpjcIEjEVKIvmoNkQMH37qo6yWsLRz6wG4GsTAO0EVNptJMmpkSONx/agWIDNX7aBFTqbVVNSX8liYaT0xGRvIRfdlEnOwnkOE8ayySLecRA3mPvfApkQKza0nxpMIu3kK0KqrR6UUnfhEiGggRuJlyYGR2/wJ3VQDQYqbOGefgIdGMZEzA7DAU4InyqCIqzdWKRBYSB4YUKQQIDBwMUb1rOiVBgjdZITLSsmVREETqu94FOKKttjbnLA0AzbQxWAphWHVD6txlggCJLJB4k9WqSM21FgDoYiBAJoqITC0F7hPHgImoj6GLHAJZa2ggzUwQgbT5jsd3BoZGatZ3nnwZQ4jRV5LBbxFOJ2Lm7e1V3wcEzbM03w3nVnIWr84Aata0OFJJhExAxJE5MKYQuxT5+9/92NkpZuBBCbVWER2G/rRxiSd9+1JCzpbkzIEIV6v1zfX1/rA/HA7TPJvZarUax3ExHqdlfrAzfH6y+jQwd6DAR9MHnp44NasipZaSs5eIVluThgRdN0hreXFVzvM873a7h4cdEZtBTJGQ5pIBXMpvHDiE2PVx6YOIAa2pSKvuidCkqljXd8g4TfM0TjnXUpssKxMDAA4BTvkJrbXcmk9WBuA2LM4zDSGBwTzPh8NR1dAsnDqvwBxi5BAAmrsHi8DxCK1prZMpGKDK2Q6akMgvmRhD4OhwVC2iAggCp50hn5aQ7DIdUDNAML9pzRZ2k6kSuZgJvA/3XYC16jFLJ6UVECAvKis4NREOSdCyoIAFETzJoc9MSjsbwDEHt+FyVpJPpc4caQ1qVa3NfbB8Xb3Is3ipoWf+hRuxEQH6TN6aWgEQQGCiFCITIhkjBQZm8+FjmWOXeMyCiLELSMgBOFBg4IDu3IEUnPZBBCl2sUvdwnYjM4/Js8hB1FqtteaYQpNiAH0EUDdTCV3glCIjxRAjY991Xdf1feo6mqbWGuRsUkuZR2kNFVsrjIJggUIk8tjEPqaUwuVmy4FbqfNYAUWqqHdMIUSvBoE265Xfu+fvi3f3KYYYQmRkZgQLHNfDsLnoWx3NoBaQCiKt1jnnrCqtCaA5fo1E7s1DtGSa8d/8nb+xED/VWmvOeg4hDMOgqsycUgKDheQf+Ly2bU26LuVcUooff+fjeZp3u904js6J9HsyxqgqjqgjOsFkKQJiarIsNXHhj5MPIeJSSkA190m35jt7z06trZYKAL6kZGIz8z7l/f39YTyYWehjLcVAx2k6HHZkGGPou27oh67rYoy1FWnCHABNVFVakXY4jqXUkFLXD0RsiKJQmzhFGgmvr643m8uuX6XUtVpbrdM4tyKp6zzuJXifFRZfomk8zNM05VFVfTnokTDOrAUTt2k2g3mCeS7jdJjn4sy/m6ubLnZupuDePkTAjClEJqhFSmmtZJWKzoMgDhxS5MghRPb2S9TKLHmurRRCNDRH/omQ0RhPC7wmrRazBqopJufjL6lH5Nc+IYJ7JrI/CohOK1rMzhTQQE+qau86+UTc6rplkx8CM9rQJ0LNGaTWWmYAQ1ACI8Kw+A6dKUzMdHKeIzMBFRgnm6dqmk2MkAJjn/rehWWRCFvXQUpADEw+jMBcRNssUgIxgKQUQ/DBrQtxSKGLMXYppdQHYndQOx6nWudcas4tEOU8mykzXF5sh6HrEolKSgwqpeRS5y5FBItMgMYIbvEQmLcXfdeBQWsVSrY5lzwfay1mhoDrfr1er2NAv1diiBcX61U/9F23XqW7t4dxrCXnVudSptqq72znaWyt+YVd3GTSgJBS4KFPQ991Xd93yetmiOHF82ebdReoOMewVijSSps5sLQqywBlAEqLo5+BCv/eb/9gwWlMPXLGgdyUkqr6uPXIC3RBE1trIi3GCGDOunMVIACmFFU1peQaL3FY9ZF+nU7Ct2UDrkvQEtjCYPN/Flm0kP7PpuJZb63VGNOJLxwW6SuimdXWaq0Ph/00Tl3XEVPqAnogimiT6tvYRew89EPXuWkvIJpIaTLP9XgcmSMCUWA1aKritK2mSMEAui65cizGSBRtkd80XdKZCIlijDFG9y3IpXgAt9+lHEJMMYTQdZ0z3xCXpNZSQVqbp7nUrKolFy/qbppy9hhwq8+Ff6vWmhgYoVtBoGvIA5/ECLBEMJ+k3B9IDXi6kF2G3Ko2cfG9+AWwvMmn5YHvA068xg9mSYtd0iMTejjrIOFMbVzMHYZhGIa+6zoi10bANLWSi1rzxZS/e+fl1ln9wURMSmRMYAaSQZrUKqoSCBExxhQIQhecJ9L3ab1OIQCAgEHOoGKtVTALMTlThCkBMCz+dCiqTcqcpznPpiqiVUEUAoO0CmD90F1cbJmBmYaui+weOtqajcejtoIIXUzb7cY3BV3XxUAUuEsxRUQSBCjVWmk5V6lYRUut3tB3w5BSSCn2XVqv+u12/fL59bACaVMpEFnBNJc51xlOQHJrzZnjiwSU3AARUox9N3QxpBhCCKYSA19uNteXa+Zm0MYCpUKVUmTOteR5RlPPNxBT94Pl3//d3zo7OIlKzsXMUnLf9m/hNI9QDGnuDbcYkXKtNeesas7xFJFhGABgnmdx2v8jr086eYU6cdNEDFB9llqyE5dZyEwVzHW8YiKqTn5G4tpalaYibgxIRK4rUZUmUmt10cHCVtYFwXTHLV7cmfuYEpxyi0tpKtoEWvUoV3XDNPVlCKCatSbNPSsMun6IqVut1zFFVWutzfPcahU1IoohesfLHEKK5joOabU2AHCJt9ffEKJzc7xsN4GSTaQdjrtScvUnsuuYFm0CnTGswECuPfJqqictJbLT6ZYRI7jBIZ3sf1trdkbpmZEWpoALBFqTUorPlf7dcNHjgt0yOx/hkYb5ZEgPtpi0APo9Y3Kq+EaEFIiZOMTg3a+qITTHxFsDaZ430ACgS8m9J5wKceZdRI+QjxA4EARpXEqVJrigu0iE7hjn81eKye2CCa1Ww0VoEGJMAIEwIgTA4I0OGMwlmxnQ0vIEJmJ1XXXNAGohWOwiocUU0nLw/E0wdSVNFQDrY0deUhH9NorMMca+jyEGYkMI09xKRX9kchWFxUw0JEpDuNisL6/WxLAa0vX19vqqv7hYmcnhMJdapbkXooqIobvQUKAQI5+WA7bZrNxLOcYQA3cphBiGlIbVkLoQkijK3CBXOM5Sa4GatZRiralYE1DkP/ybv3PeHUgTb5xSioGDQ7shhHOk3+PS0Jr0fe8F3ZcUfpudC4r/TlFb2C2/qTQwkajiqWdYCoTj7x6woIul1LI4VlXVnEvOOc/zOM8qaqq0jNMGAIYgKh5IN5fZ1CsMeD6TZ73HGPqu9+RIRBCRPBdbsFQUNRWYS25iTUQMDZ00pdqc9qPOe0kppdSd+UIu4VSzJg0XTr2TBgPzkgAmTUKMROernWJwlDsYuvWmicBxhFKr6mxqHEKK0auDS2aI6cQWDCEsjggGoNZwMZD2bIUQfJO5EAoXy5THSwFym7NAvhRuDVqDUrS11lpxUuYjFRGf68Kp9eCTqIRP+hIzQ/ePkyaweMaAwzii6uuq2mYTQ1zskrww1aJNaooBHrlCLXWB+PyOhZAYIxEieYsjIlWkqWnq0sJ7NjURc4V07FvNzCGljpn7boWIIgqAoubqO1EteeTI61W/3awHDgPHLlCfuOYmDVQBSGseVZUAiTkQReYuphj4crtCgJLL8ZhbmWspIiLa6LSHSin2fTd0XZd6DFyrgllzcnUtrZVcCkALkVLA9brfbNbbzZAiJQbT+vHHLyJT01Jzc6JgLq2J4mn3hwZxKeLIgOvViolDpBTCzdVVDAymTWoMHFPcrNddYtTJBGoBKWAqpZVcp9qkiYoI/6t//19uTWptzOwmKCJyzvyKMbrr13KuDVBRm6ooGA7dAGp96lQ0UCCgwJHAsXUAwFZFpS10WDytrbyXNQwhoqGqObq9WLAbeIHQk5IeF0OiBd9wGoGoyMnJrLbWVJzPAQSEeHLXZ1OVtmx7/UtgxFaqVDGDzWpYD6sudSmk1WqdUvLlbS6tVmlqtUqurdbSxERgWA0hpJgCErqxhUjzg+Z9OCC2UlqtrRaVag7Xn819EQyhiYzjcc6TX/d+tccYYogphpQCIyC2wAAK0wTzmKd5P06TW930fUopxhhiDCl20T3sPfRRmoo5uOOMLCJ2H4oTSxJ4EU0srEU095sPzJyi+10hkbN4wASkNW3N66+pMRsTuZnrwmU87QIYmRZDEsOTtskFsGrqtyqAEKKba0ZGZ3m5cTOhIi16LWlZaka0yOReCD63dzHEwDHGFEPqOHUUGEO0PGltkLOW0gBrWDys0bsPBGaOq2G7Xm36blitBiJoTXMu8zzNUzZRMJNWmpQnt1dXl5cJbAu8AuyAImDXhaEDQC0ZUgSTBmZsBmZksPQXRH1Kw9CnxMfjOI95no/SCgdEMF8QphT7mIa+G4bu8mrV94zQTOthP1ubzZqUAqa1FhNRldWq72LsYmS0jrHvwu3Ftu9TbXWush/lMBZCyfOsreYyVw/CIySiLoUY2GNsiGzo+8vtdrtduwSzU9im1Xeff3Q9dElnqfJmB8cKtVnVEoZ+XzL//X/5X/Ksjhij66qIaBgGcqLMybTrA6XewMUQABBjEpGu6z2iBxf3clAwRPS9pmg7g6Mf2KaIYJ7bjSJithAlDNzV1MxA7OQ9dEJLF0jc3TCXGcFEDVRLraWURUX/QdgLsPjpNYTT9GoAAN6PNakAGGNMqQsu/oyJKSCSAfpYUqWJgjRr0kytiaf8iS3KAjtJ9VwQeZrMXS736H52BQGHQIwGqirzPNVWmjQwXJZ2gYgwdTHGSKRE6u7vpVqt5Xg8zPPslzIvtTsSU4wcY0Lvm73HAl8JqZl7jy/CiIVhG5aQvA+RDY/M2RdxcSQiN1OA1qzWJlJssQw+GdiFD6j2AiWcSaO0zBkclt2RJ5+pCqC6WoROyohlXcmecaFI7oloOZeS82KXtHhnh5O7JjIDsbn3a4pI3LwLGidVzYioam6hFDgiMpjXw8XIPedpHA/zXKapogoTUoC+D1eX2/VqlRC2zL0jdF68CFOkoQdXDbQsrRVoYiYIEIjSyRM/hTh0gchNSKWWIq3VUqW1PnXepjHBakgpcd+nFPjJzXae5+O+qhbR1qTWUud5jjES0rpPl9t1HwNoqXlad/E7n3yyWjnfqj3cZ5GibUZ/rFuttUorbtqoqqiLfsRP3LDqUggDpYRYxpw4PLm9fvHipt8q8HzYw3iEatM0T/wP/vV/TVQAoOs6b9dDCOv1OsTgsJMToth31YSmcN5UpdSJSN/3vmPzDnfBIJHM2VMmsKhyH2luAcAgpgiItbbHHiEn1d/ioADmF4+nfp20ub6XOB0DWTaF0mo7abg0pXR67O0ESvu6btnn1eaCx1qrgKGaMYcUu0ds3LBUH9FSm6lVKVIl19zqiVfk0RaLdthSSnEJYAgufPaGwssEIBAvPvF+YJcDI9qkGqjTE2IMxBj9ryEjUkNv8q3WMo7HcxH0ipsW3oTDcnSe/E2amM/7ujimesSJcx6XCoYGoKInN3o9UcuW34eLt6NTIaRJVRFYgmrQyZSu4T3l0VDgJWHJE+DOBgr+TTUQQjspNRas8oyOcoCzWEsF1KzV4pobBEgxndeZeLJUcMfnlEKXkIO2xQcJui4t0Kgrl12+Z6IqUmcwCYECY55VRUuuZjUEWHVdnxIDroYhpBhi4sAcFq/wGEJMzMiICs1UxLSKVBVZD+vAroALyR0/us4J163UeZpbqQDqSVOBgYhiCF1KMcbE4eryskt4OM5krdXFTqnlKqWYaiLoA3SsV6u+j7Rd9+sYLzfddugQM4O25qLAptJaq9bE1LSJk1D5zDsGJMLEYTX0MaSLq4uuT8DUpD65vVmlNPQNrd69g3EP/G/8d/7bPjzHGP36864hpbTAy6edts+rJRffup27hn7oW23nJxXOnts+Wp+6htONslwwpuqCtlor2Ad6pREi09kBWFTB0NvRk+2P4okiBae0TgNrKmqmi3fSYkvlV4SXJyY2194uTQzmMptZa86MrKq6CFpjcFsO4uANjnrGS22llVZabVVO5lB4yndxXXmfTp58IZx9rFTEkzuaNlVlCsv+yhk6JrUWlQ9GScsbHpx15kwEMYDWYJ6t5jIdD61WV/IsawdX2oTIYSErOUbcamsn9qqTC/08IxIDORu/1XbyWV9qL9rip+qCBQTXPHlKlXp2sqm6zYDTeHDZQixWJsyMZIRGJ2e4xX/ZwEzJleBgbg93MrxH1wsxB1yC4XzzIqUUUD3JnIjImIGIAI0DdSn6iBVjHFY9oRHR0PXk7pumqtBkaVtMHTOmLsWhj6qZzP0XoGYN1BITgQ2rLgQOPo252QGfPVEoBSIyNgUFrWbSVn3vTigUOPm4l1JKyb/BrUlrAqCttVqzqsUQADAwJx/bzfqhu7q8TCmptnmaa2v3d3d5zqVMWkvNc2K6vtyuh/6430W2i/VwfX359PamSwG1Ho8FVECKSXU0ehEf1BbYCXWLrZK3dDHwsFozIwUMzNJk1afbm+vby812Zauu8L/9b/6bMXYODh4Po6oxx2FYJQ4IKE2ltqEfUkiRIwEPwzBNU63VvVeur68RoFYPWTw1BoTo5gK1mjRGTC4JInaSHBMN/UBLzlpiYkcEWhMkjiGp2nictYmzokQXPYx57uniHYgq1k7JKw4nOLDQWst5NNVh6FfroQvR532Gcx+ETBxTQqSzRbaKTvM0zznnaVitQgguyu663vmOC2yvJiKeWQUAptClruv6GJPfeiHEmFJICV2Q5pZnWn0FYGoOoDp0GRbGh5lqLRnNfF/l580ZlJGDO1QTSSAAgVqglkoo0ioBhUirYVgP6+12c3lxQYFCYDBwgZmplFy1iaqgGRGC2WazCohuARyY3H2UPIYTzq7XzpjAsAz8SGi+LKylSsu1ZG3Na4TbLXrhBgRi6rowrIbVqidEDgQgC7cSQEVRm2djgCkursvo1IkupT55xlqopTi3M+e66jtQY/IcOnP1ja+WaIkIRabQ933fdWYmNZdcpjmPU865qIi0Wkp+/uzJ0MdhSEMX1uu46pGpuZgizy2Ph8DUpBETc2Smi4uL9apf9f3QJWjNtwyRKAYKjISKBvM8llJEG5j2fe8TaoxuF9iHQIDWaq2lNKnODzAwMgSEyDT0XZ+6GGJKoet65igi0rS2UkoprUlrc54dQCTAPkVm7ALf3Fw/e/L06ZPb26sNqtY839/r8VBbnXKe8JQr4tceE6cU/dEKHLyFSSn0XQoGiZEB1113e3nx0bMn/D/4t/7NsORaQKn15IwXUohnyJJD8DnNp4J5nmtt7jzRdR0A1lrNlJaIgSVhUURKyQTgcQkxhFMku2/FFxu+EMLzZ88QMOc55wIETqkotTYFt72zE1KhJksUgoKBLSkhJ7t0df6at+kl+21Ta00hOv8KztJjpAXn89rEDKecdTOrrcaT8NZrjivU2Cl9YmbQalO1WlutlU+pTG6ieR7f/T5X//aczBndrtpnt6WbQvLpI8+5iZScp2liJzrGcDaMDa7MJHS/EzMopbWW5zzO0+xyCMcFu75zWD2EQGCMLixSU3EM19RWw8BMnhgaAoMvRMN5DgIXR5xLveuXfcif53Ne2yLEbU1ccmcAvMgpkdyaPYQuMhNwcPgd2DNTxTPQXMR5It8vE8+CejyySAAAHY9TqaXW6sUdF88o2G63ngwWAs/TvKh8zYHs1kRrqaU0EfGxZ7tZJcYYqUvcJRoSrVfdaiC06iypeZ4RDT3lzGSVAiGlEENAtz/xUIo+RfakGeY8i4q0VtAInVaIBGYXFxd93202281mQ8xoVnIute73+1oX19UU2RaiNqYU15vN8+fPP/7oo816g8iH4/HhYSw1V7HSdJyzKjDz0PdL2h2Hvuuuttubq6uhCwgTant4AFUFrYjYRBxcL9MUmMnAH0swA1RCiyFs1qvtan2xHjZ9n8cxIvK/8z/6Hw79EGP0o+eyYCLarDen5xm71OEijkJEnKa5teqJ413XEVFrVdXOCixkAgMHOB1iTk4QfoSZeWnoum4Yhs16U2v1C9sLhyHUUpeltje5sGTIqm+SXHnhRkR4gh29Mphpk+KbHxVxc1bzbs9ZPl68cMlddzCGwjkvAQljSk6IXqSijqz46Q7BAYEmkotIq03rQk4GlLbYQ3keKwVeCCA+RQQmJDP/bjmU0IgxEjFijExgVVprrbasvp5YhngKzEgQyJ08AFFFwTl2pbY5H1orqo4OEDOvhlWMcYlUITxdrCrN44TNTJ2heLI49cXhQm86ybHV1VBEyytRkxAgRuh7jjEQQZNWW1WpKmImaL5NRA5OZAYmC4ypS8wQOfguEXHZJZmqWVNYkgyWUWIxg6BFT5VSCMGpJq3V1hrz4myPiF3XnaxcdXccRdVEAdFzRgJxirHmamK5iIEMfSK0QJwS9b3GhH3q+tQn740jIGFrUnKuUmvJkQJo81UbI8YQXCfVxcX4KQS62K6ZqeZyHAu4SZ8BEKQUjPxpp1XfdyF0MZrZPDWRUsrcpDKx+6wAQUxpNQyb7Xa1Wt1cXcUQMAQDm6rOzR7GkgUNsNRWasm1rlYbJHCV/vXVxWazfnJ50XchJkG0Mi5prq1Wqa21Bm7yC7i4+7m3hUEM1IW46voU+HK1vlpv+H/6P/l3nEq1rAnU/Oa52G69PANg1yVmChz87iqlmDnf0YN90EuDc2N88LWTH1TyCXhJgj7lFjgvKMZhGLquKzlP8+TTvrOqa6u1neJKANzcXA3kRItSMI8pXFYO5up7dev+6kS5E7vLRFtrtZy0hoiBw2kvA3iS8p92JRYCp64jxNZaLuW8H0UA73mB0MzdAaEJ5CIeKoUI7ubkAAqAnfc1Tp/2EaFJY9cJSlNnU4EQwvbi0lFBb5Baq3MpCwsM8BTa4P8PHFilnlTPMGeotZYyiqiKgFkg35xxYk5xsfNZHIxMSy6lZdHmYbzMkFL0C98/DS4ki/NueInPYA5dn1arYbUahmHwBBAw9cnWc4PVtVboud7IqITICNFNkx0kQWZCQwed/Dvo7hjijgn+EWNaessY18OKEGur7qDt3ok+jZVccik5tznPqoIAIvXF86cpLUp3/0UEVQWpk0p1g6vVKhFxCokpdjF0XVytVynFWuvhmMdxbmVmArcDclMTQvTItX5Ifddx5BBYpDFxl1LXp+N+lObLdW3SskdINQnEXUzr1SrF2HdsKsexHQ4FIYs092Rar1bO683TnEvp+/7Z85cXV1ch9mo4TrnWEpnyPB2P43E8UmAz8IZ8u+47pvWQNkP/yXc+HiK3+bC712n0gMS51qqI7qrm+2nRZoZqakVMGhkgWuKYQuD/+f/s3wVAUwgcW26BOKW0WW1i6rpuQGQzCxhiSDHELnbIOE9zzrOZhRBjigvH5YRQ4LJK6MfjUZvE5O4kgUOIxLT8ZozEMYRu6Nfr9d37O2mtijSRmKL7XrYmj3GLJWUAQRcwlQxRDcRV1aeYQ1EoLauoZ5WVWjyVq4rDBEugrp0My8+gWS7FU7zUX15MCNREiPAcEuk6YefXhRi6vu+H1PURCUuux3GaSy6t1FKb6iLuVHMFYkAGcFIA9u7HsICK2lrV2lQEwNyxAxe3H/QQZ6nFpOGiMqC4aDV41a/6FIgbs7UKJcN4sOk4tXqoJZMqgfUxuci/S0lajTG41xBFBJM8N6klLom+HCPFEE8GIa7nC+6k4CkOzqFwj4aFkiat1dKqtgJSQRuUZrnIxcWWOYApAUSCxJiIOsS0mNbEbjE+DEzABOhxj6ou32y1+UicYnD1cWTXyPV93w1D7BdTDEDAMs/TNI5jnuYp5ybaYggvXr5AsC7yZug3m6HvqO+C60TmDLlKqxOAooaA4WJ7eXFx0XXRpRBu4Lnqk2kts87TNE8HUVWwi4utz2px8TqmPvXDMAQKfer7Lg2p62NAsMPhME3jYZ5MtOv6LqY+xkCUmNbD8NHLlxfbi74nxrbfzzmXWqqqHvfHPBc0NAWExRulS+n66vLJ7e3Tm+121c/TcRyPD/vxYX8kjjnPAECmXeQ+8s1mdXuxuur42c325bMnt09XpRxKlft7m0qb2jjVQsxG0MSxeEFwZigthD1VFeP/xb/7757RATDzrCRAWK/WvudHxBSjc6WZGQjmeW5t2Uospua+Wl/SiDwxiY7Hg4h6hPUCcBAzLyqGGGPfdf1qGIa+1RYCO0fw+vY2MItqrcV0STg8RZYsWetgvotctBhOttMFPxcXbpiqQzWLsaFKLqW2Vn1GMBNVvxQ5LK4Hi4qRKXHs+yHEsEg6AM7V4dQ9GCItzCEi9wMAglxqnptYcYs7J2W104tBWLRJLqEbuugBhO4F4p21A4chhK7vuy6d9gUoqqVWt8Zwt8gQQiC3vg4xcmBjViQQgTqbtDrPYymzd1QpxsDUJ/eJib6ndOqBmdZamtTWfGHEMcYYw6mJOBtpmQdqqSwu62erKN+lwiIGXawZD4cJtHHkFAOjkRkZBGIiRx/wFN5wRoOCD60GzowHx8sWy/9FRhHdDyKl1KXodh7ZeUtznnLOc8tFAWy9Gi63q0AQCAMhkw1913dhu1mtVt3VZWSs42SHh6ptdN1eraVLiQP1fRdC6FLqQ1z3/XqdQEVEDoc8TUcV9XwzAOy66D6mfd8xBbfh6WPq+66LoesTMe0PuZY8jeM0TYkjAgZCMwspbjebTz/97m/9zm9vN1tTfX93N89zzbnV5isVU/EuWFWZoO/C1eX2+nL77MntMAwUQp/6169fHQ/7+7v3ZRrRRPJsLTPqytcoq+7iant9fblepZgqYH1zZ3Op47TL8ygqVVVRpTY2MlWnAouaAPC//+/9e3TysdUmKaW+64j44uLCcSNmdlbZYhDGmEuWJjFGIkwpntz7cWGuEDs8Po4jLg79J1oLkZ3SGZ17GzmE4EzvmLqOmDartbu/mVkRcW7/ozhk8N20+Xt2jkRCc3RMzd1W1QCaStPmeVDeETSXb4pUaYtZ+GKItsTS+XAbQxiG3nUQrhVdqsOiEjBc8hUWqyWnDvsgVmoVhXkW1QK6yDodRfVBmplSCG4PzIHdIiQyL4b8rblTVuwCU6BASBC82ToFRp98BCnwohqIYQm5iImYxHkQ42TL1mIZcKDrkouvAADZIseQAjOKmjTJpdWSUwrkwUyBY0wu3VmGfwcqHTn29EU0RAiRYwohcBcwBAAwIMgTtCYEQmCBwzJh4ILNAi29VGD0z8XBA6EXg+szGhRCOLvGOSfMh50TcV5OQXuOXYMBBMZh6FdDF0NgwsTmdgZdikPX9128vbmOMQQSgjrPVmuZ86G1qtLQIMUQmFf94M6OXfIOxfn0+rAfa51EhJlcFejXZyAicN536GJKfd8Pfeq6GBBA81RLLirNTzsgiknfd9fX1xeXF8+fP22t+pdcchVxPU6TtjixgxmBMkEXqOu625ubi4uLp09uN9s1IyJhq1lqPR6P8zzmPM3zkQNSgG7dxUhXF+vLq+2zZzerTRfDRNTmCXKpOR+q1tJExUgWa+CTzbfx//Yf/sNz16BNYghu+r7dbgHQ4y27mEIIMUVmDpFra2bWdV2tzbsGW/J/F/KCsx7GcXRxjl9xcXErBABgwFpKLdV3ITe3N3Qy6Jjn+eHhobSGAKJNFfxR+RB/SospuOOCtBjg+uPksj/8kOlsJqZg5lPPWVFea20i2kRPHrarfliW4UhM1HUdE6vpiSAOp8+5TODEeNrfOzoBS9VYzjCogLoiTE0cZV3oxtL3fTitDRzKDZFdZNFaU1EAaK05/9KhGSJKMS5Bj6oi4r23R9AiU0xdl1LqndGPRGpmrYGotNamXKRKjEE8cAGViJdkqsAOoZipKMQYnMZBjCcuS1iOMy0ODHbylz5T2GKIqUsOv8XoZAjRBvOoeSpgDQ2IgzqBmtDMTopKl4TwUpWZkcOJLgsLZwoXVAsXuxkgot3DvanFFFLq4mIwEEOk2hoA9Cn1fexSTAwRqYuhDxQJiSlFjpFXKV1fbi8vVgDZVPIErVatpdRca0OFvk+Rqe9SHzn9v5s6sx63rRgKk7y8u7xMJuMkTdE2LdBfVqAL+suTppOMbUl37wNlN2+CYMAPlile8pzvaGUMO6eJcFk2cwQAyBZf/juEd37k0MxWSOFaH49HZy0zwWiIVHOZ17n1RgpLb8t6/fryFUldzmfnXAiBQI3RU86t1VpKrbWUUkvZgPqESjEhaK33+/1+Cj/98P44TdZwLaWktKb0cn5ZU6rQBSxKjMFb7/VhH467+OHnH3feIaa0ptwglzzPc60V26i11dEa9FxLHV39+dvvAKi18S7IOuNwfOhtWG298wikUE1TBIDj8YiIrbZeuiI1TdOrx1etVeesaCiRUIK+nXXrmlJKAGA1b8kLMofYyMLQaj2fz9frFREPh6PW/PHTp+fn55TSsixt9FKrxKXJYF1yXAXreutkZZZ+k8yMbdcqRBK6vc9lDiIqSZl0ilxSflG5AoDROt04BDEEAOytKcXWOmu9PH9C1u2j11qdtSGEELz3cTdFZpa6I7wGRMTR4Mbox3tQKwEgWG20YiEgaK2dEV8cO2edswNGqTllQbn10Tp+qyTtIm6E3ntNpebSxoAOIU7amE1QzNI/INKorS+pX6/1PC855TWlNgYq2pxoiIDg9JZxgNDTmnNK27GsNlkzjtGNSPdYG2bvnHfOMG+G+t5769C7mNWnGF8ddjiqt2R1Z0PrWueUU8lNUG61qS29ngiBFLIixdpq430IIUQf5StiCOLTkZav5JpTyuua13S5nCVYwTnnnAs+xN1uv98bY60xvbVaEvYCtTEDIygCJrSGo7feGu+MszpG//hwsFaty+XLM4zeCPqovbduFRmjWJFhFUOIwQfvRKMAMF6+rF+eZ8BUaxGv6nKdc8k0AAG8C9pw8G63m5bL7I09HA5PpycibjjmtMzrMhBqKdMUv3v3Lqe8zEtOyRnz8Opxt9977wnxcr6UUpd1XubFWfP66XWM/nK5lLy21nE0JuQxdtG9O51Op6c47QHw368vn79cz9dzA5K1XUlrK0lBj95YxKfHhx++f//23RMz/vP55XwZaUnMkFttvZZWl5TWnNXff/x1H/Wlda21GmPSmmSVLDrfGAMAhBBEd9xbR0TvvfOu9+6cQyQjAbjaSEBQSkk8js4YvYUCi593A4nB5rDoiHA6vVGKzpdLzlmyreT0J2EtN+ox4F3kfGtzxL55v/ltNNK9NOD/SqwtLpG2FSTjGPdkjVKyCA1ggNFatIP3rHhxmsm5mjUbgZbpzR7vrBlj3MKjAZHkHI0g6zapDmPLg5G4F7WVOI0KERULR1yueYMGKzVuyMwtUeqmPkZhOQ0YW2Zn9T7cFszySWTNmrX1kQhqr7WBor6NUQGRQN5A6uag1JqNtc46IpLqCQMELCTjIrgN50XyQUSKWfovOVFaa4hIEyCgs6yZjbUKlYjNl9TXOU9TUIS3TCiF94ZQFpqEhHccNgKMECMAiOs/FyFjlFprSqv3/ng8xClu8ocbkFZ8D61mhcA0FCEjWK2JQCSozjtpQYhwv8Ujeu9HyymtvddScxL1FysEAGeEiWKc1a+fTjF4743ifp1TbTmn0loTCZ+EXhpjNxfPAKutuSWhGes69CWvy7LWkltvRMCajbGbjJDIGKeUCiH4EErOpZRlrte5LfNXxD4v86dPHzWrXjuNPnrB0RjBObOf9qc3b33chf0u7PzLy7mUjAit5v00MYEmUERasWJ2IT4cHz/88qs2pnehuSfZPbferLOo6D/4aS8cp+J8GQAAACV0RVh0ZGF0ZTpjcmVhdGUAMjAyMi0wOS0xMFQwODo1Mzo0NiswMDowMFzQBgAAAAAldEVYdGRhdGU6bW9kaWZ5ADIwMjItMDktMTBUMDg6NTM6NDYrMDA6MDAtjb68AAAAKHRFWHRkYXRlOnRpbWVzdGFtcAAyMDIyLTA5LTEwVDA4OjUzOjQ2KzAwOjAwepifYwAAAABJRU5ErkJggg==', 4, 550, 66, 600, 'N', 400, 700, 20, '魷魚現捕', 1, 1, 0);
INSERT INTO `product` (`ProductId`, `OwnerId`, `ProductNameSpec`, `ProductPic`, `ProductClassification`, `UnitCost`, `StockQty`, `WarningQty`, `AutoOrderFunction`, `SafeQty`, `UnitSellPrice`, `MinSellQty`, `ProductDesc`, `OnShelf`, `AutoOrderConfirmFunctionStatus`, `ReservedQty`) VALUES
(100004, 1, 'DUCK黃金蝦子', '../img/100004.jpg', 4, 550, 66, 600, 'N', 400, 700, 20, '魷魚現捕', 1, 1, 0),
(100005, 1, 'DUCK黃金蝦子', '../img/100005.jpg', 4, 550, 66, 600, 'N', 400, 700, 20, '魷魚現捕', 1, 1, 0),
(100006, 1, 'DUCK黃金蝦子', '../img/100006.jpg', 4, 550, 66, 600, 'N', 400, 700, 20, '魷魚現捕', 1, 1, 0),
(100007, 1, 'DUCK黃金蝦子', '../img/100007.jpg', 4, 550, 66, 600, 'N', 400, 700, 20, '魷魚現捕', 1, 1, 0),
(100008, 1, 'DUCK黃金蝦子', '../img/100008.jpg', 4, 550, 66, 600, 'N', 400, 700, 20, '魷魚現捕', 1, 1, 0),
(200001, 2, '2號的秋刀魚', 'NoPic', 3, 500, 600, 0, 'N', 450, 1000, 50, '好吃喔', 1, 1, NULL),
(200002, 2, '2號的魷魚', 'NoPic', 4, 400, 500, 0, 'N', 450, 1000, 50, '很好吃喔', 1, 1, NULL);

-- --------------------------------------------------------

--
-- 資料表結構 `productclassification`
--

CREATE TABLE `productclassification` (
  `ClassId` int(11) NOT NULL,
  `ClassDesc` char(200) NOT NULL
) ENGINE=InnoDB DEFAULT CHARSET=utf8;

--
-- 傾印資料表的資料 `productclassification`
--

INSERT INTO `productclassification` (`ClassId`, `ClassDesc`) VALUES
(1, '螃蟹類'),
(2, '貝類'),
(3, '蝦類'),
(4, '魚類'),
(5, '管魷類');

-- --------------------------------------------------------

--
-- 資料表結構 `supplierproductforownerproduct`
--

CREATE TABLE `supplierproductforownerproduct` (
  `ProductId` int(11) NOT NULL,
  `SupplierProductId` int(11) NOT NULL,
  `SupplierId` int(11) NOT NULL
) ENGINE=InnoDB DEFAULT CHARSET=utf8;

--
-- 傾印資料表的資料 `supplierproductforownerproduct`
--

INSERT INTO `supplierproductforownerproduct` (`ProductId`, `SupplierProductId`, `SupplierId`) VALUES
(200001, 100001, 1),
(100001, 200001, 2),
(100002, 200002, 2);

-- --------------------------------------------------------

--
-- 資料表結構 `systemnoticemessage`
--

CREATE TABLE `systemnoticemessage` (
  `MessageId` int(11) NOT NULL,
  `MessageContent` char(255) NOT NULL,
  `ReceiverId` int(11) NOT NULL,
  `MessageRead` int(11) NOT NULL DEFAULT '0'
) ENGINE=InnoDB DEFAULT CHARSET=utf8;

--
-- 傾印資料表的資料 `systemnoticemessage`
--

INSERT INTO `systemnoticemessage` (`MessageId`, `MessageContent`, `ReceiverId`, `MessageRead`) VALUES
(1, '請盡快安排訂單#220101574出貨。', 1, 0),
(2, '#220154879訂單已完成撿貨及出貨。', 2, 0),
(3, '庫存商品牛奶貝已向XXX供應商自動補貨，等待XXX供應商確認。', 3, 0),
(4, '收到XXX廠商的鱸魚訂單，請於2022/09/08 10:30前進行訂單確認。', 1, 1),
(5, '訂單#220154666的貨品已送達採購商。', 1, 0);

-- --------------------------------------------------------

--
-- 替換檢視表以便查看 `view_companyfollowinglist_accounts`
-- (請參考以下實際畫面)
--
CREATE TABLE `view_companyfollowinglist_accounts` (
`BuyerId` int(11)
,`SellerId` int(11)
,`CompanyName` char(60)
,`Mobile` char(30)
,`TaxId` char(20)
,`Address` char(255)
,`Email` char(60)
,`ContactPerson` char(60)
,`ContactPersonNum` char(30)
,`Fax` char(30)
,`BankAccount` char(30)
,`BankName` char(60)
,`BankSwiftCode` int(11)
,`LineAccount` char(60)
);

-- --------------------------------------------------------

--
-- 替換檢視表以便查看 `view_product_order_orderdetails`
-- (請參考以下實際畫面)
--
CREATE TABLE `view_product_order_orderdetails` (
`ProductId` int(11)
,`CompanyName` char(60)
,`OrderId` char(60)
,`OrderStatus` int(11)
,`OwnerId` int(11)
,`UnitCost` int(11)
,`StockQty` int(11)
,`WarningQty` int(11)
,`OrderQty` int(11)
,`BuyerId` int(11)
,`UnitDealPrice` int(11)
,`SafeQty` int(11)
,`ProductNameSpec` char(30)
,`DeliveryOrderId` char(60)
,`DeliveryOrderRemark` char(60)
,`OrderTime` datetime
,`AcceptOrderTime` datetime
,`ExportTime` datetime
,`ArriveOrderTime` datetime
,`CompleteOrderTime` datetime
,`CancelOrderTime` datetime
,`ProductPic` longtext
,`AutoOrderFunction` char(30)
,`UnitSellPrice` int(11)
,`MinSellQty` int(11)
,`ProductDesc` char(255)
,`OnShelf` int(11)
,`AutoOrderConfirmFunctionStatus` int(11)
,`ReservedQty` int(11)
,`PaymentTerms` char(30)
);

-- --------------------------------------------------------

--
-- 檢視表結構 `duck`
--
DROP TABLE IF EXISTS `duck`;

CREATE ALGORITHM=UNDEFINED DEFINER=`root`@`localhost` SQL SECURITY DEFINER VIEW `duck`  AS SELECT `product`.`ProductId` AS `ProductId`, `product`.`StockQty` AS `StockQty`, `product`.`WarningQty` AS `WarningQty`, `orderdetails`.`OrderQty` AS `OrderQty`, `orders`.`OrderStatus` AS `OrderStatus`, `orderdetails`.`OrderId` AS `OrderId`, `product`.`SafeQty` AS `SafeQty`, `product`.`ProductNameSpec` AS `ProductNameSpec` FROM ((`product` left join `orderdetails` on((`product`.`ProductId` = `orderdetails`.`SellerProductId`))) left join `orders` on((`orderdetails`.`OrderId` = `orders`.`OrderId`)))  ;

-- --------------------------------------------------------

--
-- 檢視表結構 `view_companyfollowinglist_accounts`
--
DROP TABLE IF EXISTS `view_companyfollowinglist_accounts`;

CREATE ALGORITHM=UNDEFINED DEFINER=`root`@`localhost` SQL SECURITY DEFINER VIEW `view_companyfollowinglist_accounts`  AS SELECT `companyfollowinglist`.`BuyerId` AS `BuyerId`, `companyfollowinglist`.`SellerId` AS `SellerId`, `accounts`.`CompanyName` AS `CompanyName`, `accounts`.`Mobile` AS `Mobile`, `accounts`.`TaxId` AS `TaxId`, `accounts`.`Address` AS `Address`, `accounts`.`Email` AS `Email`, `accounts`.`ContactPerson` AS `ContactPerson`, `accounts`.`ContactPersonNum` AS `ContactPersonNum`, `accounts`.`Fax` AS `Fax`, `accounts`.`BankAccount` AS `BankAccount`, `accounts`.`BankName` AS `BankName`, `accounts`.`BankSwiftCode` AS `BankSwiftCode`, `accounts`.`LineAccount` AS `LineAccount` FROM (`companyfollowinglist` left join `accounts` on((`companyfollowinglist`.`SellerId` = `accounts`.`AccountId`)))  ;

-- --------------------------------------------------------

--
-- 檢視表結構 `view_product_order_orderdetails`
--
DROP TABLE IF EXISTS `view_product_order_orderdetails`;

CREATE ALGORITHM=UNDEFINED DEFINER=`root`@`localhost` SQL SECURITY DEFINER VIEW `view_product_order_orderdetails`  AS SELECT `product`.`ProductId` AS `ProductId`, `accounts`.`CompanyName` AS `CompanyName`, `orders`.`OrderId` AS `OrderId`, `orders`.`OrderStatus` AS `OrderStatus`, `product`.`OwnerId` AS `OwnerId`, `product`.`UnitCost` AS `UnitCost`, `product`.`StockQty` AS `StockQty`, `product`.`WarningQty` AS `WarningQty`, `orderdetails`.`OrderQty` AS `OrderQty`, `orders`.`BuyerId` AS `BuyerId`, `orderdetails`.`UnitDealPrice` AS `UnitDealPrice`, `product`.`SafeQty` AS `SafeQty`, `product`.`ProductNameSpec` AS `ProductNameSpec`, `orders`.`DeliveryOrderId` AS `DeliveryOrderId`, `orders`.`DeliveryOrderRemark` AS `DeliveryOrderRemark`, `orders`.`OrderTime` AS `OrderTime`, `orders`.`AcceptOrderTime` AS `AcceptOrderTime`, `orders`.`ExportTime` AS `ExportTime`, `orders`.`ArriveOrderTime` AS `ArriveOrderTime`, `orders`.`CompleteOrderTime` AS `CompleteOrderTime`, `orders`.`CancelOrderTime` AS `CancelOrderTime`, `product`.`ProductPic` AS `ProductPic`, `product`.`AutoOrderFunction` AS `AutoOrderFunction`, `product`.`UnitSellPrice` AS `UnitSellPrice`, `product`.`MinSellQty` AS `MinSellQty`, `product`.`ProductDesc` AS `ProductDesc`, `product`.`OnShelf` AS `OnShelf`, `product`.`AutoOrderConfirmFunctionStatus` AS `AutoOrderConfirmFunctionStatus`, `product`.`ReservedQty` AS `ReservedQty`, `orders`.`PaymentTerms` AS `PaymentTerms` FROM (((`product` left join `orderdetails` on((`product`.`ProductId` = `orderdetails`.`SellerProductId`))) left join `orders` on((`orderdetails`.`OrderId` = `orders`.`OrderId`))) left join `accounts` on((`orders`.`BuyerId` = `accounts`.`AccountId`)))  ;

--
-- 已傾印資料表的索引
--

--
-- 資料表索引 `accounts`
--
ALTER TABLE `accounts`
  ADD PRIMARY KEY (`AccountId`),
  ADD UNIQUE KEY `Account` (`Account`);

--
-- 資料表索引 `autoorderconfirmfunctionstatus`
--
ALTER TABLE `autoorderconfirmfunctionstatus`
  ADD PRIMARY KEY (`StatusId`);

--
-- 資料表索引 `companyfollowinglist`
--
ALTER TABLE `companyfollowinglist`
  ADD PRIMARY KEY (`BuyerId`,`SellerId`),
  ADD KEY `SellerFollowFk` (`SellerId`);

--
-- 資料表索引 `orderdetails`
--
ALTER TABLE `orderdetails`
  ADD PRIMARY KEY (`OrderId`,`SellerProductId`),
  ADD KEY `FkSellerProductId` (`SellerProductId`);

--
-- 資料表索引 `orders`
--
ALTER TABLE `orders`
  ADD PRIMARY KEY (`OrderId`),
  ADD KEY `FkOrderStatus` (`OrderStatus`),
  ADD KEY `FkBuyerId` (`BuyerId`),
  ADD KEY `FkSellerId` (`SellerId`);

--
-- 資料表索引 `orderstatus`
--
ALTER TABLE `orderstatus`
  ADD PRIMARY KEY (`StatusId`);

--
-- 資料表索引 `product`
--
ALTER TABLE `product`
  ADD PRIMARY KEY (`ProductId`),
  ADD KEY `cahainstatus` (`AutoOrderConfirmFunctionStatus`),
  ADD KEY `cahainsellid` (`OwnerId`),
  ADD KEY `cahainclass` (`ProductClassification`);

--
-- 資料表索引 `productclassification`
--
ALTER TABLE `productclassification`
  ADD PRIMARY KEY (`ClassId`);

--
-- 資料表索引 `supplierproductforownerproduct`
--
ALTER TABLE `supplierproductforownerproduct`
  ADD PRIMARY KEY (`ProductId`,`SupplierProductId`),
  ADD KEY `chainofproductid` (`ProductId`),
  ADD KEY `chain` (`SupplierId`),
  ADD KEY `chain2` (`SupplierProductId`);

--
-- 資料表索引 `systemnoticemessage`
--
ALTER TABLE `systemnoticemessage`
  ADD PRIMARY KEY (`MessageId`),
  ADD KEY `NoticeFk` (`ReceiverId`);

--
-- 在傾印的資料表使用自動遞增(AUTO_INCREMENT)
--

--
-- 使用資料表自動遞增(AUTO_INCREMENT) `accounts`
--
ALTER TABLE `accounts`
  MODIFY `AccountId` int(11) NOT NULL AUTO_INCREMENT, AUTO_INCREMENT=6;

--
-- 使用資料表自動遞增(AUTO_INCREMENT) `autoorderconfirmfunctionstatus`
--
ALTER TABLE `autoorderconfirmfunctionstatus`
  MODIFY `StatusId` int(11) NOT NULL AUTO_INCREMENT, AUTO_INCREMENT=5;

--
-- 使用資料表自動遞增(AUTO_INCREMENT) `orderstatus`
--
ALTER TABLE `orderstatus`
  MODIFY `StatusId` int(11) NOT NULL AUTO_INCREMENT, AUTO_INCREMENT=8;

--
-- 使用資料表自動遞增(AUTO_INCREMENT) `productclassification`
--
ALTER TABLE `productclassification`
  MODIFY `ClassId` int(11) NOT NULL AUTO_INCREMENT, AUTO_INCREMENT=6;

--
-- 使用資料表自動遞增(AUTO_INCREMENT) `systemnoticemessage`
--
ALTER TABLE `systemnoticemessage`
  MODIFY `MessageId` int(11) NOT NULL AUTO_INCREMENT, AUTO_INCREMENT=6;

--
-- 已傾印資料表的限制式
--

--
-- 資料表的限制式 `companyfollowinglist`
--
ALTER TABLE `companyfollowinglist`
  ADD CONSTRAINT `BuyerFollowFk` FOREIGN KEY (`BuyerId`) REFERENCES `accounts` (`AccountId`),
  ADD CONSTRAINT `SellerFollowFk` FOREIGN KEY (`SellerId`) REFERENCES `accounts` (`AccountId`);

--
-- 資料表的限制式 `orderdetails`
--
ALTER TABLE `orderdetails`
  ADD CONSTRAINT `FkOrderId` FOREIGN KEY (`OrderId`) REFERENCES `orders` (`OrderId`),
  ADD CONSTRAINT `FkSellerProductId` FOREIGN KEY (`SellerProductId`) REFERENCES `product` (`ProductId`);

--
-- 資料表的限制式 `orders`
--
ALTER TABLE `orders`
  ADD CONSTRAINT `FkBuyerId` FOREIGN KEY (`BuyerId`) REFERENCES `accounts` (`AccountId`),
  ADD CONSTRAINT `FkOrderStatus` FOREIGN KEY (`OrderStatus`) REFERENCES `orderstatus` (`StatusId`),
  ADD CONSTRAINT `FkSellerId` FOREIGN KEY (`SellerId`) REFERENCES `accounts` (`AccountId`);

--
-- 資料表的限制式 `product`
--
ALTER TABLE `product`
  ADD CONSTRAINT `cahainclass` FOREIGN KEY (`ProductClassification`) REFERENCES `productclassification` (`ClassId`),
  ADD CONSTRAINT `cahainsellid` FOREIGN KEY (`OwnerId`) REFERENCES `accounts` (`AccountId`),
  ADD CONSTRAINT `cahainstatus` FOREIGN KEY (`AutoOrderConfirmFunctionStatus`) REFERENCES `autoorderconfirmfunctionstatus` (`StatusId`);

--
-- 資料表的限制式 `supplierproductforownerproduct`
--
ALTER TABLE `supplierproductforownerproduct`
  ADD CONSTRAINT `chain` FOREIGN KEY (`SupplierId`) REFERENCES `accounts` (`AccountId`),
  ADD CONSTRAINT `chain2` FOREIGN KEY (`SupplierProductId`) REFERENCES `product` (`ProductId`),
  ADD CONSTRAINT `chainofproductid` FOREIGN KEY (`ProductId`) REFERENCES `product` (`ProductId`);

--
-- 資料表的限制式 `systemnoticemessage`
--
ALTER TABLE `systemnoticemessage`
  ADD CONSTRAINT `NoticeFk` FOREIGN KEY (`ReceiverId`) REFERENCES `accounts` (`AccountId`);
COMMIT;

/*!40101 SET CHARACTER_SET_CLIENT=@OLD_CHARACTER_SET_CLIENT */;
/*!40101 SET CHARACTER_SET_RESULTS=@OLD_CHARACTER_SET_RESULTS */;
/*!40101 SET COLLATION_CONNECTION=@OLD_COLLATION_CONNECTION */;
